"RespNumb","SAMPLE","VERSION","demog_age_list","demog_state","demog_state_region","weather_pastwinter","weather_snow","weather_pastsummer_v2","weather_today","gw_belief","believer_confidence","believer_cause","believer_factor_open","believer_factor_open_coded","believer_factor_glaciers","believer_factor_warmer","believer_factor_models","believer_factor_hurricane","believer_factor_mildwint","believer_factor_polarbrs","believer_factor_droughts","believer_factor_extremes","nonbeliever_confidence","nonbeliever_factor_open","nonbeliever_factor_open_coded","nonbeliever_factor_weath","nonbeliever_factor_scievid","nonbeliever_factor_distort","weather_extremes","weather_gwimpact","demog_race","demog_relig","demog_relig_evang","demog_edu","demog_news","demog_polparty","demog_polviews","demog_income","demog_gender","DATE","TotalWeight"
1,"C","A",3,"NC",2,5,5,5,5,98,,,,,,,,,,,,,,,,,,,1,2,2,6,,3,1,1,4,2,2,"4/5/2016 5:09:46 P",1.4
2,"C","A",3,"NV",4,1,6,2,2,1,1,2,"MORE HOTTER OUT",2,4,98,98,4,1,4,2,2,,,,,,,1,1,2,2,,2,1,1,3,1,2,"4/5/2016 5:11:41 P",1.6
3,"C","A",2,"FL",2,5,6,5,5,98,,,,,,,,,,,,,,,,,,,98,98,98,6,,4,98,4,2,3,1,"4/5/2016 5:11:45 P",0.925
4,"C","A",3,"NV",4,3,1,5,5,2,,,,,,,,,,,,,1,"ALL CYCLICAL",2,2,1,1,3,4,1,2,,3,1,2,1,2,1,"4/5/2016 5:15:50 P",0.835
5,"C","A",1,"CO",4,5,1,1,5,1,2,1,"EXTERMINATION OF FORESTS AROUND THE WORLD",10,1,1,2,1,3,2,2,1,,,,,,,3,2,9,2,,3,5,4,4,2,1,"4/5/2016 5:23:30 P",2.205
6,"C","A",2,"MA",1,1,4,5,3,1,1,1,"CHEMICAL WASTE",8,2,1,2,1,1,2,2,1,,,,,,,1,1,10,2,,4,3,4,98,,1,"4/5/2016 5:24:47 P",0.925
7,"C","A",3,"IA",3,5,3,5,5,1,3,2,"A CYCLE THAT WERE IN",9,3,3,2,3,4,98,1,2,,,,,,,3,4,1,1,1,3,1,4,3,4,1,"4/5/2016 5:26:32 P",0.835
8,"C","A",3,"NC",2,5,5,5,5,2,,,,,,,,,,,,,1,"TEMPS GO THRU PHASES",2,4,4,4,3,4,1,1,2,2,5,2,1,4,1,"4/5/2016 5:26:59 P",0.935
9,"C","A",1,"TX",2,2,6,5,5,1,2,2,"DATA REPORTS",4,3,4,2,1,4,4,1,1,,,,,,,1,2,1,1,98,4,5,2,3,4,2,"4/5/2016 5:29:58 P",1.29
10,"C","A",4,"WA",4,1,4,1,1,1,1,1,"MAN  FOSSIL FUELS",8,1,1,1,1,3,1,1,1,,,,,,,1,1,1,6,,5,2,4,3,,1,"4/5/2016 5:45:19 P",0.135
11,"C","A",3,"PA",1,2,4,2,4,98,,,,,,,,,,,,,,,,,,,1,2,1,1,2,3,1,4,2,5,2,"4/5/2016 5:47:16 P",1.1
12,"C","A",2,"FL",2,5,6,5,3,2,,,,,,,,,,,,,2,"BECAUSE OF THE COLDER WINTERS",1,1,4,4,3,3,1,1,98,4,5,2,3,,1,"4/5/2016 5:49:48 P",0.925
13,"C","A",2,"GA",2,2,4,2,5,98,,,,,,,,,,,,,,,,,,,1,1,,1,2,3,1,1,4,,2,"4/5/2016 5:51:06 P",1.27
14,"C","A",2,"DC",2,5,1,5,4,2,,,,,,,,,,,,,2,"WHAT THE MEDIA PUTS OUT THERE FOR INFORMATION",4,2,4,4,3,2,5,6,,5,4,3,,6,1,"4/5/2016 5:51:39 P",1.115
15,"C","A",3,"FL",2,5,6,5,1,1,2,1,"THE GRASS IS GREENER EVEY YEAR",14,2,2,2,1,1,98,3,1,,,,,,,1,2,1,1,98,2,1,4,3,3,1,"4/5/2016 5:55:18 P",0.935
16,"C","A",1,"WA",4,2,6,5,2,1,1,1,"BECAUSE OF GREEN HOUSE GASES",8,1,3,2,1,2,2,1,1,,,,,,,1,1,1,6,,4,5,1,5,3,2,"4/5/2016 5:59:11 P",1.29
17,"C","A",2,"PA",1,1,2,2,3,1,1,3,"THING THAT HE READ",6,1,2,1,1,1,2,1,2,,,,,,,3,1,1,2,,4,5,1,3,5,1,"4/5/2016 5:59:30 P",0.875
18,"C","A",1,"FL",2,1,6,98,98,1,1,1,"GLACIER CLIMATE STUDIES",4,1,2,3,2,1,1,1,1,,,,,,,1,2,1,3,,4,5,1,98,,1,"4/5/2016 6:00:41 P",0.975
19,"C","A",4,"TN",2,98,2,5,5,1,1,1,"LISTENING TO EXPERTS",4,1,3,1,3,3,1,1,1,,,,,,,1,1,1,6,,5,4,1,4,4,1,"4/5/2016 6:11:10 P",0.135
20,"C","A",1,"GA",2,4,4,1,1,1,1,1,"WEATHER CHANGES",3,1,1,1,1,4,1,1,1,,,,,,,1,1,9,6,,2,5,1,3,2,1,"4/5/2016 6:13:52 P",2.305
21,"C","A",3,"MS",2,5,6,5,5,1,1,1,"FROM WHAT SHES READ AND HEARD",6,1,2,98,1,2,1,1,1,,,,,,,1,1,5,6,,5,5,1,4,5,2,"4/5/2016 6:16:18 P",1.25
22,"C","A",4,"WY",4,2,3,5,5,1,1,1,"NOT SURE",10,3,3,4,2,2,98,3,2,,,,,,,3,2,9,2,,3,2,1,98,1,2,"4/5/2016 6:17:04 P",2.15
23,"C","A",3,"OH",3,5,3,2,4,98,,,,,,,,,,,,,,,,,,,3,3,1,2,,2,1,2,98,4,1,"4/5/2016 6:19:24 P",0.935
24,"C","A",2,"MA",1,2,2,5,3,1,1,1,"FROM DOCUMENTARY I HAVE SEEN",6,1,2,3,3,2,4,2,2,,,,,,,1,1,1,3,,5,1,1,3,5,2,"4/5/2016 6:20:43 P",0.82
25,"C","A",3,"MN",3,5,2,5,3,1,2,3,"MORE RAIN",3,2,2,3,2,2,2,3,2,,,,,,,3,2,1,1,1,4,1,1,2,4,1,"4/5/2016 6:30:57 P",0.805
26,"C","A",4,"TX",2,2,6,1,5,98,,,,,,,,,,,,,,,,,,,3,98,1,1,1,5,1,2,2,3,2,"4/5/2016 6:37:28 P",0.45
27,"C","A",4,"OH",3,1,3,5,3,1,2,3,"GLAICERS ARE MELTING",1,1,3,2,2,3,98,1,1,,,,,,,1,1,1,1,2,4,5,1,2,,2,"4/5/2016 6:38:34 P",0.82
28,"C","A",1,"CT",1,2,4,5,4,1,1,1,"POLUTION",8,1,1,98,98,1,98,1,4,,,,,,,1,98,10,,,3,5,4,98,,2,"4/5/2016 6:42:24 P",1.2
29,"C","A",3,"WI",3,2,3,3,3,2,,,,,,,,,,,,,1,"PATERNS",2,3,2,4,1,4,1,1,98,3,1,4,3,6,1,"4/5/2016 6:43:37 P",0.845
30,"C","A",4,"GA",2,2,4,5,2,1,2,1,"BURNING OF FOSSIL FUELS",8,98,3,4,2,3,2,4,3,,,,,,,3,1,1,1,2,2,2,2,1,4,1,"4/5/2016 6:46:21 P",0.635
31,"C","A",2,"WI",3,5,3,2,3,98,,,,,,,,,,,,,,,,,,,3,98,1,1,1,5,1,98,98,4,1,"4/5/2016 6:47:19 P",0.555
32,"C","A",2,"FL",2,2,6,5,3,2,,,,,,,,,,,,,1,"TEMPERTURE, SATELLITE",5,2,1,1,3,3,1,,,4,1,,,6,1,"4/5/2016 6:48:50 P",0.935
33,"C","A",4,"GA",2,5,6,3,5,98,,,,,,,,,,,,,,,,,,,1,98,1,2,,4,1,2,2,2,1,"4/5/2016 6:49:03 P",0.505
34,"C","A",3,"IL",3,2,4,98,5,98,,,,,,,,,,,,,,,,,,,3,4,1,1,1,3,1,2,2,6,1,"4/5/2016 6:49:51 P",0.845
35,"C","A",3,"MN",3,2,4,5,3,98,,,,,,,,,,,,,,,,,,,1,98,1,1,1,3,1,4,2,1,2,"4/5/2016 6:51:50 P",1.25
36,"C","A",1,"KY",2,1,1,3,5,1,1,1,"SCIENCE",4,2,1,1,4,4,98,2,1,,,,,,,1,1,1,,,4,5,4,3,3,1,"4/5/2016 6:55:37 P",0.975
37,"C","B",3,"WI",3,2,2,1,3,1,1,3,"DATA",4,1,3,98,2,3,1,2,1,,,,,,,1,2,1,1,98,2,5,1,4,2,1,"4/5/2016 7:28:24 P",0.935
38,"C","B",3,"CO",4,2,5,5,2,1,2,1,"CHANGE IN TEMPS",2,2,2,2,1,4,4,2,1,,,,,,,1,1,1,1,2,5,5,4,1,3,1,"4/5/2016 7:28:31 P",0.435
39,"C","B",2,"CA",4,1,6,5,2,1,1,1,"NEWS",6,1,1,1,1,1,3,1,1,,,,,,,1,1,5,,,5,5,,,,1,"4/5/2016 7:30:45 P",1.105
40,"C","B",1,"TX",2,2,6,1,2,1,1,1,"CHANGE IN THE TEMPERATURE",2,1,1,2,1,1,2,1,1,,,,,,,1,1,5,4,,5,5,1,4,4,1,"4/5/2016 7:45:58 P",1.155
41,"C","B",1,"NV",4,3,1,1,2,1,1,1,"POPULATION",13,2,2,98,1,1,98,1,4,,,,,,,1,3,9,2,,3,5,4,4,6,1,"4/5/2016 7:46:16 P",2.215
42,"C","B",1,"IL",3,2,5,5,5,1,1,1,"SCIENCE",4,1,2,98,98,3,98,2,4,,,,,,,98,1,1,,,4,5,4,4,98,1,"4/5/2016 7:49:41 P",0.975
43,"C","B",3,"MA",1,2,2,1,2,1,1,1,"WINTER IS TOO WARM",2,1,1,2,1,1,1,1,1,,,,,,,1,1,1,2,,5,2,1,2,6,1,"4/5/2016 7:53:40 P",0.445
44,"C","B",3,"PA",1,2,3,2,3,1,1,3,"WEATHER",3,1,1,2,2,2,2,1,2,,,,,,,1,2,,,,4,5,,,,1,"4/5/2016 7:56:51 P",0.805
45,"C","B",1,"CA",4,5,6,1,2,1,1,3,"PROPER EDUCATION",10,2,1,1,3,4,2,1,4,,,,,,,1,1,2,5,,2,5,4,4,6,2,"4/5/2016 7:59:43 P",1.68
46,"C","B",1,"ID",4,2,2,2,5,1,1,1,"CERTAIN AMOUNT OF WARMING IS COMMON",2,2,3,98,3,3,3,2,2,,,,,,,3,2,1,1,2,3,5,3,3,4,1,"4/5/2016 8:00:40 P",1.005
47,"C","B",3,"OH",3,5,5,3,4,1,2,2,"DATA",4,4,4,4,4,4,4,4,4,,,,,,,3,4,1,6,,3,5,4,1,3,1,"4/5/2016 8:02:48 P",0.835
48,"C","A",2,"GA",2,5,6,2,5,2,,,,,,,,,,,,,1,"HISTORY",5,2,4,1,3,3,2,,,2,1,1,3,,1,"4/5/2016 8:11:59 P",1.305
49,"C","A",4,"CO",4,2,3,3,3,1,1,1,"YOU CAN SEE ALL OVER",2,1,1,1,1,2,1,1,1,,,,,,,1,1,1,6,,5,1,1,4,2,2,"4/5/2016 8:12:54 P",0.45
50,"C","A",1,"MI",3,2,4,2,2,1,2,1,"NONE",10,2,2,98,2,2,1,1,2,,,,,,,1,1,1,6,,3,5,4,3,1,2,"4/5/2016 8:18:58 P",1.42
51,"C","A",1,"FL",2,4,6,5,5,98,,,,,,,,,,,,,,,,,,,3,1,9,2,,4,1,4,2,5,2,"4/5/2016 8:23:00 P",2.44
52,"C","A",1,"GA",2,98,6,5,5,1,3,2,"EARTH IS TRYING TO REBALANCE ITSELF",10,1,2,4,2,2,1,1,1,,,,,,,3,2,1,6,,4,5,3,3,2,1,"4/5/2016 8:25:10 P",0.975
53,"C","A",1,"CA",4,5,6,1,5,1,2,3,"FOSSIL FUELS",8,1,2,4,2,1,1,3,2,,,,,,,3,1,2,6,,3,1,98,98,,1,"4/5/2016 8:28:03 P",1.255
54,"C","A",2,"FL",2,2,6,1,5,1,4,1,"SEE IT EVERYWHERE",2,1,1,3,1,4,1,1,1,,,,,,,1,1,9,2,,4,5,1,4,5,1,"4/5/2016 8:32:19 P",2.075
55,"C","A",3,"WA",4,5,1,5,5,2,,,,,,,,,,,,,98,"SCIENCE HAS BEEN DEBUNKED",5,4,2,2,1,98,1,1,2,5,5,4,3,,1,"4/5/2016 8:33:51 P",0.435
56,"C","A",1,"NY",1,1,4,5,5,1,1,1,"ICE MELTING",1,1,2,1,2,1,2,2,2,,,,,,,1,1,1,6,,5,5,4,98,6,2,"4/5/2016 8:37:12 P",0.93
57,"C","A",2,"TX",2,2,6,5,2,1,1,1,"MORE ERRATIC",3,1,3,2,3,3,2,2,2,,,,,,,1,1,1,1,2,4,5,1,4,6,2,"4/5/2016 8:37:15 P",1.25
58,"C","A",3,"CO",4,5,2,5,5,1,3,98,"GLACIERS MELTING",1,2,4,4,4,4,4,4,4,,,,,,,3,4,1,1,2,5,2,2,3,6,1,"4/5/2016 8:42:06 P",0.445
59,"C","A",1,"IL",3,2,4,5,4,1,1,1,"FROM  STUDIES",4,1,1,1,2,2,1,1,1,,,,,,,3,1,9,6,,3,5,4,4,5,2,"4/5/2016 8:42:32 P",2.47
60,"C","A",3,"FL",2,5,6,2,3,1,1,1,"SCIENTIST",4,1,2,3,4,3,2,2,2,,,,,,,1,1,,,,5,2,,,,1,"4/5/2016 8:43:48 P",0.435
61,"C","A",1,"CA",4,2,6,5,5,2,,,,,,,,,,,,,1,"NATURAL EARTHS PATTERNS",2,3,2,2,1,3,1,6,,3,5,4,4,98,1,"4/5/2016 8:43:58 P",1.005
62,"C","A",3,"DE",2,4,5,5,3,2,,,,,,,,,,,,,3,"FROM MY OBSEVENCE",1,2,3,2,1,1,2,1,2,2,1,1,5,2,1,"4/5/2016 8:46:33 P",1.185
63,"C","A",4,"WA",4,2,5,2,5,1,1,1,"TV",6,1,2,98,2,2,2,2,1,,,,,,,1,1,1,1,2,4,1,1,4,,2,"4/5/2016 8:50:57 P",0.82
64,"C","A",1,"NJ",1,2,4,5,4,1,1,3,"CLIMATE CHANGES AND MEDIA",3,1,3,98,3,2,4,1,2,,,,,,,3,2,1,3,,2,5,1,4,6,1,"4/5/2016 8:51:21 P",1.115
65,"C","A",2,"FL",2,1,6,1,5,1,1,1,"GREEN HOUSE GASES",8,1,1,1,1,2,98,2,2,,,,,,,1,1,10,1,98,2,5,,,2,1,"4/5/2016 8:51:55 P",1.055
66,"C","A",4,"WA",4,3,2,2,3,98,,,,,,,,,,,,,,,,,,,1,98,1,1,2,3,1,2,1,2,1,"4/5/2016 8:52:05 P",0.535
67,"C","A",2,"WA",4,5,4,4,3,1,1,3,"READING",6,1,1,,3,2,3,2,2,,,,,,,1,1,,,,4,5,,,,2,"4/5/2016 8:56:49 P",1.24
68,"C","A",3,"CA",4,2,6,3,1,1,1,3,"GLOBAL WARMING",2,2,2,3,3,2,98,1,4,,,,,,,1,2,5,1,2,4,1,3,1,,2,"4/6/2016 7:57:04 P",1.67
69,"C","A",1,"CA",4,2,3,2,3,1,1,1,"WEATHER CHANGES",3,1,2,1,1,2,3,2,2,,,,,,,1,1,9,2,,3,5,1,3,1,1,"4/6/2016 7:57:20 P",2.305
70,"C","A",3,"CA",4,4,4,2,4,1,1,1,"IGNORING PROGRAMS",10,1,1,1,1,3,1,1,1,,,,,,,1,1,10,6,,3,5,3,5,3,1,"4/6/2016 8:03:37 P",0.735
71,"C","A",3,"MD",2,4,1,5,3,98,,,,,,,,,,,,,,,,,,,1,1,1,6,,2,1,1,2,4,1,"4/6/2016 8:06:56 P",0.935
72,"C","A",4,"AZ",4,2,6,2,5,1,1,3,"CARBONS IN THE ATMOSPHERE",10,2,3,2,3,3,3,3,3,,,,,,,3,2,1,7,,4,5,4,2,3,1,"4/6/2016 8:25:43 P",0.505
73,"C","A",1,"IL",3,2,3,5,3,2,,,,,,,,,,,,,1,"STEADY RECENT WEATHER",1,98,98,4,3,2,1,2,,4,5,2,3,5,1,"4/6/2016 8:27:25 P",0.925
74,"C","A",3,"WI",3,2,3,3,3,1,1,98,"NO COMMENT",10,2,3,98,2,3,98,2,2,,,,,,,1,2,1,2,,2,1,2,2,3,2,"4/6/2016 8:30:37 P",1.25
75,"C","A",4,"CA",4,2,6,5,2,1,1,1,"HUMAN",8,1,1,1,4,2,1,1,1,,,,,,,1,1,,1,1,4,1,1,4,2,1,"4/6/2016 8:31:46 P",0.505
76,"C","A",4,"CA",4,2,6,5,3,1,2,1,"CONTAMINATION",8,2,3,2,1,4,1,1,1,,,,,,,1,2,9,6,,1,1,1,3,2,1,"4/6/2016 8:33:43 P",2.035
77,"C","A",3,"CT",1,5,4,1,5,1,1,3,"SUNS BEATING OFF THE OCEAN DEPLETES THE OZONE LAYER",10,1,1,2,2,3,2,1,1,,,,,,,1,1,1,6,,3,5,4,3,2,1,"4/6/2016 8:34:26 P",0.835
78,"C","A",2,"CT",1,2,4,5,4,1,1,3,"WEATHER",3,4,2,1,1,1,1,1,2,,,,,,,1,1,,,,3,5,,,6,1,"4/6/2016 8:36:59 P",0.965
79,"C","A",4,"FL",2,2,6,5,5,1,1,3,"ICE CAPS",1,1,3,3,1,3,3,2,2,,,,,,,1,2,1,1,2,5,98,4,3,4,1,"4/6/2016 8:38:11 P",0.135
80,"C","A",2,"CA",4,3,6,1,1,1,2,98,"DEFORESTRATION / POLAR ICE CAPS MELTING",10,1,2,1,1,1,1,1,2,,,,,,,1,1,10,6,,4,1,3,4,5,2,"4/6/2016 8:45:11 P",1.07
81,"C","A",3,"IL",3,5,3,4,4,2,,,,,,,,,,,,,1,"NORMAL CYCLE",2,1,2,4,3,4,1,1,98,3,5,3,1,,1,"4/6/2016 8:48:07 P",0.835
82,"C","A",4,"NY",1,5,4,3,5,1,2,3,"TV",6,4,4,4,1,4,1,3,2,,,,,,,3,1,,,,3,1,,,,2,"4/6/2016 8:48:28 P",0.85
83,"C","A",2,"FL",2,2,6,2,5,1,1,1,"POLLUTION",8,1,2,98,2,4,2,2,1,,,,,,,1,98,1,,,,1,,,,1,"4/6/2016 8:49:01 P",0.955
84,"C","A",2,"GA",2,2,6,2,2,1,1,1,"DISPLACED OZONE",10,1,1,98,1,1,98,1,2,,,,,,,1,1,2,6,,4,1,3,,3,1,"4/6/2016 8:49:25 P",1.175
85,"C","A",4,"IL",3,4,1,3,3,2,,,,,,,,,,,,,1,"SATELLITE DATA",5,1,1,1,1,4,2,1,1,5,6,4,2,6,1,"4/6/2016 8:55:57 P",0.395
86,"C","A",1,"CA",4,5,6,2,5,1,1,1,"WORK RELATED FACTORS",10,1,3,98,1,3,4,1,3,,,,,,,1,1,1,2,,4,5,1,4,,1,"4/6/2016 8:56:51 P",0.975
87,"C","A",3,"FL",2,5,6,5,5,1,2,2,"DON'T KNOW",10,2,2,2,1,2,2,1,1,,,,,,,1,2,2,2,,2,1,1,2,2,1,"4/6/2016 8:57:11 P",1.185
88,"C","A",4,"AZ",4,2,6,1,5,1,1,3,"POLAR ICE CAPS MELTING/ DEFORESTATION",1,1,1,1,1,1,98,1,1,,,,,,,1,1,1,1,1,2,5,1,98,2,2,"4/6/2016 8:58:08 P",0.95
89,"C","B",3,"UT",4,3,5,5,2,1,2,1,"NEWS REPORTS",6,1,3,1,4,4,1,2,4,,,,,,,3,2,1,1,2,5,5,1,3,6,1,"4/11/2016 8:00:19",0.445
90,"C","B",3,"NY",1,2,3,5,5,1,1,1,"TOO MANY PEOPLE",13,1,2,2,2,2,3,1,1,,,,,,,1,2,1,6,,5,5,1,3,6,1,"4/11/2016 8:01:15",0.445
91,"C","B",4,"CA",4,1,2,1,5,1,1,1,"MORE TORNADOES",3,1,1,98,1,1,1,1,2,,,,,,,1,2,1,2,,3,1,1,3,3,1,"4/11/2016 8:02:51",0.535
92,"C","B",3,"TX",2,1,6,5,5,1,1,3,"SEA WATER TEMP INCREASE, SEA WATER LEVELS RISING",11,3,3,4,2,3,3,1,2,,,,,,,1,2,1,1,2,5,2,2,98,,1,"4/11/2016 8:03:16",0.435
93,"C","B",2,"TX",2,1,6,2,2,1,1,3,"NEWS",6,1,1,3,2,1,3,1,2,,,,,,,1,1,,,,5,5,,,,2,"4/11/2016 8:11:06",0.87
94,"C","B",4,"NC",2,5,3,2,5,1,2,1,"FOSSIL FUEL COMBUSTION",8,2,2,2,2,3,98,3,2,,,,,,,1,2,1,,,5,1,1,3,3,1,"4/11/2016 8:13:23",0.135
95,"C","B",2,"OH",3,4,5,5,4,98,,,,,,,,,,,,,,,,,,,1,98,2,6,,3,5,1,98,2,2,"4/11/2016 8:13:46",1.52
96,"C","B",4,"TX",2,1,3,2,2,1,1,1,"SO MANY FACTORIES",8,1,2,98,2,1,2,2,2,,,,,,,3,2,1,2,,2,1,1,1,1,2,"4/11/2016 8:16:34",1.05
97,"C","B",2,"AL",2,1,3,5,5,1,1,3,"ICE MELTING",1,1,1,98,3,1,98,1,1,,,,,,,1,1,10,1,98,2,1,1,2,,1,"4/11/2016 8:17:43",0.955
98,"C","B",4,"CA",4,2,6,5,4,1,2,3,"EVERYTHING IS GOING TO SHIT",10,1,3,98,2,4,1,1,1,,,,,,,1,1,1,2,,3,1,2,2,4,2,"4/11/2016 8:18:01",0.85
99,"C","B",3,"FL",2,2,6,5,3,98,,,,,,,,,,,,,,,,,,,1,2,1,1,98,,2,98,2,,2,"4/11/2016 8:24:46",1.15
100,"C","B",2,"NY",1,1,3,2,4,1,1,1,"NEWS",6,1,2,4,2,3,1,1,1,,,,,,,1,1,,,,5,4,,,,2,"4/11/2016 8:25:47",0.87
101,"C","B",2,"NV",4,2,2,1,3,1,2,1,"SCIENTIFIC EVIDENCE",4,1,1,1,1,1,1,1,1,,,,,,,1,1,1,6,,5,5,3,5,5,1,"4/11/2016 8:26:09",0.505
102,"C","B",4,"CO",4,4,5,3,3,1,3,2,"CLIMATE CHANGES",3,2,3,4,4,4,4,2,4,,,,,,,3,3,1,6,,3,2,2,2,4,1,"4/11/2016 8:26:16",0.535
103,"C","B",1,"TX",2,1,6,5,2,1,1,3,"ICE CAPS MELTING",1,1,3,1,1,1,4,1,1,,,,,,,1,1,1,,,4,5,1,4,2,1,"4/11/2016 8:26:55",0.975
104,"C","B",1,"CA",4,3,6,5,5,98,,,,,,,,,,,,,,,,,,,3,2,9,6,,2,5,98,3,98,1,"4/11/2016 8:27:54",2.305
105,"C","B",3,"CA",4,1,3,5,5,1,1,1,"THE DETERIORATION OF THE OZONE LAYER",10,1,1,98,1,1,1,1,1,,,,,,,1,1,10,2,,3,2,1,5,,2,"4/11/2016 8:28:37",1.05
106,"C","B",4,"TX",2,2,3,2,98,98,,,,,,,,,,,,,,,,,,,3,2,2,6,,1,5,4,1,1,2,"4/11/2016 8:33:29",1.5
107,"C","B",3,"FL",2,2,6,5,3,1,2,2,"DATA OVER THE PAST 40 YEARS",4,3,4,4,4,4,4,1,4,,,,,,,3,3,1,6,,5,5,3,3,5,1,"4/11/2016 8:36:42",0.385
108,"C","B",3,"MI",3,5,4,5,3,1,1,3,"TOO COLD",2,3,3,98,98,2,4,4,4,,,,,,,1,3,1,1,1,3,1,4,1,1,2,"4/11/2016 8:38:29",1.25
109,"C","B",2,"NY",1,1,3,2,2,1,2,3,"SCIENTISTS",4,2,2,98,2,2,2,2,2,,,,,,,1,2,10,7,,4,2,4,4,5,2,"4/11/2016 8:40:05",1.07
110,"C","B",1,"AZ",4,1,6,1,1,2,,,,,,,,,,,,,1,"REFUSED",,1,2,3,2,3,9,5,,4,5,4,3,4,1,"4/11/2016 8:40:21",2.175
111,"C","B",3,"SD",3,1,2,5,3,1,1,1,"RESEARCH",4,1,1,2,3,1,4,2,1,,,,,,,1,1,1,1,2,4,1,1,2,4,2,"4/11/2016 8:41:00",1.12
112,"C","B",4,"CA",4,5,6,3,3,2,,,,,,,,,,,,,1,"UNBELIEVABLE",9,2,4,2,98,2,1,6,,3,1,2,2,3,1,"4/11/2016 8:42:57",0.535
113,"C","B",3,"KY",2,4,1,1,3,98,,,,,,,,,,,,,,,,,,,98,98,1,1,2,1,3,3,3,2,1,"4/11/2016 8:48:22",1.135
114,"C","B",3,"MN",3,98,98,98,98,1,1,98,"RESEARCH",4,1,4,1,98,2,98,1,98,,,,,,,98,98,1,2,,4,5,1,4,6,2,"4/11/2016 8:48:41",1.13
115,"C","B",2,"WA",4,3,4,1,5,1,1,1,"METHANE",10,2,2,2,3,2,2,2,2,,,,,,,1,1,1,6,,3,6,98,98,,1,"4/11/2016 8:50:47",0.955
116,"C","B",2,"GA",2,2,6,5,2,1,4,3,"CLIMATE CHANGE",3,2,4,2,4,2,4,3,4,,,,,,,3,2,2,6,,5,1,,2,3,1,"4/11/2016 8:54:06",0.805
117,"C","B",1,"KS",3,3,2,1,5,1,3,1,"NO IDEA",10,2,2,3,3,4,98,98,98,,,,,,,1,2,1,6,,3,4,3,3,2,2,"4/11/2016 8:55:12",1.32
118,"C","B",4,"CA",4,3,6,1,3,1,2,2,"NOT SURE",10,2,2,1,2,3,3,1,1,,,,,,,1,1,1,1,2,4,1,2,1,3,1,"4/11/2016 8:58:29",0.505
119,"C","B",4,"NJ",1,2,3,5,2,98,,,,,,,,,,,,,,,,,,,98,2,2,6,,2,1,98,3,,2,"4/11/2016 9:01:32",1.2
120,"C","B",4,"TX",2,2,6,2,3,98,,,,,,,,,,,,,,,,,,,98,1,1,1,1,3,1,98,1,3,2,"4/12/2016 7:30:31",0.85
121,"C","B",2,"NY",1,1,4,3,4,1,1,3,"ICE CAPS",1,1,1,2,1,2,1,1,2,,,,,,,1,1,5,7,,4,5,4,5,6,1,"4/12/2016 7:32:41",1.485
122,"C","B",2,"NJ",1,2,3,1,3,1,1,1,"TEMPERATURES",2,1,1,2,1,1,98,1,1,,,,,,,1,2,5,2,,4,1,,,,1,"4/12/2016 7:33:26",1.475
123,"C","B",1,"AZ",4,4,6,3,2,1,1,3,"POLLUTION",8,1,1,98,3,2,1,1,2,,,,,,,1,1,1,2,,3,4,4,4,,2,"4/12/2016 7:36:22",1.32
124,"C","B",1,"OK",2,5,3,3,5,2,,,,,,,,,,,,,1,"SEASONAL CHANGES",2,4,98,98,3,2,1,1,2,2,1,4,3,3,1,"4/12/2016 7:38:15",1.105
125,"C","B",4,"OR",4,5,5,5,5,1,98,3,"NOT SURE",10,2,3,4,4,3,4,2,2,,,,,,,1,2,1,,,3,1,4,3,2,1,"4/12/2016 7:39:15",0.535
126,"C","B",2,"TN",2,4,2,2,5,1,1,3,"FALL WAS WARMER",2,2,1,2,1,3,2,2,1,,,,,,,1,2,10,6,,1,1,1,3,1,1,"4/12/2016 7:41:13",1.235
127,"C","B",3,"NY",1,3,4,3,3,2,,,,,,,,,,,,,1,"HISTORY",5,1,1,1,1,4,1,7,,4,5,4,3,4,1,"4/12/2016 7:41:41",0.805
128,"C","B",1,"MS",2,1,5,5,5,2,,,,,,,,,,,,,2,"NATURAL PATTERNS",2,2,1,2,1,4,1,1,1,2,5,,2,1,1,"4/12/2016 7:42:51",1.205
129,"C","B",1,"OK",2,1,6,2,5,1,1,1,"WHAT I READ",6,1,2,2,2,2,1,1,1,,,,,,,1,1,1,2,,2,3,4,4,1,2,"4/12/2016 7:43:33",1.52
130,"C","B",4,"NE",3,2,4,5,3,1,1,1,"POLLUTION",8,1,2,98,1,2,2,1,1,,,,,,,1,2,1,1,2,4,1,4,2,,2,"4/12/2016 7:44:22",0.82
131,"C","B",3,"SC",2,5,6,1,3,1,1,3,"GREENLAND, THE POLES, GLACIERS",1,1,2,2,1,2,1,1,1,,,,,,,1,2,1,2,,3,1,2,4,3,2,"4/12/2016 7:44:33",1.15
132,"C","B",3,"TX",2,5,6,2,3,98,,,,,,,,,,,,,,,,,,,1,2,2,6,,3,1,,,5,1,"4/12/2016 7:50:30",1.035
133,"C","B",4,"GA",2,5,5,5,3,2,,,,,,,,,,,,,2,"NEWS",4,1,2,1,3,3,1,1,1,2,3,4,2,1,1,"4/12/2016 7:50:32",0.735
134,"C","B",3,"MI",3,5,5,5,3,1,1,98,"STUDIES",4,3,4,4,4,4,4,4,4,,,,,,,3,1,1,2,,5,5,2,3,2,2,"4/12/2016 7:51:17",0.75
135,"C","B",3,"OK",2,2,4,5,2,1,1,2,"OZONE",10,1,1,1,1,1,98,1,1,,,,,,,1,1,1,2,,3,5,1,98,4,2,"4/12/2016 7:53:48",1.15
136,"C","B",1,"CA",4,2,6,2,2,1,1,1,"INDUSTRIALIZATION",8,1,4,3,1,2,2,1,2,,,,,,,1,2,1,6,,4,5,4,1,6,1,"4/12/2016 7:54:39",0.985
137,"C","B",1,"TX",2,2,6,5,5,98,,,,,,,,,,,,,,,,,,,3,2,1,,,2,2,,2,2,1,"4/12/2016 7:57:05",1.105
138,"C","B",1,"IL",3,4,98,3,4,98,,,,,,,,,,,,,,,,,,,98,1,5,6,,3,5,,98,1,2,"4/12/2016 7:58:35",1.97
139,"C","B",2,"OH",3,5,3,5,3,2,,,,,,,,,,,,,2,"ITS ALL IN A CYCLE",2,4,4,4,3,4,1,2,,2,1,3,2,3,1,"4/12/2016 7:58:59",1.055
140,"C","B",3,"FL",2,1,6,3,1,1,1,2,"CAUSE IT'S SO HOT, WHEN GOLFING HAVE TO WEAR STRAW HAT DID",2,1,1,98,98,2,98,1,1,,,,,,,98,1,1,6,,3,2,98,98,3,1,"4/12/2016 7:59:27",0.835
141,"C","B",1,"TX",2,5,5,5,5,1,1,2,"CYCLES",9,1,1,1,4,3,3,1,1,,,,,,,1,4,1,6,,4,5,2,2,6,1,"4/12/2016 8:00:09",0.985
142,"C","B",4,"PA",1,5,2,2,5,1,3,2,"WEATHER WE HAVE, EARLIER SPRING AND GEESE DON'T MIGRATE AN",3,1,2,98,1,2,2,2,2,,,,,,,3,2,1,1,1,2,2,1,2,,1,"4/12/2016 8:02:23",0.635
143,"C","B",2,"OK",2,2,3,5,5,1,1,3,"HUMAN ACTIVITY",8,1,3,2,3,3,2,2,2,,,,,,,3,98,1,2,,4,5,4,3,,2,"4/12/2016 8:03:54",1.24
144,"C","B",4,"OH",3,5,5,2,3,1,1,98,"STATISTICS",4,98,4,4,4,2,98,4,4,,,,,,,98,2,1,1,1,4,5,2,2,6,1,"4/12/2016 8:07:57",0.515
145,"C","B",4,"UT",4,2,4,5,2,2,,,,,,,,,,,,,2,"SOME AREAS HAVE BEEN EXTRA COLD",1,2,4,1,1,2,1,6,,5,1,2,1,3,2,"4/12/2016 8:08:03",0.45
146,"C","B",3,"FL",2,5,6,5,5,2,,,,,,,,,,,,,2,"FLORIDA HAS COLD WINTERS ON RECORD",1,3,98,4,1,3,1,98,,4,6,2,3,,2,"4/12/2016 8:08:48",1.12
147,"C","B",4,"MD",2,5,1,3,3,1,2,1,"ICE CAP MELTING, POLAR BEAR DEPLETION, WATER RISING",1,1,2,2,1,1,1,1,1,,,,,,,1,1,1,2,,3,1,1,3,3,1,"4/12/2016 8:09:39",0.535
148,"C","B",4,"ID",4,5,5,5,5,1,1,1,"LIVED A LONG TIME",10,1,98,,3,2,4,2,98,,,,,,,1,1,1,6,,5,3,4,3,1,1,"4/12/2016 8:09:46",0.235
149,"C","B",3,"SC",2,2,6,5,5,1,2,1,"SCIENCE DISOVERIES",4,1,2,1,2,4,1,2,2,,,,,,,3,2,1,1,2,4,1,1,4,4,1,"4/12/2016 8:09:47",0.805
150,"C","B",3,"FL",2,4,6,3,5,1,2,1,"POLAR ICE CAPS MELTING",1,1,2,2,2,2,2,2,2,,,,,,,1,2,1,1,2,3,5,,,,2,"4/12/2016 8:12:27",1.15
151,"C","B",1,"PA",1,2,3,5,5,1,1,3,"SCIENTIFIC EVIDENCE",4,1,3,1,2,3,2,1,1,,,,,,,1,1,1,5,,5,3,4,4,3,1,"4/12/2016 8:13:59",0.605
152,"C","B",1,"NY",1,4,5,5,3,1,2,1,"CHANGE",10,3,3,4,2,2,3,3,3,,,,,,,3,1,2,2,,4,2,1,1,1,1,"4/12/2016 8:15:37",1.325
153,"C","B",3,"MI",3,3,3,5,4,2,,,,,,,,,,,,,1,"COLDER LATER IN SEASON",1,3,3,1,1,1,2,6,,3,1,1,3,,1,"4/12/2016 8:16:53",1.085
154,"C","B",4,"TX",2,2,6,3,2,1,1,1,"POWER PLANTS, CARBON IN THE AIR",8,2,1,1,2,4,1,1,1,,,,,,,1,1,,,,2,5,,,,1,"4/12/2016 8:17:02",0.635
155,"C","B",3,"NC",2,4,5,5,3,98,,,,,,,,,,,,,,,,,,,1,2,2,1,2,2,1,1,4,2,1,"4/12/2016 8:21:25",1.185
156,"C","B",2,"NJ",1,2,4,5,2,1,1,1,"FIRST HAND DEDUCTION",2,1,2,4,4,2,2,2,4,,,,,,,3,1,9,2,,5,5,4,3,6,1,"4/12/2016 8:23:11",1.765
157,"C","B",3,"IL",3,2,4,4,4,98,,,,,,,,,,,,,,,,,,,98,1,5,5,,4,5,1,2,4,2,"4/12/2016 8:24:39",1.67
158,"C","B",4,"FL",2,2,6,2,2,1,1,1,"BECAUSE THE PEOPLE ARE NOT LISTENING TO GOD'S WORD",12,1,2,3,1,1,1,1,1,,,,,,,1,1,1,1,2,2,1,1,1,2,2,"4/12/2016 8:28:31",0.95
159,"C","B",4,"IA",3,5,2,5,2,1,2,2,"WEATHER CHANGES IN VARIOUS PARTS OF COUNTRY",3,2,2,2,2,2,2,2,2,,,,,,,3,2,1,1,2,3,1,1,4,3,1,"4/12/2016 8:28:33",0.535
160,"C","B",1,"CA",4,5,6,2,5,98,,,,,,,,,,,,,,,,,,,98,2,5,5,,5,5,4,5,5,2,"4/12/2016 8:29:59",1.42
161,"C","B",3,"AZ",4,5,2,5,5,1,2,3,"POLAR CAP MELTING, HOOVER DAM WATER DECREASE",1,1,4,4,1,2,1,1,1,,,,,,,1,2,1,6,,2,1,2,1,5,1,"4/12/2016 8:32:33",0.885
162,"C","B",2,"GA",2,5,6,3,3,98,,,,,,,,,,,,,,,,,,,3,2,1,6,,3,5,4,3,3,1,"4/12/2016 8:33:26",0.955
163,"C","B",1,"TX",2,5,5,5,5,98,,,,,,,,,,,,,,,,,,,3,4,1,1,1,3,1,2,98,6,1,"4/12/2016 8:33:40",1.015
164,"C","B",3,"UT",4,4,1,1,1,1,1,3,"POLLUTION",8,3,3,2,3,3,2,2,2,,,,,,,1,2,9,6,,3,5,2,1,3,1,"4/12/2016 8:35:36",2.035
165,"C","B",1,"MI",3,1,6,5,1,1,1,1,"WASTE",8,2,3,1,3,1,3,2,2,,,,,,,1,1,1,6,,2,5,1,2,3,2,"4/12/2016 8:37:05",1.42
166,"C","B",3,"AR",2,98,98,98,98,2,,,,,,,,,,,,,1,"IM A CHRISTIAN",6,98,98,98,98,98,1,2,,5,5,4,2,98,2,"4/12/2016 8:38:17",0.75
167,"C","B",1,"MA",1,1,4,5,3,1,1,1,"SCIENTIFIC EVIDENCE",4,1,2,98,2,1,98,1,1,,,,,,,3,1,1,1,2,4,1,2,3,6,2,"4/12/2016 8:39:30",1.3
168,"C","B",3,"OH",3,2,4,3,5,98,,,,,,,,,,,,,,,,,,,1,2,1,1,2,4,3,2,3,6,2,"4/12/2016 8:48:58",1.13
169,"C","B",4,"PA",1,2,4,3,1,98,,,,,,,,,,,,,,,,,,,2,2,1,1,1,4,1,2,2,3,2,"4/12/2016 8:52:25",0.82
170,"C","B",3,"OH",3,2,4,3,3,1,2,1,"NEWS PAPER",6,1,3,3,1,1,2,1,1,,,,,,,1,1,1,1,2,4,1,1,3,3,1,"4/12/2016 8:53:28",0.805
171,"C","B",3,"SC",2,5,4,5,3,98,,,,,,,,,,,,,,,,,,,1,1,2,1,2,5,1,1,4,6,2,"4/12/2016 8:56:48",1.01
172,"C","B",4,"CA",4,1,4,1,2,1,1,3,"RESEARCH READ",4,1,1,1,1,2,2,1,1,,,,,,,1,1,2,6,,3,1,1,98,1,1,"4/13/2016 10:01:59",0.885
173,"C","A",2,"CA",4,1,6,2,2,98,,,,,,,,,,,,,,,,,,,1,1,1,2,,4,1,1,1,5,2,"4/13/2016 10:11:54",1.19
174,"C","A",3,"CA",4,98,6,98,98,98,,,,,,,,,,,,,,,,,,,2,2,,,,3,5,,,,1,"4/13/2016 10:12:23",0.835
175,"C","A",1,"WA",4,4,1,1,5,1,2,1,"ICE CAPS",1,1,1,2,1,4,1,2,1,,,,,,,1,2,9,6,,2,5,2,2,3,1,"4/13/2016 10:15:46",2.305
176,"C","A",1,"WA",4,5,4,1,5,1,2,1,"CORPORATIONS",8,1,2,2,1,1,1,1,1,,,,,,,1,1,1,6,,2,5,4,3,1,1,"4/13/2016 10:18:49",1.205
177,"C","A",2,"FL",2,2,6,2,2,1,1,1,"ICE WARMING",1,2,2,1,3,2,2,2,1,,,,,,,1,1,1,6,,4,5,2,1,2,1,"4/13/2016 5:09:58",0.925
178,"C","A",4,"NY",1,4,4,1,3,2,,,,,,,,,,,,,3,"COOLER WEATHER",1,2,3,3,1,2,9,2,,2,1,2,3,1,2,"4/13/2016 5:11:40",2.25
179,"C","A",1,"VA",2,5,3,2,5,98,,,,,,,,,,,,,,,,,,,98,3,5,1,98,3,5,98,4,,1,"4/13/2016 5:17:50",1.555
180,"C","A",4,"OH",3,2,4,3,1,1,1,2,"GLACIERS MELTING",1,2,2,98,2,98,4,2,2,,,,,,,3,1,1,6,,2,1,,2,4,1,"4/13/2016 5:19:31",0.635
181,"C","A",3,"FL",2,2,3,2,3,1,1,1,"ICE MELTING",1,1,4,4,2,1,1,1,1,,,,,,,1,1,1,1,2,3,1,1,2,6,1,"4/13/2016 5:20:59",0.845
182,"C","A",4,"FL",2,2,5,1,1,98,,,,,,,,,,,,,,,,,,,1,1,1,1,2,3,1,4,3,4,1,"4/13/2016 5:21:37",0.535
183,"C","A",3,"NM",4,1,4,1,5,1,1,1,"WEATHER",3,1,2,1,1,2,1,1,1,,,,,,,1,1,,,,4,5,,,,2,"4/13/2016 5:23:24",1.12
184,"C","A",4,"VA",2,5,2,4,5,2,,,,,,,,,,,,,98,"POLARITIZATION OF PREPORTED STATS",7,1,3,1,2,98,1,1,2,5,5,4,2,1,2,"4/13/2016 5:27:52",0.55
185,"C","A",2,"NH",1,2,4,1,2,2,,,,,,,,,,,,,1,"WEATHER PATTERN EBBS & FLOWS",1,1,3,98,98,2,1,1,1,5,1,2,1,5,2,"4/13/2016 5:30:34",0.82
186,"C","A",4,"GA",2,1,5,2,5,1,1,98,"FROM WHAT HES HEARD",10,2,3,98,2,2,3,3,2,,,,,,,1,2,2,1,2,2,1,1,4,4,1,"4/13/2016 5:32:24",0.885
187,"C","A",3,"TN",2,5,1,5,5,1,2,2,"ICE CAPS",1,1,2,2,2,2,2,2,2,,,,,,,3,1,1,1,1,3,5,2,1,2,1,"4/13/2016 5:35:41",0.835
188,"C","A",3,"MD",2,1,1,5,3,1,1,1,"CO2  LEVELS",10,1,1,1,1,1,1,1,1,,,,,,,1,1,,,,3,2,,,,2,"4/13/2016 5:41:12",1.15
189,"C","A",3,"WV",2,5,3,5,3,2,,,,,,,,,,,,,1,"ITS A LIE",9,2,1,2,1,4,1,1,98,3,98,1,3,3,1,"4/13/2016 5:41:49",0.835
190,"C","A",4,"PA",1,1,4,5,5,1,98,1,"OLD ENOUGH TO KNOW BETTER",10,3,4,2,98,2,98,3,4,,,,,,,3,2,1,1,2,2,1,1,4,1,1,"4/13/2016 5:42:25",0.735
191,"C","A",4,"MI",3,5,4,5,5,98,,,,,,,,,,,,,,,,,,,3,4,1,1,2,2,1,98,1,4,1,"4/13/2016 5:48:06",0.635
192,"C","A",1,"OH",3,98,2,3,2,1,1,3,"WEATHER CHANGES",3,2,3,98,2,3,2,2,1,,,,,,,1,2,2,1,2,1,1,,,,2,"4/13/2016 5:51:55",1.87
193,"C","A",4,"IN",3,2,3,98,5,1,2,1,"DONT KNOW",10,1,4,4,98,3,98,3,4,,,,,,,1,2,1,1,2,2,1,,3,,2,"4/13/2016 5:52:07",0.95
194,"C","A",1,"GA",2,2,6,1,5,1,1,2,"SEVERE STORMS",3,1,3,98,3,2,98,98,1,,,,,,,1,2,1,6,,2,1,3,3,2,2,"4/13/2016 5:59:49",1.42
195,"C","A",3,"PA",1,2,3,2,2,1,2,1,"NEWS REPORTS",6,1,2,2,2,2,2,1,2,,,,,,,1,2,1,2,,4,98,1,3,4,1,"4/13/2016 6:00:04",0.805
196,"C","A",1,"FL",2,3,6,5,5,1,98,1,"WHAT I HEARD ON TELEVISION",6,2,2,98,4,2,2,2,4,,,,,,,1,1,10,6,,4,5,98,4,2,2,"4/13/2016 6:01:31",1.17
197,"C","A",3,"ME",1,5,3,3,5,1,1,1,"NEWSPAPER ARTICLES AND TV NEWS",6,2,2,2,2,3,2,3,1,,,,,,,3,1,1,1,2,4,2,4,2,5,2,"4/13/2016 6:02:28",1.07
198,"C","A",4,"TX",2,5,4,5,2,2,,,,,,,,,,,,,1,"AGE EXPERIENCE SEEN IT BEFORE",1,1,3,2,3,2,1,2,,1,1,2,1,3,1,"4/13/2016 6:05:49",0.835
199,"C","A",3,"MD",2,2,1,5,5,1,1,1,"SCIENTIFIC EVIDENCE",4,1,2,1,2,2,1,1,1,,,,,,,1,1,1,7,,4,2,1,5,6,1,"4/13/2016 6:07:35",0.815
200,"C","A",4,"WI",3,2,3,5,4,98,,,,,,,,,,,,,,,,,,,98,4,,6,,2,1,4,4,,2,"4/13/2016 6:13:33",0.95
201,"C","A",1,"NY",1,1,4,1,2,1,1,3,"POLLUTION",8,1,1,1,1,1,4,1,98,,,,,,,1,1,10,,,2,2,2,1,6,1,"4/13/2016 6:17:01",1.015
202,"C","A",2,"MO",3,2,3,2,98,2,,,,,,,,,,,,,3,"WEATHER IS NOT CONSISTENT",1,1,3,3,1,2,2,6,,4,5,4,2,6,1,"4/13/2016 6:21:45",1.185
203,"C","A",3,"OK",2,2,4,2,3,2,,,,,,,,,,,,,1,"EL NINA THIS YEAR",9,4,4,4,1,2,1,1,2,2,1,2,98,1,1,"4/13/2016 6:22:14",1.035
204,"C","A",2,"UT",4,2,5,2,5,1,1,1,"SCIENTIFIC EVIDENCE",4,1,1,1,1,1,1,1,1,,,,,,,1,1,1,7,,5,5,1,5,6,2,"4/13/2016 6:24:42",0.88
205,"C","A",1,"TX",2,1,6,4,3,1,2,98,"WATCHING TEMPS GETTING WARMER",2,1,1,1,2,1,1,1,1,,,,,,,1,1,1,1,1,5,5,2,1,3,2,"4/13/2016 6:25:29",0.92
206,"C","A",1,"CO",4,5,5,2,3,1,1,2,"FEELING THE CHANGE, WATCHED A VIDEO",2,2,4,3,2,1,1,2,2,,,,,,,1,1,,,,5,5,,,,1,"4/13/2016 6:27:01",0.605
207,"C","A",4,"IA",3,2,4,5,2,1,1,2,"TOO MANY PEOPLE",13,1,2,3,2,1,2,1,1,,,,,,,1,1,1,6,,2,2,2,3,3,2,"4/13/2016 6:30:10",0.95
208,"C","A",3,"FL",2,1,6,1,5,1,1,1,"SCIENTFIC CHARTS ON THE SEA LEVELS AND THE GLACIERS ARE DI",4,1,1,1,1,1,2,1,1,,,,,,,1,1,1,1,2,5,1,1,3,6,1,"4/13/2016 6:30:39",0.445
209,"C","A",1,"FL",2,2,6,1,5,1,1,2,"RANDOM IN FLORIDA, RECORD BREAKING OVER 100 DEGREES",2,1,1,3,1,4,4,2,1,,,,,,,1,2,9,2,,2,5,4,5,1,1,"4/13/2016 6:31:12",2.405
210,"C","A",3,"IN",3,2,4,3,2,2,,,,,,,,,,,,,2,"IT'S COLDER",1,1,1,1,3,4,1,6,,3,5,2,2,3,1,"4/13/2016 6:51:18",0.835
211,"C","A",1,"IL",3,1,3,1,2,1,1,1,"SCIENTIFIC CONSENSES",4,1,2,2,2,2,2,2,2,,,,,,,1,1,1,,,4,5,1,5,3,1,"4/13/2016 6:54:26",0.975
212,"C","A",2,"MT",4,2,5,3,5,2,,,,,,,,,,,,,1,"RECORDS ONLY 100 YRS",3,4,98,4,3,,,,,3,5,,,,1,"4/13/2016 6:55:23",0.955
213,"C","A",3,"NE",3,2,4,5,2,1,1,3,"RESEARCH",4,2,2,2,4,2,4,4,4,,,,,,,1,2,1,1,2,5,1,2,2,6,1,"4/13/2016 6:57:14",0.445
214,"C","A",2,"CO",4,5,5,3,5,1,1,2,"JUST ANOTHER CYCLE",9,3,3,4,4,3,4,4,4,,,,,,,3,3,1,6,,2,5,3,1,3,1,"4/13/2016 7:00:49",1.055
215,"C","A",2,"OK",2,1,4,3,2,1,1,1,"WEATHER PATTERNS AND REPUBLICANS",3,1,2,1,1,1,1,1,1,,,,,,,1,1,1,,,3,5,1,4,3,2,"4/13/2016 7:01:32",1.27
216,"C","A",3,"AR",2,2,4,5,3,2,,,,,,,,,,,,,1,"CYCLICAL",2,1,4,4,3,98,10,1,98,1,5,2,98,2,1,"4/13/2016 7:06:01",1.015
217,"C","A",3,"TX",2,2,4,4,5,2,,,,,,,,,,,,,1,"ARCTIC CAP IS GETTING BIGGER",5,1,3,4,3,1,1,1,1,3,1,2,2,3,2,"4/13/2016 7:06:44",1.15
218,"C","A",1,"TX",2,1,3,1,1,1,1,1,"SCIENTIFIC EVIDENCE",4,1,1,1,1,1,1,1,1,,,,,,,1,1,5,7,,4,5,4,5,6,2,"4/13/2016 7:07:25",1.85
219,"C","A",2,"LA",2,3,6,5,3,1,2,2,"ALL THE RAIN IN TX OVER PAST 2 MONTHS",3,4,3,98,1,3,3,3,1,,,,,,,1,1,2,6,,3,1,4,4,2,1,"4/13/2016 7:08:50",1.205
220,"C","A",1,"PA",1,2,4,5,4,1,1,3,"POWER PLANTS, CAR ACTIVITY",8,2,2,4,1,1,1,1,2,,,,,,,1,1,1,1,2,4,5,1,3,2,1,"4/13/2016 7:12:30",0.975
221,"C","A",1,"OH",3,2,4,2,1,1,1,1,"GREENHOUSE GASES",8,1,2,98,1,1,2,98,1,,,,,,,1,2,2,6,,2,5,1,4,3,2,"4/13/2016 7:12:36",1.67
222,"C","A",1,"TX",2,5,1,1,5,1,1,3,"BASED ON NEWS AND EVERYTHING ELSE I HEAR",6,2,1,2,2,4,1,1,1,,,,,,,1,2,9,6,,3,1,98,4,2,2,"4/13/2016 7:12:42",2.52
223,"C","A",3,"FL",2,2,6,2,5,1,1,1,"POLAR CAPS DISAPPEARING",1,2,4,3,3,3,4,2,3,,,,,,,1,2,1,98,,4,1,4,3,6,1,"4/13/2016 7:16:15",0.815
224,"C","A",1,"ID",4,3,1,2,5,,,,,,,,,,,,,,,,,,,,,,,,,5,5,,,,1,"4/13/2016 7:16:29",0.605
225,"C","A",3,"TX",2,3,6,5,5,98,,,,,,,,,,,,,,,,,,,3,4,9,2,,3,1,1,4,3,2,"4/13/2016 7:20:58",2.35
226,"C","A",2,"CO",4,5,5,5,5,1,2,3,"C SPAN INTERVIEW",6,2,3,2,2,3,3,3,2,,,,,,,3,4,1,1,2,2,1,4,3,3,1,"4/13/2016 7:25:35",1.055
227,"C","A",1,"CA",4,2,5,5,3,1,2,3,"SCIENTIFIC",4,1,4,1,2,2,4,1,1,,,,,,,1,1,10,6,,3,5,1,5,1,2,"4/13/2016 7:26:13",1.3
228,"C","A",3,"KS",3,2,3,1,5,1,1,98,"NO COMMENT",10,3,3,98,4,1,4,98,1,,,,,,,1,1,2,1,98,2,1,2,3,98,1,"4/13/2016 7:27:52",1.185
229,"C","A",2,"WI",3,1,4,3,3,1,2,1,"I FOLLOW RESEARCHERS ON SCIENTIFIC DATA",4,1,1,1,1,1,1,1,1,,,,,,,1,1,1,6,,3,5,1,5,1,2,"4/13/2016 7:29:52",1.37
230,"C","A",4,"NE",3,2,3,1,2,1,4,3,"USUAL ACTIVITY IN THE ARTIC CIRCLE",3,1,1,98,1,3,2,2,2,,,,,,,1,1,1,6,,5,1,2,4,,2,"4/13/2016 7:31:07",0.45
231,"C","A",2,"MN",3,5,4,5,5,1,1,98,"NOT SURE",10,1,1,98,2,3,3,98,2,,,,,,,3,2,1,7,,3,5,4,4,2,1,"4/13/2016 7:36:05",0.955
232,"C","A",3,"AZ",4,5,6,2,3,1,2,3,"WHAT I READ",6,2,3,1,2,4,2,2,3,,,,,,,1,2,1,7,,3,5,4,5,4,1,"4/13/2016 7:38:59",0.835
233,"C","A",3,"WA",4,5,5,5,2,2,,,,,,,,,,,,,1,"LACK OF GOOD INFORMATION",3,1,4,2,1,1,1,1,1,4,5,4,1,5,1,"4/13/2016 7:41:19",0.755
234,"C","A",3,"CA",4,5,6,3,5,1,1,3,"CONTAMINATION, FIRES IN THE WORLD",8,1,3,4,1,3,1,1,1,,,,,,,1,1,9,98,,1,1,,4,2,2,"4/13/2016 7:42:15",2.65
235,"C","A",3,"AL",2,3,6,2,3,98,,,,,,,,,,,,,,,,,,,1,1,2,1,2,3,1,1,4,2,2,"4/13/2016 7:42:42",1.4
236,"C","A",2,"AZ",4,1,6,5,2,1,1,3,"I FEEL IT, AND SEE RESEARCH ABOUT IT",2,98,98,4,4,4,4,4,4,,,,,,,1,1,1,1,1,4,5,2,1,4,2,"4/13/2016 7:45:58",1.24
237,"C","A",2,"NV",4,2,6,5,5,1,1,3,"FROM WHAT THEY READ",6,2,4,2,4,4,2,1,2,,,,,,,3,2,10,6,,4,4,3,4,6,1,"4/13/2016 7:53:37",0.815
238,"C","A",4,"IA",3,5,4,5,1,1,2,2,"BECAUSE OF DRYNESS",3,4,2,4,2,4,4,2,1,,,,,,,1,1,1,6,,3,2,4,3,4,2,"4/13/2016 7:53:51",0.85
239,"C","A",3,"MA",1,2,4,5,5,98,,,,,,,,,,,,,,,,,,,3,2,1,6,,4,1,2,3,,2,"4/13/2016 7:55:41",1.12
240,"C","B",2,"CA",4,1,6,2,3,1,2,3,"TRASH IN THE OCEAN",8,2,1,98,2,98,98,1,2,,,,,,,1,1,9,1,2,2,5,1,3,3,2,"4/13/2016 8:20:25",2.57
241,"C","B",4,"AR",2,1,4,2,2,1,2,1,"THE WAY  THE WINTER WAS",3,2,1,2,2,2,2,1,1,,,,,,,1,2,1,6,,3,1,4,3,,1,"4/13/2016 8:22:42",0.535
242,"C","B",3,"NY",1,1,4,2,2,1,98,1,"WATCHING DOCUMENTARY",6,1,1,2,1,1,1,98,2,,,,,,,1,1,1,2,,3,1,1,3,2,2,"4/13/2016 8:31:06",1.15
243,"C","B",3,"WA",4,4,4,2,5,2,,,,,,,,,,,,,1,"STREAMS",9,3,98,98,1,2,1,2,,4,1,1,4,6,2,"4/13/2016 8:31:38",1.13
244,"C","B",1,"TX",2,1,3,2,1,1,1,3,"THINGS IVE READ ON THE NEWS",6,2,1,1,98,1,1,1,1,,,,,,,1,1,9,2,,2,1,3,3,2,2,"4/13/2016 8:34:33",2.62
245,"C","B",2,"NY",1,4,4,4,1,1,1,3,"CHANGES IN WEATHER",3,1,1,4,1,1,98,4,1,,,,,,,3,98,9,,,3,5,4,4,,1,"4/13/2016 8:40:15",2.155
246,"C","B",4,"MO",3,2,3,5,5,98,,,,,,,,,,,,,,,,,,,1,3,1,2,,2,1,2,2,4,2,"4/13/2016 8:44:08",0.95
247,"C","B",2,"NY",1,2,3,5,5,1,1,1,"WEATHER PATTERNS",3,1,2,2,2,3,4,1,1,,,,,,,1,2,1,4,,4,1,1,3,2,1,"4/13/2016 8:46:33",0.925
248,"C","B",3,"CA",4,2,6,3,5,2,,,,,,,,,,,,,1,"CYCLES",2,1,1,1,3,2,1,1,1,5,2,2,2,6,1,"4/13/2016 8:52:11",0.445
249,"C","B",2,"CA",4,5,5,2,5,1,1,3,"INFORMATION",6,1,1,1,4,1,4,4,4,,,,,,,1,2,,,,5,5,,,,1,"4/13/2016 8:57:30",0.555
250,"C","B",3,"FL",2,3,6,98,1,1,1,2,"ICE CAPS",1,1,98,2,4,4,98,1,1,,,,,,,1,1,1,2,,4,3,2,1,6,2,"4/13/2016 9:00:53",1.13
251,"C","B",2,"CA",4,3,4,3,3,1,1,3,"MELTING ICE",1,1,98,3,4,3,2,2,2,,,,,,,98,3,1,6,,2,3,4,3,2,2,"4/13/2016 9:18:01",1.37
252,"C","B",2,"WA",4,5,5,3,2,1,2,3,"INDUSTRIALIZATION",8,3,3,4,4,2,4,4,4,,,,,,,3,2,1,7,,3,5,3,4,4,1,"4/13/2016 9:18:43",0.955
253,"C","B",3,"IA",3,5,5,5,2,98,,,,,,,,,,,,,,,,,,,1,2,1,2,,3,5,2,2,4,2,"4/13/2016 9:20:23",1.15
254,"C","B",2,"AL",2,1,6,5,5,1,1,3,"INFORMATION",6,4,1,4,1,2,4,4,3,,,,,,,3,3,,,,4,5,,,,1,"4/13/2016 9:20:35",0.925
255,"C","B",2,"AZ",4,2,6,2,5,1,1,1,"WEATHER PATTERNS",3,1,2,1,1,1,1,1,1,,,,,,,1,1,1,98,,5,3,1,5,6,2,"4/13/2016 9:25:08",0.88
256,"C","B",3,"IL",3,1,4,5,5,1,2,3,"WARMER WINTERS",2,2,1,98,2,1,98,2,1,,,,,,,3,98,9,2,,1,1,1,5,6,1,"4/13/2016 9:29:55",2.345
257,"C","B",1,"CO",4,2,1,2,2,1,1,2,"PERSONAL OBSERVATION",2,2,1,3,2,2,1,1,1,,,,,,,1,1,1,1,1,2,5,2,1,6,1,"4/13/2016 9:35:26",1.115
258,"C","B",1,"TX",2,3,6,2,5,1,2,3,"WEATHER",3,4,3,4,2,4,2,3,3,,,,,,,1,1,,,,3,5,,,98,2,"4/13/2016 9:37:54",1.32
259,"C","B",3,"IL",3,5,5,3,2,1,1,2,"READING THE EVIDENCE",4,1,4,2,3,3,2,3,3,,,,,,,1,1,1,2,,5,4,4,4,5,2,"4/13/2016 9:38:03",0.7
260,"C","B",3,"AK",4,3,3,3,5,1,1,3,"HISTORY",10,4,4,1,1,4,98,3,4,,,,,,,1,1,10,6,,3,6,4,5,3,1,"4/13/2016 9:39:22",0.715
261,"C","B",3,"KS",3,2,4,5,5,2,,,,,,,,,,,,,3,"CYCLE",2,3,2,2,3,3,1,1,2,4,5,4,3,6,1,"4/13/2016 9:42:13",0.815
262,"C","B",4,"OR",4,2,4,1,5,1,1,3,"ICE DISAPPEARING",1,1,2,3,98,2,1,1,2,,,,,,,1,1,1,1,98,3,6,1,4,5,2,"4/13/2016 9:45:44",0.8
263,"C","B",4,"NV",4,1,3,2,2,1,1,1,"PEOPLE ACTIONS",8,1,1,2,2,2,1,1,1,,,,,,,1,1,1,1,2,3,1,1,1,4,2,"4/13/2016 9:48:38",0.85
264,"C","B",3,"MN",3,2,4,2,3,98,,,,,,,,,,,,,,,,,,,2,3,1,2,,2,4,3,2,4,1,"4/13/2016 9:49:09",0.935
265,"C","B",3,"TX",2,2,6,2,3,1,2,3,"WE DONT HAVE WINTER ANYMORE",3,98,2,98,1,1,2,1,1,,,,,,,1,1,2,2,,3,5,,,,2,"4/13/2016 9:51:01",1.4
266,"C","B",1,"MN",3,1,4,2,1,1,1,1,"RESEARCH  ENVIRONMENTAL TEACHERS",4,1,2,2,1,1,1,1,2,,,,,,,1,1,10,7,,2,5,1,3,2,2,"4/13/2016 9:51:24",1.3
267,"C","B",1,"ID",4,5,5,5,5,2,,,,,,,,,,,,,1,"RESEARCH",5,4,3,1,1,4,1,6,,3,5,,3,,2,"4/13/2016 9:52:37",1.32
268,"C","B",3,"TN",2,1,3,5,5,1,2,1,"HOTTEST ON RECORD LAST YEAR AND AHEAD OF THAT NOW",2,2,3,2,2,2,1,2,2,,,,,,,1,1,1,1,2,4,5,4,2,5,1,"4/13/2016 9:54:20",0.755
269,"C","B",2,"TX",2,1,6,3,3,1,1,1,"FACT OPPOSED TO OPINION",4,1,2,98,2,3,98,1,1,,,,,,,1,2,1,1,1,4,5,1,3,4,1,"4/13/2016 9:59:23",0.925
270,"C","B",4,"FL",2,2,6,5,3,98,,,,,,,,,,,,,,,,,,,1,4,1,1,1,4,1,4,1,4,1,"4/14/2016 5:11:29",0.505
271,"C","B",3,"GA",2,2,6,5,5,98,,,,,,,,,,,,,,,,,,,1,1,1,1,2,4,5,2,2,6,1,"4/14/2016 5:17:36",0.815
272,"C","B",2,"TX",2,1,6,98,1,98,,,,,,,,,,,,,,,,,,,1,1,10,2,,4,5,2,98,1,1,"4/14/2016 5:21:02",0.905
273,"C","B",4,"TN",2,5,5,5,5,2,,,,,,,,,,,,,1,"SCIENTIFIC STATS",5,4,4,1,3,3,10,6,,4,1,4,1,6,1,"4/14/2016 5:22:47",0.395
274,"C","B",2,"GA",2,5,4,5,3,98,,,,,,,,,,,,,,,,,,,3,4,1,1,2,2,5,2,5,6,1,"4/14/2016 5:28:02",1.065
275,"C","B",3,"NY",1,1,4,5,5,1,2,1,"HAS SEEN SOME OF DATA",4,2,2,2,2,2,2,2,2,,,,,,,1,2,1,2,,4,4,4,3,4,1,"4/14/2016 5:31:32",0.805
276,"C","B",4,"NH",1,4,6,2,1,1,1,3,"ICE MELTING",1,1,1,4,1,4,1,1,1,,,,,,,1,1,,,,2,1,,,,1,"4/14/2016 5:39:15",0.635
277,"C","B",2,"PA",1,2,3,5,5,1,2,1,"INFORMATION THAT I SEE ON INTERNET",6,1,3,1,3,98,1,2,98,,,,,,,1,2,9,1,2,5,5,1,5,6,2,"4/14/2016 5:45:43",2.08
278,"C","B",3,"PA",1,2,3,5,5,1,1,1,"FROM WHAT SHES READ AND THE WEATHER PATTERNS",6,1,4,2,1,4,2,1,1,,,,,,,1,1,1,2,,4,2,1,3,,2,"4/14/2016 5:48:33",1.12
279,"C","B",1,"FL",2,1,6,1,2,1,98,3,"WEATHER",3,1,1,4,3,1,4,1,4,,,,,,,1,1,,,,4,5,,,,2,"4/14/2016 5:48:36",1.29
280,"C","B",2,"NC",2,2,5,5,3,98,,,,,,,,,,,,,,,,,,,1,1,2,1,2,4,1,1,3,5,2,"4/14/2016 5:52:11",1.44
281,"C","B",3,"MI",3,1,4,3,5,1,1,3,"SCIENTIFIC EVIDENCE",4,2,2,2,2,2,2,2,3,,,,,,,1,1,1,1,1,5,1,4,2,4,2,"4/14/2016 5:53:47",0.75
282,"C","B",3,"FL",2,2,6,2,3,2,,,,,,,,,,,,,1,"RECORDS FOR 150 YRS",5,3,3,2,1,2,,,,3,1,,,,1,"4/14/2016 6:00:07",0.835
283,"C","B",3,"NC",2,1,3,2,3,1,1,1,"INTENSITY OF HURRICANES AND MILDEST WINTER IN YEARS",3,1,1,98,1,1,1,2,1,,,,,,,1,1,1,1,2,3,5,1,3,4,1,"4/14/2016 6:03:06",0.835
284,"C","B",2,"FL",2,3,2,1,2,1,1,2,"ARTIC  MELTING",1,1,1,1,2,4,2,4,4,,,,,,,1,2,1,2,,2,5,4,2,3,1,"4/14/2016 6:03:26",1.055
285,"C","B",3,"CT",1,1,4,5,5,98,,,,,,,,,,,,,,,,,,,1,2,1,3,,4,1,4,5,,2,"4/14/2016 6:11:00",1.12
286,"C","B",3,"TX",2,5,6,5,3,2,,,,,,,,,,,,,1,"NEWS, WEATHER",4,1,1,1,3,98,,,,3,5,,,,1,"4/14/2016 6:14:16",0.835
287,"C","B",3,"FL",2,5,6,5,2,1,1,2,"WE'RE KEEPING BETTER TRACK OF CYCLES THAN IN THE PAST",3,2,2,1,2,2,2,2,1,,,,,,,3,4,1,6,,3,5,4,3,4,1,"4/14/2016 6:15:03",0.835
288,"C","B",4,"WI",3,2,4,5,98,1,1,1,"POLAR REGIONS ICE MELTING",1,1,3,1,3,2,1,1,1,,,,,,,1,1,1,2,,5,5,4,4,,2,"4/14/2016 6:17:05",0.45
289,"C","B",2,"SC",2,1,6,4,3,2,,,,,,,,,,,,,1,"NOT SURE",9,1,1,4,1,1,9,6,,2,1,98,2,2,1,"4/14/2016 6:18:53",2.255
290,"C","B",4,"TN",2,5,5,5,5,98,,,,,,,,,,,,,,,,,,,3,98,1,1,1,5,5,4,1,,1,"4/14/2016 6:20:41",0.135
291,"C","B",2,"PA",1,1,4,1,2,1,1,3,"FOSSIL FUEL BURNING",8,2,1,4,1,1,1,1,1,,,,,,,1,2,2,6,,5,1,1,5,6,2,"4/14/2016 6:24:07",1.13
292,"C","B",4,"TX",2,1,6,5,5,2,,,,,,,,,,,,,1,"CHANGING BUT NOT INCREASING",9,4,1,1,3,4,1,2,,5,5,2,1,2,1,"4/14/2016 6:24:58",0.135
293,"C","B",4,"NH",1,2,3,5,5,1,1,1,"MEDIA",6,2,2,2,98,2,1,2,2,,,,,,,98,2,1,1,2,3,98,1,4,98,1,"4/14/2016 6:27:50",0.535
294,"C","B",2,"FL",2,4,6,5,5,1,3,3,"CHEMICALS",8,3,1,2,2,4,98,2,2,,,,,,,1,1,9,2,,2,5,4,3,3,1,"4/14/2016 6:28:04",2.255
295,"C","B",3,"FL",2,5,6,5,1,1,1,2,"HOTTER OUTSIDE NOW",2,3,1,3,3,1,3,2,3,,,,,,,3,2,1,1,1,3,6,2,2,,2,"4/14/2016 6:29:37",1.15
296,"C","B",2,"IA",3,2,5,4,3,2,,,,,,,,,,,,,1,"WEATHER",1,3,1,2,3,1,,,,4,1,,,,2,"4/14/2016 6:30:18",1.24
297,"C","B",4,"KY",2,2,3,2,3,1,2,1,"FROM WHAT I HAVE READ",6,1,2,2,1,3,1,1,1,,,,,,,1,2,1,1,2,5,1,1,5,4,2,"4/14/2016 6:30:49",0.45
298,"C","B",3,"VA",2,2,98,5,5,2,,,,,,,,,,,,,1,"COLDEST WINTERS",1,98,98,98,3,98,10,6,,1,1,2,4,1,1,"4/14/2016 6:39:29",1.115
299,"C","B",2,"VA",2,1,5,5,5,1,1,1,"CREDIBLE SCIENTISTS",4,1,2,1,1,2,3,1,1,,,,,,,1,1,1,6,,5,5,1,5,6,2,"4/14/2016 6:42:44",0.88
300,"C","B",2,"MD",2,2,1,5,5,1,1,2,"POLAR CAPS",1,1,2,1,1,2,1,2,2,,,,,,,1,2,1,6,,4,1,2,3,,1,"4/14/2016 6:48:30",0.925
301,"C","B",1,"FL",2,1,6,5,5,1,1,3,"HUMAN",8,1,4,98,2,2,1,98,2,,,,,,,1,2,1,7,,3,5,1,4,2,2,"4/14/2016 6:51:17",1.32
302,"C","B",1,"IL",3,3,4,2,2,1,2,3,"POLLUTION AND THE OZONE LAYER",8,2,1,4,3,1,2,1,3,,,,,,,1,1,1,1,1,3,1,,,,2,"4/14/2016 6:54:21",1.32
303,"C","B",4,"ND",3,2,2,2,1,1,1,1,"WARMER WINTERS",2,1,1,4,2,2,1,1,1,,,,,,,1,1,1,1,2,2,1,1,1,3,2,"4/14/2016 6:56:33",0.95
304,"C","B",3,"SD",3,2,3,2,1,1,1,1,"WEATHER",3,1,1,1,1,2,1,1,1,,,,,,,1,1,,,,5,1,,,,2,"4/14/2016 6:59:19",0.75
305,"C","B",1,"KS",3,5,5,2,2,1,1,1,"EVIDENCE",4,2,4,2,3,3,2,2,3,,,,,,,1,1,1,6,,3,5,1,5,98,1,"4/14/2016 7:22:55",1.005
306,"C","B",2,"NJ",1,1,4,1,3,1,2,3,"EXTREMELY HOT SUMMERS",2,4,4,4,98,4,4,2,2,,,,,,,1,1,2,6,,3,1,1,3,2,1,"4/14/2016 7:24:56",1.205
307,"C","B",1,"CA",4,2,6,1,5,1,2,1,"SCIENTIFIC STUDIES",4,2,2,2,2,98,1,1,2,,,,,,,1,1,9,2,,4,5,1,5,5,1,"4/14/2016 7:28:55",2.125
308,"C","A",1,"CA",4,1,5,1,3,98,,,,,,,,,,,,,,,,,,,1,98,,,,4,5,,,,1,"4/14/2016 7:53:38",0.975
309,"C","A",3,"MI",3,1,4,2,2,98,,,,,,,,,,,,,,,,,,,3,4,1,2,,1,1,,3,,1,"4/14/2016 7:53:56",1.135
310,"C","A",3,"NC",2,3,2,3,5,98,,,,,,,,,,,,,,,,,,,98,3,1,1,2,3,5,4,3,6,1,"4/14/2016 7:59:07",0.845
311,"C","A",3,"OK",2,5,6,5,5,2,,,,,,,,,,,,,1,"SAME AS USUAL",1,4,4,1,3,4,1,6,,2,1,2,1,3,1,"4/14/2016 7:59:26",0.935
312,"C","A",1,"NY",1,2,3,3,5,1,1,98,"EARTHS NATURAL CYCLES",9,98,2,98,2,2,2,3,2,,,,,,,1,2,9,1,2,3,2,1,4,3,2,"4/14/2016 8:01:46",2.52
313,"C","A",2,"MO",3,1,3,1,2,1,1,1,"WARMER WINTERS",2,2,1,3,1,2,2,1,2,,,,,,,1,2,1,1,2,4,5,1,1,3,2,"4/14/2016 8:11:22",1.24
314,"C","A",1,"GA",2,2,6,5,5,1,1,2,"NEWS",6,1,3,2,2,3,1,2,3,,,,,,,3,2,,,,5,5,,,,2,"4/14/2016 8:15:44",0.92
315,"C","A",2,"MO",3,4,3,2,2,1,1,1,"WARMER WINTERS",2,1,2,3,1,2,1,1,1,,,,,,,1,2,1,6,,3,1,1,3,4,2,"4/14/2016 8:19:12",1.27
316,"C","A",1,"CA",4,2,6,2,2,1,1,1,"WARMER WINTERS",2,2,2,4,1,2,2,1,1,,,,,,,1,2,1,6,,3,1,4,4,4,2,"4/14/2016 8:29:05",1.32
317,"C","A",3,"NC",2,2,6,5,3,98,,,,,,,,,,,,,,,,,,,3,2,2,1,2,4,1,1,2,2,2,"4/14/2016 8:31:05",1.37
318,"C","A",2,"PA",1,1,2,2,5,1,1,1,"RISING  WATER LEVELS",11,2,1,1,1,4,1,1,1,,,,,,,1,1,1,2,,2,5,1,1,3,1,"4/14/2016 8:33:29",1.055
319,"C","A",2,"MD",2,1,4,1,3,1,1,1,"HOTTER IN SUMMERS",2,1,1,4,2,4,4,1,4,,,,,,,1,1,10,5,,3,5,4,4,2,1,"4/14/2016 8:33:36",0.855
320,"C","A",3,"IL",3,3,4,3,3,1,1,1,"HUMAN ERROR",8,2,2,1,1,2,1,2,1,,,,,,,1,2,1,1,2,4,1,1,4,2,1,"4/14/2016 8:34:34",0.805
321,"C","A",4,"NY",1,2,3,1,2,2,,,,,,,,,,,,,2,"PERSONAL OBSERVATION",1,1,2,2,1,2,1,3,,2,1,4,1,5,2,"4/14/2016 8:40:11",0.9
322,"C","A",1,"CA",4,4,6,2,5,1,1,1,"CHARTS AND GREEN HOUSE GASES",4,1,2,1,1,2,1,2,1,,,,,,,1,1,1,2,,3,1,1,4,6,1,"4/14/2016 8:55:41",1.015
323,"C","A",1,"TX",2,5,6,5,3,1,1,3,"ICE IS MELTING",1,2,98,1,2,3,98,2,2,,,,,,,1,2,1,7,,3,5,98,3,4,2,"4/14/2016 8:55:42",1.32
324,"C","A",2,"CA",4,4,6,1,5,1,1,3,"STATISTICS",4,1,1,1,1,1,3,2,2,,,,,,,1,1,9,2,,3,5,1,4,4,1,"4/14/2016 9:01:21",2.155
325,"C","A",4,"KY",2,5,2,1,1,1,1,2,"EARTH REVOLVING",10,1,1,98,4,1,1,1,1,,,,,,,1,1,2,2,,3,2,1,2,1,1,"4/14/2016 9:01:42",0.885
326,"C","A",3,"AZ",4,5,6,5,5,2,,,,,,,,,,,,,2,"SEASONS ALWAYS CHANGE",2,3,3,2,1,4,1,2,,2,1,4,3,,2,"4/14/2016 9:15:25",1.25
327,"C","A",2,"MO",3,1,4,5,1,98,,,,,,,,,,,,,,,,,,,1,2,1,1,2,5,1,2,1,6,2,"4/14/2016 9:16:58",0.88
328,"C","A",2,"TX",2,1,2,1,3,1,1,1,"MEDIA",6,1,2,3,2,2,1,2,2,,,,,,,1,1,5,5,,4,5,4,3,,2,"4/14/2016 9:19:39",1.79
329,"C","A",2,"TX",2,5,6,2,3,98,,,,,,,,,,,,,,,,,,,3,2,1,1,98,3,5,1,3,2,1,"4/14/2016 9:21:03",0.955
330,"C","A",1,"OK",2,1,4,5,2,98,,,,,,,,,,,,,,,,,,,1,2,9,1,2,4,1,4,3,6,2,"4/14/2016 9:21:17",2.5
331,"C","A",3,"WI",3,2,4,5,1,98,,,,,,,,,,,,,,,,,,,3,2,1,6,,4,5,1,5,2,1,"4/14/2016 9:22:40",0.805
332,"C","A",4,"HI",4,3,6,2,2,1,1,1,"INCREASED CHANGES",3,2,2,4,2,2,2,1,2,,,,,,,1,1,10,1,1,3,2,1,98,3,2,"4/14/2016 9:23:34",0.85
333,"C","A",2,"CA",4,5,6,5,5,98,,,,,,,,,,,,,,,,,,,1,2,10,2,,3,2,1,3,5,2,"4/14/2016 9:29:23",1.1
334,"C","A",3,"AZ",4,5,6,5,5,2,,,,,,,,,,,,,2,"THE EARTH GOES THROUGH CHANGES",2,1,1,1,3,4,1,1,1,3,1,4,3,,1,"4/14/2016 9:29:31",0.835
335,"C","A",3,"NM",4,5,5,3,5,98,,,,,,,,,,,,,,,,,,,3,2,1,1,2,3,5,3,98,5,1,"4/14/2016 9:38:43",0.785
336,"C","A",2,"CA",4,98,6,98,98,1,1,1,"NEWS",6,1,98,3,98,98,1,1,98,,,,,,,98,98,1,6,,2,5,4,98,,1,"4/14/2016 9:38:58",1.055
337,"C","B",2,"TX",2,3,1,5,4,2,,,,,,,,,,,,,1,"NATURAL CYCLE",2,4,1,1,2,4,2,1,1,1,5,2,2,1,1,"4/18/2016 10:00:42",1.605
338,"C","B",4,"TX",2,5,5,3,3,2,,,,,,,,,,,,,1,"STATISTICS",5,2,4,1,2,4,1,1,1,4,2,2,1,6,1,"4/18/2016 10:04:21",0.515
339,"C","B",1,"TX",2,2,6,5,3,1,1,3,"ENVIRONMENT",10,2,1,98,2,3,98,3,1,,,,,,,1,1,9,2,,2,1,,,,1,"4/18/2016 10:09:54",2.305
340,"C","A",4,"OH",3,1,4,3,1,1,2,3,"WEATHER",3,1,4,3,2,2,2,4,1,,,,,,,1,2,,,,2,2,,,,2,"4/18/2016 5:13:29",0.95
341,"C","A",2,"NY",1,1,4,5,1,1,2,1,"FEELS WARMER",2,2,1,98,2,1,2,2,2,,,,,,,1,1,,,,4,5,4,3,,1,"4/18/2016 5:14:12",0.925
342,"C","A",1,"IN",3,3,3,3,5,1,1,2,"NATURE",9,1,2,4,2,1,2,2,1,,,,,,,3,2,2,1,2,3,5,4,4,,2,"4/18/2016 5:18:11",1.57
343,"C","A",1,"WV",2,2,3,2,2,1,1,1,"NOT SURE",10,1,2,2,3,1,1,2,2,,,,,,,1,1,1,98,,4,1,2,2,5,2,"4/18/2016 5:25:05",1.24
344,"C","A",2,"NC",2,5,5,3,3,2,,,,,,,,,,,,,2,"FROM WHAT HE HAS EXPERIENCED",1,1,2,1,3,3,1,1,2,3,5,4,3,3,1,"4/18/2016 5:25:14",0.955
345,"C","A",3,"CT",1,2,4,98,5,1,2,3,"WEATHER",3,1,1,4,2,1,2,2,2,,,,,,,3,2,,,,5,5,,,,2,"4/18/2016 5:31:17",0.75
346,"C","A",1,"NY",1,1,4,1,1,1,2,1,"WINTERS ARE WARMER",2,4,3,4,4,3,4,2,2,,,,,,,2,1,5,2,,3,1,4,4,3,1,"4/18/2016 5:31:20",1.555
347,"C","A",4,"NY",1,2,4,5,5,2,,,,,,,,,,,,,1,"MY LOGS",1,1,3,98,1,3,1,1,98,5,1,2,3,6,1,"4/18/2016 5:35:17",0.145
348,"C","A",2,"FL",2,5,6,5,1,1,1,1,"OZONE LAYER",10,1,1,1,1,4,2,1,1,,,,,,,1,2,1,2,,5,1,2,1,6,1,"4/18/2016 5:36:23",0.565
349,"C","A",2,"FL",2,3,6,5,2,2,,,,,,,,,,,,,2,"I DONT BELIEVE IN GLOBAL WARMING",8,3,3,4,3,4,9,6,,4,3,2,2,3,2,"4/18/2016 5:43:02",2.44
350,"C","A",3,"KY",2,3,3,5,2,1,1,1,"BAD STORMS",3,2,2,4,1,2,1,1,1,,,,,,,1,2,1,1,2,5,2,1,3,3,1,"4/18/2016 5:48:04",0.435
351,"C","A",4,"MI",3,1,3,98,3,1,2,1,"READING SCIENTIFIC EVIDENCE",4,1,1,1,1,1,1,2,1,,,,,,,1,1,1,,,,1,4,5,2,2,"4/18/2016 5:48:50",0.85
352,"C","A",4,"MI",3,1,1,2,1,98,,,,,,,,,,,,,,,,,,,98,1,1,5,,3,1,98,3,98,2,"4/18/2016 5:53:16",0.85
353,"C","A",2,"NJ",1,2,4,5,5,1,1,3,"CLIMATE",10,1,3,4,2,2,3,2,2,,,,,,,1,2,1,,,5,5,,3,,1,"4/18/2016 5:55:42",0.555
354,"C","A",3,"PA",1,2,3,5,1,1,2,2,"NATURAL PATTERNS",9,2,2,2,2,2,98,2,2,,,,,,,1,2,1,1,1,5,1,1,4,6,1,"4/18/2016 5:57:12",0.445
355,"C","A",3,"FL",2,1,6,5,5,1,1,1,"ICE CAPS MELTING",1,1,3,2,2,2,2,2,1,,,,,,,1,1,1,2,,4,1,2,3,6,2,"4/18/2016 6:01:38",1.13
356,"C","A",2,"FL",2,5,6,5,5,1,1,1,"FLOODS",3,1,2,3,1,3,1,1,1,,,,,,,1,1,1,6,,5,98,2,3,5,1,"4/18/2016 6:02:26",0.505
357,"C","A",1,"NC",2,3,3,2,1,1,1,1,"SCHOOL",10,1,2,1,1,2,1,1,1,,,,,,,1,1,1,2,,5,5,1,4,3,2,"4/18/2016 6:06:08",0.92
358,"C","A",4,"FL",2,5,6,5,5,1,1,2,"WINTERS ARE SHORTER",3,1,4,98,4,4,4,4,4,,,,,,,3,4,,,,3,6,4,3,,1,"4/18/2016 6:06:19",0.535
359,"C","A",3,"ME",1,1,4,4,2,1,2,1,"WARM RECORD",2,2,2,1,1,2,1,3,2,,,,,,,1,1,1,2,,3,1,4,2,4,1,"4/18/2016 6:09:55",0.835
360,"C","A",2,"OH",3,2,3,4,2,98,,,,,,,,,,,,,,,,,,,1,2,1,1,2,3,1,2,4,4,1,"4/18/2016 6:14:01",0.955
361,"C","A",2,"GA",2,5,5,3,4,2,,,,,,,,,,,,,3,"THE EARTH IS GOING THRU  A CYCLE, HAPPEN AGAIN IN 50 YRS",2,1,3,1,1,4,1,1,2,5,2,4,2,6,1,"4/18/2016 6:16:36",0.565
362,"C","A",4,"VA",2,1,1,1,1,1,1,3,"WARMER TEMPERATURES",2,1,2,3,2,2,1,1,1,,,,,,,1,1,1,1,98,4,1,4,98,4,1,"4/18/2016 6:21:45",0.505
363,"C","A",4,"TN",2,2,4,5,1,1,1,98,"WARMER WEATHER",2,2,2,98,1,1,98,1,1,,,,,,,1,2,1,1,1,1,1,,,,2,"4/18/2016 6:21:53",1.15
364,"C","A",1,"VA",2,3,5,98,1,98,,,,,,,,,,,,,,,,,,,3,3,1,6,,3,3,4,2,2,1,"4/18/2016 6:22:09",1.005
365,"C","A",3,"GA",2,2,6,5,5,1,1,3,"HOT AND COLD, HOT AND COLD, ALL YEAR LONG.",3,1,1,1,1,1,1,1,1,,,,,,,1,1,1,6,,1,1,1,1,1,1,"4/18/2016 6:24:31",1.235
366,"C","A",4,"TX",2,3,6,5,5,1,1,2,"WEATHER HAS CHANGED DRAMATICALLY",3,1,1,1,1,3,98,98,1,,,,,,,1,1,9,2,,3,1,1,3,3,2,"4/18/2016 6:29:02",2.05
367,"C","A",2,"PA",1,2,4,5,2,1,2,2,"COAL",8,2,2,2,4,2,2,2,4,,,,,,,3,2,1,2,,5,5,2,4,6,1,"4/18/2016 6:30:04",0.565
368,"C","A",2,"RI",1,2,3,5,5,1,1,1,"SCIENTIFIC RESEARCH",4,1,2,2,2,2,1,1,1,,,,,,,1,1,1,6,,5,3,1,5,5,2,"4/18/2016 6:30:36",0.82
369,"C","A",2,"MD",2,5,4,3,1,98,,,,,,,,,,,,,,,,,,,1,2,10,98,,4,1,4,3,3,1,"4/18/2016 6:31:01",0.805
370,"C","A",4,"PA",1,5,2,1,2,1,1,2,"NATURAL PATTERNS",9,1,2,98,2,2,1,1,1,,,,,,,1,1,1,1,2,4,1,1,3,3,2,"4/18/2016 6:31:11",0.82
371,"C","A",4,"KY",2,5,3,5,1,1,2,3,"WARMER WEATHER",2,2,1,3,3,2,4,4,3,,,,,,,1,2,1,2,,3,1,1,3,1,1,"4/18/2016 6:32:37",0.635
372,"C","A",2,"DE",2,2,4,3,2,1,1,3,"MORE EXTREME WEATHER CHANGES",3,2,4,2,1,2,1,2,1,,,,,,,1,2,1,1,2,5,5,4,1,5,1,"4/18/2016 6:33:39",0.505
373,"C","A",2,"TN",2,1,4,2,2,1,1,1,"SCIENTIFIC JOURNAL",4,1,1,1,1,2,4,2,2,,,,,,,1,1,1,2,,5,5,1,5,6,2,"4/18/2016 6:33:46",0.88
374,"C","A",3,"NJ",1,1,4,2,1,1,2,1,"NEWSPAPER SCIENCE REPORTS",6,2,2,1,2,3,2,2,2,,,,,,,3,98,1,6,,5,2,1,4,6,2,"4/18/2016 6:39:13",0.76
375,"C","A",2,"LA",2,1,6,1,2,1,1,1,"RECENT WARMER SEASONS",2,2,1,4,1,2,3,1,1,,,,,,,1,2,2,1,2,2,1,1,3,3,2,"4/18/2016 6:39:36",1.62
376,"C","A",1,"SC",2,5,5,3,1,98,,,,,,,,,,,,,,,,,,,3,2,1,1,2,3,1,1,4,3,2,"4/18/2016 6:40:53",1.32
377,"C","A",1,"NC",2,2,5,3,2,1,1,1,"I STUDY IT",4,1,2,1,1,3,2,1,1,,,,,,,1,1,1,2,,5,5,4,3,5,1,"4/18/2016 6:44:40",0.555
378,"C","A",2,"GA",2,1,6,5,5,1,2,2,"I DON'T KNOW TEMPERATURE OUTSIDE",10,1,3,98,3,3,4,2,2,,,,,,,1,4,1,6,,2,5,2,2,6,1,"4/18/2016 6:50:29",1.065
379,"C","A",3,"PA",1,1,4,2,1,1,2,2,"LACK OF SNOW FALL",3,2,1,2,2,1,1,4,3,,,,,,,1,2,1,98,,5,1,2,3,6,2,"4/18/2016 6:50:43",0.76
380,"C","A",2,"WY",4,1,4,5,1,98,,,,,,,,,,,,,,,,,,,1,4,1,1,2,1,4,1,5,,2,"4/18/2016 6:52:27",1.57
381,"C","A",3,"IL",3,2,4,5,2,1,1,1,"WEATHER REPORTS",3,2,2,2,2,2,2,2,2,,,,,,,1,1,1,2,,5,4,1,4,6,2,"4/18/2016 6:53:20",0.76
382,"C","A",2,"OK",2,5,3,5,2,2,,,,,,,,,,,,,1,"ALL NORMAL, ALL PATTERNS NOTHING UNUSUAL",2,3,4,2,3,4,1,1,2,3,5,4,1,,2,"4/18/2016 6:53:20",1.27
383,"C","A",3,"VA",2,5,5,2,5,1,1,1,"THE NEWS",6,1,2,1,1,3,2,1,1,,,,,,,1,1,2,6,,2,1,1,5,2,1,"4/18/2016 6:56:50",1.185
384,"C","A",3,"GA",2,5,6,5,3,2,,,,,,,,,,,,,3,"NOT STRONG EVIDENCE",3,2,2,2,1,1,1,1,2,5,1,4,2,6,2,"4/18/2016 6:59:15",0.76
385,"C","A",1,"MD",2,5,5,1,5,1,1,3,"FEELS IT",2,1,1,1,1,3,2,1,1,,,,,,,1,1,1,,,4,1,,,3,1,"4/18/2016 7:16:19",0.975
386,"C","A",2,"MI",3,2,4,2,2,2,,,,,,,,,,,,,2,"NATURAL CYCLE",2,1,2,3,1,2,1,6,,2,5,4,1,5,1,"4/18/2016 7:17:22",1.005
387,"C","A",1,"MA",1,5,4,98,2,98,,,,,,,,,,,,,,,,,,,1,2,1,1,2,2,5,4,3,98,1,"4/18/2016 7:18:48",1.105
388,"C","A",1,"RI",1,1,4,5,2,1,1,1,"WEATHER PATTERNS",3,1,2,1,1,1,2,1,1,,,,,,,1,1,1,7,,3,5,4,4,2,1,"4/18/2016 7:19:56",1.005
389,"C","A",3,"CA",4,5,6,4,2,2,,,,,,,,,,,,,1,"BIGGEST SCIENTIFIC FRAUD EVER PERPETUATED ON THE WORLD",9,1,2,1,3,4,1,6,,3,1,4,1,6,1,"4/18/2016 7:25:07",0.845
390,"C","A",1,"CA",4,5,6,2,5,1,1,3,"HUMAN ACTIVITY",8,1,3,4,2,4,4,4,4,,,,,,,1,2,1,1,1,5,5,2,3,6,2,"4/18/2016 7:25:50",0.93
391,"C","A",4,"OR",4,4,2,2,5,1,1,1,"SNOW IMPACTS",3,1,1,1,1,1,1,1,2,,,,,,,1,1,10,6,,4,1,,,,2,"4/18/2016 7:30:58",0.82
392,"C","A",1,"CA",4,3,6,1,1,1,1,1,"TOO MANY CARS, BUSES",8,1,4,1,1,4,1,1,4,,,,,,,1,4,9,1,2,2,1,2,98,1,2,"4/18/2016 7:32:30",2.72
393,"C","A",2,"CA",4,5,6,2,1,1,1,2,"CHANGES IN THE WEATHER",3,1,2,3,3,4,98,2,1,,,,,,,3,1,9,2,,2,1,4,4,3,1,"4/18/2016 7:37:48",2.255
394,"C","A",1,"TX",2,2,6,1,5,1,1,1,"FOSSIL FUEL",8,1,2,98,98,2,98,98,4,,,,,,,3,1,5,5,,5,5,3,5,98,1,"4/18/2016 7:38:51",1.155
395,"C","A",2,"OR",4,2,6,1,1,2,,,,,,,,,,,,,2,"EARTHQUAKES AND STORMS ARE NATURAL CAUSES",2,2,4,2,1,4,1,1,2,4,5,,1,,1,"4/18/2016 7:39:33",0.925
396,"C","A",2,"CA",4,3,6,1,1,1,1,3,"GETTING HOTTER EVERY YEAR",2,1,1,1,1,1,1,1,1,,,,,,,1,2,10,2,,5,1,1,1,4,1,"4/18/2016 7:43:01",0.435
397,"C","A",3,"WA",4,5,5,1,1,2,,,,,,,,,,,,,4,"WHAT SHE READS AND THERE IS MORE EXTREME WEATHER,",4,4,4,98,1,98,1,1,2,5,5,4,3,6,2,"4/18/2016 7:44:56",0.76
398,"C","A",3,"FL",2,1,6,2,5,2,,,,,,,,,,,,,2,"IT WAS WARMER 20 YEARS AGO THEN IT IS NOW",1,4,4,4,3,4,1,,,4,4,1,4,6,1,"4/18/2016 7:46:43",0.815
399,"C","A",1,"CA",4,98,6,3,2,1,1,98,"NO COMMENT",10,98,98,98,4,1,98,1,4,,,,,,,1,2,1,2,,3,5,,3,3,2,"4/18/2016 7:47:30",1.32
400,"C","A",2,"TX",2,3,6,5,3,1,1,1,"DEPOLARIZATION",1,1,1,3,1,3,1,1,1,,,,,,,2,2,5,6,,5,4,,2,,2,"4/18/2016 7:49:11",1.42
401,"C","A",3,"CA",4,2,3,3,5,2,,,,,,,,,,,,,1,"I  HAVE RESEARCHED THE WEATHER",5,1,1,1,1,4,1,1,2,4,1,4,3,3,1,"4/18/2016 7:49:17",0.805
402,"C","A",3,"CA",4,1,6,2,2,1,1,3,"I CAN FEEL IT",2,3,1,3,4,1,98,4,98,,,,,,,1,1,10,2,,5,5,1,4,2,2,"4/18/2016 7:49:42",0.75
403,"C","A",2,"CA",4,5,6,3,3,1,1,98,"HAVEN'T RESEARCHED",10,4,3,4,1,3,1,2,1,,,,,,,1,1,1,6,,4,5,1,5,5,1,"4/18/2016 7:55:21",0.875
404,"C","A",2,"OR",4,2,5,2,1,1,1,1,"TRUTH",10,1,2,1,2,4,1,1,2,,,,,,,3,3,1,6,,4,2,1,4,6,1,"4/18/2016 7:55:33",0.935
405,"C","A",1,"WA",4,1,3,5,1,1,2,3,"STATISTICS, SCIENTIFIC FINDINGS",4,2,2,98,3,2,2,1,98,,,,,,,1,1,1,6,,1,5,1,4,98,2,"4/18/2016 7:59:36",1.62
406,"C","A",2,"PA",1,4,3,5,5,1,1,1,"BECAUSE OF FACTORIES",8,1,2,1,3,3,1,1,2,,,,,,,3,2,9,2,,4,1,1,3,3,2,"4/18/2016 7:59:40",2.44
407,"C","A",1,"WA",4,5,6,2,2,1,1,1,"NOT SURE",10,1,3,98,2,4,98,98,2,,,,,,,2,1,5,5,,5,1,1,3,4,1,"4/18/2016 8:00:10",1.155
408,"C","A",3,"NV",4,2,6,5,5,1,1,1,"POLLUTION",8,1,2,98,2,2,1,1,1,,,,,,,1,1,1,1,2,3,3,4,3,3,2,"4/18/2016 8:00:22",1.15
409,"C","A",3,"CA",4,3,6,1,2,1,1,3,"WARMER SUMMERS",2,3,1,4,1,2,2,1,1,,,,,,,1,2,1,2,,5,5,4,1,5,1,"4/18/2016 8:00:47",0.385
410,"C","A",2,"TX",2,5,5,3,5,2,,,,,,,,,,,,,1,"WE WOULD ALL BE DEAD BY NOW IF TEMPS WERE INCREASING",9,4,3,1,3,2,1,1,2,5,5,2,2,6,1,"4/18/2016 8:01:42",0.565
411,"C","B",2,"CO",4,2,5,2,3,98,,,,,,,,,,,,,,,,,,,3,1,1,6,,2,2,3,3,98,1,"4/18/2016 8:17:15",1.055
412,"C","B",1,"VA",2,2,5,2,1,1,2,2,"CHANGES IN CLIMATE",3,1,2,3,1,3,3,1,1,,,,,,,3,1,1,,,4,5,1,3,2,2,"4/18/2016 8:17:16",1.29
413,"C","B",1,"VA",2,3,2,1,1,1,1,1,"GLACIERS MELTING",1,1,3,1,2,3,1,1,1,,,,,,,1,1,1,6,,3,3,4,3,2,1,"4/18/2016 8:17:35",1.005
414,"C","B",2,"TX",2,3,6,5,5,2,,,,,,,,,,,,,2,"NOT SURE",9,2,4,4,1,4,1,1,2,4,2,2,2,,1,"4/18/2016 8:23:20",0.925
415,"C","B",3,"TX",2,1,6,2,4,1,2,98,"SEE OR FEEL AN INCREASE IN TEMPERATURES",2,4,2,98,2,2,4,2,2,,,,,,,1,2,9,2,,4,5,3,1,3,2,"4/18/2016 8:27:23",2.32
416,"C","B",4,"TX",2,1,6,1,4,1,1,1,"ALL TO EMISSIONS",8,1,1,1,1,1,1,1,1,,,,,,,1,1,2,1,1,4,1,1,4,6,1,"4/18/2016 8:28:54",0.765
417,"C","B",2,"MD",2,5,5,5,1,1,1,2,"CHEMICAL WARS, WORLD COMING TO END",8,3,3,3,1,3,4,4,4,,,,,,,2,2,10,2,,2,5,3,4,2,1,"4/18/2016 8:34:02",0.935
418,"C","B",2,"SC",2,2,6,5,5,1,1,3,"PATTERNS CHANGING",3,2,2,98,2,1,4,1,1,,,,,,,1,1,1,1,98,2,1,4,1,2,1,"4/18/2016 8:37:53",1.055
419,"C","B",3,"MS",2,2,5,5,5,98,,,,,,,,,,,,,,,,,,,1,2,2,98,,2,2,1,4,1,1,"4/18/2016 8:39:12",1.285
420,"C","B",3,"OH",3,5,4,2,2,1,1,2,"BURNING FOSSIL FUELS",8,4,3,4,3,3,98,3,2,,,,,,,3,2,1,1,2,1,1,4,1,1,1,"4/18/2016 8:39:43",1.235
421,"C","B",2,"OK",2,1,6,5,5,98,,,,,,,,,,,,,,,,,,,98,98,1,,,3,1,1,98,1,2,"4/18/2016 8:40:59",1.37
422,"C","B",4,"OK",2,1,5,3,5,1,1,2,"WEATHER INCREASES",3,1,3,2,2,2,1,1,1,,,,,,,1,1,2,7,,4,1,4,2,6,1,"4/18/2016 8:42:55",0.765
423,"C","B",1,"TX",2,98,98,98,98,1,1,3,"THE RESEARCH",4,2,98,2,2,98,2,98,98,,,,,,,98,98,1,7,,5,5,4,3,,1,"4/18/2016 8:44:50",0.605
424,"C","B",2,"GA",2,2,3,5,5,1,2,2,"MEDIA",6,1,4,2,4,4,4,3,3,,,,,,,3,2,1,1,2,5,5,4,2,6,1,"4/18/2016 8:48:53",0.565
425,"C","B",1,"CA",4,1,6,1,1,1,1,1,"MORE HEAT",2,1,1,1,2,1,1,1,1,,,,,,,1,1,2,98,,5,5,1,4,2,1,"4/18/2016 8:49:47",0.855
426,"C","B",4,"IL",3,1,4,2,5,1,1,2,"POLLUTION",8,1,3,2,2,1,3,2,2,,,,,,,1,3,1,7,,3,1,4,3,1,1,"4/18/2016 8:56:59",0.635
427,"C","B",2,"AR",2,4,6,2,5,98,,,,,,,,,,,,,,,,,,,98,98,2,1,2,1,4,98,3,1,2,"4/18/2016 8:59:17",1.92
428,"C","B",2,"CO",4,1,4,5,5,1,2,1,"CLIMATE CHANGES",3,1,2,2,1,2,1,2,2,,,,,,,1,2,1,7,,5,5,1,5,2,2,"4/18/2016 9:01:15",0.87
429,"C","B",3,"MA",1,4,2,5,2,1,3,2,"SUMMERTIME",3,1,1,1,3,4,4,1,1,,,,,,,3,1,2,1,2,1,5,4,5,1,1,"4/18/2016 9:06:25",1.485
430,"C","B",1,"TX",2,5,6,2,3,98,,,,,,,,,,,,,,,,,,,98,3,9,2,,1,1,98,98,1,1,"4/18/2016 9:06:48",2.605
431,"C","B",4,"TX",2,2,4,1,5,98,,,,,,,,,,,,,,,,,,,1,1,2,,,2,5,1,4,3,1,"4/18/2016 9:11:15",0.885
432,"C","B",4,"AL",2,2,3,5,3,2,,,,,,,,,,,,,1,"NATURAL",2,4,2,2,1,2,1,1,2,2,1,2,3,1,2,"4/18/2016 9:11:21",1.05
433,"C","B",3,"OK",2,5,5,5,5,2,,,,,,,,,,,,,1,"NO PROOF",3,4,1,1,3,4,1,1,1,5,5,2,1,2,2,"4/18/2016 9:13:38",0.75
434,"C","B",2,"SD",3,3,2,2,4,2,,,,,,,,,,,,,3,"NOT SURE",9,3,3,2,3,2,9,6,,1,5,3,3,1,1,"4/18/2016 9:15:48",2.555
435,"C","B",3,"HI",4,5,6,5,2,1,2,3,"NATURES PATTERNS",9,1,1,1,1,3,2,1,1,,,,,,,1,2,10,6,,4,5,4,5,,1,"4/18/2016 9:32:39",0.805
436,"C","B",4,"TX",2,5,6,3,3,2,,,,,,,,,,,,,2,"THE EARTH GOES THROUGH SEASONS THROUGH THE CENTURIES",2,1,1,1,98,3,1,1,2,5,1,2,1,,1,"4/18/2016 9:43:34",0.135
437,"C","B",1,"TX",2,2,5,3,5,2,,,,,,,,,,,,,2,"NATURAL CYCLES",2,3,4,2,3,2,1,6,,4,5,,3,2,2,"4/18/2016 9:49:46",1.29
438,"C","B",2,"TX",2,5,5,5,5,2,,,,,,,,,,,,,1,"WEATHER IS STILL THE SAME",1,4,3,3,1,4,2,1,2,5,1,1,3,4,2,"4/18/2016 9:51:16",1.12
439,"C","B",2,"WI",3,2,4,3,1,1,1,1,"MELTING ICE CAPS",1,1,98,98,3,1,98,1,1,,,,,,,1,1,1,98,,2,6,4,3,6,1,"4/18/2016 9:52:13",1.065
440,"C","B",3,"MN",3,2,4,98,1,1,1,3,"GLACIERS ARE MELTING",1,1,1,2,2,1,1,98,1,,,,,,,1,1,,,,5,4,1,4,,2,"4/18/2016 9:53:42",0.75
441,"C","B",4,"NE",3,2,3,98,5,1,1,3,"NEWS",6,1,1,1,1,1,1,1,1,,,,,,,1,1,1,2,,4,98,1,5,3,2,"4/18/2016 9:59:58",0.82
442,"C","A",2,"LA",2,98,6,,5,1,2,3,"SHORELINES ARE RECEDING",11,1,98,1,2,4,4,3,3,,,,,,,98,1,10,6,,5,5,3,3,1,1,"4/19/2016 5:09:07",0.535
443,"C","A",3,"PA",1,5,3,5,5,98,,,,,,,,,,,,,,,,,,,1,2,1,1,2,4,98,2,1,6,2,"4/19/2016 5:13:39",1.13
444,"C","A",3,"MI",3,1,4,3,3,1,1,2,"EL NINO",10,2,2,98,4,2,4,1,1,,,,,,,1,1,1,2,,2,2,4,2,3,1,"4/19/2016 5:13:53",0.935
445,"C","A",1,"IN",3,2,3,2,5,1,1,1,"EXTENSIVE RESEARCH FROM SCIENTISTS",4,2,3,2,2,2,2,2,2,,,,,,,1,1,1,2,,2,5,1,5,4,1,"4/19/2016 5:15:09",1.105
446,"C","A",1,"FL",2,5,6,5,2,1,2,1,"POLLUTION AND GREEN HOUSE GASSES",8,2,2,2,2,4,2,2,2,,,,,,,98,2,1,1,2,2,1,3,2,98,1,"4/19/2016 5:17:10",1.105
447,"C","A",2,"NY",1,2,4,1,1,1,2,1,"REPORTS FROM SCIENTISTS",4,2,2,1,2,1,3,2,2,,,,,,,1,2,9,1,1,5,4,1,4,6,1,"4/19/2016 5:17:24",1.765
448,"C","A",2,"TN",2,3,5,1,3,1,1,1,"I DONT KNOW",10,2,3,2,2,2,3,2,3,,,,,,,2,3,1,2,,3,2,1,4,,2,"4/19/2016 5:20:07",1.27
449,"C","A",2,"NJ",1,4,3,5,5,1,1,3,"BURNING FOSSIL FUELS",8,1,1,2,1,1,1,1,1,,,,,,,1,1,1,1,2,5,3,4,3,,2,"4/19/2016 5:23:54",0.87
450,"C","A",4,"GA",2,1,4,1,1,1,1,3,"BY WINTER AND SUMMER TEMPS.  WINTER WAS NOT COLD ENOUGH TO",2,2,2,98,1,2,98,1,2,,,,,,,1,1,1,6,,3,1,,1,,2,"4/19/2016 5:25:11",0.85
451,"C","A",2,"UT",4,3,5,2,2,1,2,3,"CHANGES IS WEATHER PATTERNS",3,1,4,2,1,4,4,1,1,,,,,,,1,1,1,1,1,5,5,4,1,6,1,"4/19/2016 5:25:58",0.565
452,"C","A",2,"AZ",4,5,6,2,2,1,1,1,"ALL FACTORIES",8,1,1,2,3,3,3,3,4,,,,,,,3,2,5,7,,2,5,2,98,2,1,"4/19/2016 5:27:19",1.605
453,"C","A",2,"WV",2,2,5,5,5,2,,,,,,,,,,,,,3,"AS FAR AS HISTORY BASED ON CARBON EMISSIONS. VOLCANIC ERUPTIONS. EV",9,3,2,98,3,2,1,6,,3,5,3,98,5,1,"4/19/2016 5:36:10",0.905
454,"C","A",2,"KY",2,4,1,2,1,1,2,1,"POLLUTION",8,1,4,98,1,3,1,2,1,,,,,,,1,2,1,1,2,1,1,4,3,,2,"4/19/2016 5:38:02",1.57
455,"C","A",4,"SC",2,1,3,2,5,1,3,2,"POLAR CAPS MELTING",1,1,2,1,1,1,1,3,1,,,,,,,1,1,2,6,,3,5,4,2,1,1,"4/19/2016 5:38:18",0.885
456,"C","A",4,"VA",2,3,3,2,1,1,1,2,"ALOT LESS SNOW",3,1,1,1,1,1,1,1,1,,,,,,,1,1,1,2,,3,1,4,2,2,1,"4/19/2016 5:40:42",0.535
457,"C","A",3,"OH",3,2,3,5,5,98,,,,,,,,,,,,,,,,,,,3,2,1,6,,2,1,2,2,98,2,"4/19/2016 5:42:08",1.25
458,"C","A",2,"PA",1,1,4,3,5,1,1,1,"NOT AS MUCH SNOW IN THE WINTER",3,98,3,2,3,1,98,98,1,,,,,,,1,2,1,6,,4,5,1,4,5,1,"4/19/2016 5:44:00",0.875
459,"C","A",1,"FL",2,5,6,2,5,98,,,,,,,,,,,,,,,,,,,1,4,5,2,,2,5,2,4,2,1,"4/19/2016 5:46:26",1.655
460,"C","B",4,"IN",3,5,5,3,5,98,,,,,,,,,,,,,,,,,,,3,98,,,,,6,,,,2,"4/19/2016 6:08:44",0.85
461,"C","B",4,"TX",2,5,6,5,5,2,,,,,,,,,,,,,1,"NOT ANY HOTTER THEN NORMAL",1,1,2,2,3,4,1,6,,4,1,2,2,3,2,"4/19/2016 6:09:36",0.82
462,"C","B",3,"SC",2,2,6,2,1,1,1,1,"SCIENTFIC EVIDENCE AND WE HAVENT HAD A MAJOR FLOOD IN A LO",4,2,2,2,2,1,2,2,1,,,,,,,1,2,2,6,,5,4,4,4,5,2,"4/19/2016 6:11:23",0.95
463,"C","B",1,"PA",1,98,98,2,5,2,,,,,,,,,,,,,3,"AVERAGE TEMPERATURE HASN'T CHANGED",1,1,1,2,3,3,1,2,,3,5,4,3,98,1,"4/19/2016 6:12:48",1.005
464,"C","B",1,"TX",2,2,4,1,3,98,,,,,,,,,,,,,,,,,,,3,3,9,98,,5,5,4,98,2,2,"4/19/2016 6:13:53",2.12
465,"C","B",3,"NC",2,3,3,5,4,1,1,3,"REFUSED",,1,3,98,98,1,98,1,1,,,,,,,1,1,1,,,3,1,2,3,,2,"4/19/2016 6:15:13",1.15
466,"C","B",2,"PA",1,2,5,3,5,1,1,3,"POLLUTION FROM VEHICLES",8,1,2,98,98,2,2,1,1,,,,,,,1,2,2,6,,2,1,4,3,,1,"4/19/2016 6:16:42",1.305
467,"C","B",2,"NC",2,5,5,5,5,98,,,,,,,,,,,,,,,,,,,3,98,1,2,,4,1,2,98,,1,"4/19/2016 6:21:50",0.925
468,"C","B",2,"VA",2,1,4,2,5,1,2,3,"WARMER WINTERS",2,2,2,2,3,2,98,98,2,,,,,,,1,1,1,7,,3,5,4,4,2,1,"4/19/2016 6:23:02",0.955
469,"C","B",1,"PA",1,1,4,1,5,1,1,1,"TOO MUCH GARBAGE AND NOT TAKING CARE OF THE ENVIRONMENT",8,1,1,1,1,2,1,1,1,,,,,,,1,1,1,98,,4,5,3,3,2,2,"4/19/2016 6:24:40",1.29
470,"C","B",2,"GA",2,1,4,5,1,1,1,3,"GLACIERS MELTING",1,4,4,2,1,2,3,1,2,,,,,,,1,1,1,1,1,2,6,4,2,,1,"4/19/2016 6:24:58",1.055
471,"C","B",3,"MD",2,1,3,3,1,1,2,3,"HUMAN USE.  CARS AND FOSSIL FUELS, CHEMICALS",8,2,2,3,1,3,98,2,2,,,,,,,1,1,1,2,,5,1,2,3,6,2,"4/19/2016 6:29:47",0.76
472,"C","B",3,"GA",2,1,4,1,2,1,1,1,"IM LIVING IN IT",2,1,1,3,2,1,3,1,1,,,,,,,1,1,2,98,,5,5,98,3,,1,"4/19/2016 6:32:36",0.685
473,"C","B",2,"IA",3,2,4,2,5,1,1,1,"SCIENTIFIC RESEARCH",4,1,2,2,1,1,2,2,2,,,,,,,1,1,1,,,5,1,1,5,4,2,"4/19/2016 6:40:58",0.87
474,"C","B",4,"MN",3,3,5,5,3,2,,,,,,,,,,,,,98,"AIRPLANES FLYING TOO HIGH, HEAT STAYS UP THERE",9,3,98,98,2,3,1,1,2,3,3,2,2,,1,"4/19/2016 6:41:40",0.535
475,"C","B",2,"SD",3,4,5,1,5,1,1,98,"WEATHER CHANGES",3,1,1,98,1,1,1,1,1,,,,,,,98,2,1,6,,3,1,98,3,2,2,"4/19/2016 6:43:16",1.27
476,"C","B",1,"AZ",4,5,3,2,5,1,1,3,"SCIENTIFIC INFO",4,98,2,1,2,3,2,1,1,,,,,,,1,1,9,7,,3,5,1,5,3,1,"4/19/2016 6:44:04",2.205
477,"C","B",3,"OH",3,1,4,5,5,98,,,,,,,,,,,,,,,,,,,98,98,1,1,2,3,2,1,4,5,2,"4/19/2016 6:45:13",1.1
478,"C","B",3,"MD",2,2,1,5,5,1,2,3,"THE WAY WE ARE LIVING OUR LIVES",8,3,2,3,2,2,2,3,2,,,,,,,1,2,1,1,2,3,5,1,3,,2,"4/19/2016 6:49:31",1.15
479,"C","B",4,"NC",2,5,3,5,5,2,,,,,,,,,,,,,1,"NORMAL PROGRESSION",2,3,2,1,98,4,1,1,2,4,1,2,1,98,2,"4/19/2016 6:50:03",0.82
480,"C","B",4,"TN",2,98,,98,5,1,2,3,"WEATHER",3,2,2,3,2,2,1,2,1,,,,,,,1,2,,,,4,1,,,,2,"4/19/2016 6:51:06",0.82
481,"C","B",4,"AL",2,1,6,1,3,98,,,,,,,,,,,,,,,,,,,1,2,1,1,1,5,1,2,3,6,1,"4/19/2016 6:51:30",0.145
482,"C","B",4,"FL",2,2,6,5,3,1,1,1,"CHANGES IN TEMPERATURE IN SPRING AND WINTER",3,1,1,98,1,1,98,1,1,,,,,,,1,1,10,6,,4,1,4,3,5,1,"4/19/2016 6:53:10",0.355
483,"C","B",4,"NJ",1,2,4,3,2,1,2,3,"FEELING THEM",2,1,2,1,1,1,98,1,2,,,,,,,1,1,1,2,,3,1,2,3,,2,"4/19/2016 6:56:09",0.85
484,"C","B",1,"IL",3,2,4,3,3,1,1,1,"TEMPERATURE",2,1,1,2,1,2,2,1,2,,,,,,,1,1,2,1,2,2,5,4,3,,1,"4/19/2016 7:00:17",1.355
485,"C","B",2,"PA",1,1,5,5,5,1,1,1,"SCIENTIFIC  EVIDENCE",4,1,1,1,1,3,2,1,1,,,,,,,1,1,1,7,,5,4,4,5,5,2,"4/19/2016 7:01:58",0.82
486,"C","A",2,"GA",2,2,4,2,5,1,1,3,"MORE INFOMATION",6,1,1,1,2,1,1,1,1,,,,,,,1,1,1,98,,3,5,1,4,6,1,"4/19/2016 7:26:55",0.965
487,"C","A",1,"AR",2,1,6,5,5,98,,,,,,,,,,,,,,,,,,,1,2,1,1,2,2,1,3,3,1,2,"4/19/2016 7:33:41",1.52
488,"C","A",3,"OK",2,5,5,5,5,1,1,1,"WEATHER",3,1,4,4,4,4,2,1,1,,,,,,,1,2,,,,2,1,,,,1,"4/19/2016 7:34:35",0.935
489,"C","A",3,"KY",2,5,5,3,5,2,,,,,,,,,,,,,1,"DATA  INFO",5,4,1,4,3,4,1,1,2,5,5,4,1,6,1,"4/19/2016 7:41:36",0.445
490,"C","A",1,"IN",3,1,3,5,2,1,1,3,"SCIENTIFIC DATA AND PERSONAL OBSERVATION",4,2,1,3,3,2,2,2,2,,,,,,,1,1,10,6,,4,2,1,4,2,2,"4/19/2016 7:44:50",1.17
491,"C","A",3,"FL",2,2,6,2,2,1,2,2,"NOT SURE",10,2,2,3,2,2,2,2,1,,,,,,,1,3,1,6,,4,1,4,2,6,1,"4/19/2016 7:45:32",0.815
492,"C","B",2,"TX",2,1,4,1,1,1,1,1,"PEOPLES VEHICLES",8,1,2,98,2,1,98,1,1,,,,,,,1,2,10,6,,2,5,,,,2,"4/19/2016 8:02:08",1.25
493,"C","B",1,"NC",2,98,2,5,5,1,1,1,"SCIENCE",4,2,2,2,2,2,2,1,2,,,,,,,1,1,1,2,,3,1,4,3,2,1,"4/19/2016 8:02:39",1.005
494,"C","B",1,"NY",1,98,98,98,1,1,2,3,"SCIENTIFIC RESEARCH",4,2,4,2,2,4,2,2,2,,,,,,,1,1,1,6,,4,5,4,5,98,1,"4/19/2016 8:03:39",0.975
495,"C","B",3,"DE",2,5,5,5,2,1,2,3,"POLLUTION",8,1,2,1,1,1,98,1,1,,,,,,,1,1,1,2,,3,1,4,3,2,2,"4/19/2016 8:11:36",1.15
496,"C","B",4,"NC",2,2,4,2,2,1,1,3,"REPORTS HE READ ABOUT GLOBAL WARMING",6,1,3,3,3,4,1,4,3,,,,,,,98,1,1,,,5,2,4,,6,1,"4/19/2016 8:11:52",0.145
497,"C","B",3,"SD",3,4,4,4,4,2,,,,,,,,,,,,,1,"CYCLES",2,4,4,4,1,4,1,1,2,5,5,4,3,3,1,"4/19/2016 8:14:43",0.435
498,"C","B",4,"VA",2,2,3,2,2,1,1,98,"WEAHER PATTERNS ARE DIFFERENT",3,1,2,98,1,3,2,1,1,,,,,,,1,98,1,1,1,2,1,4,1,2,2,"4/19/2016 8:22:21",0.95
499,"C","B",4,"WI",3,2,3,3,2,1,1,2,"THE WEATHER",3,1,1,1,2,1,1,3,3,,,,,,,1,1,1,2,,4,1,2,3,2,1,"4/19/2016 8:27:41",0.505
500,"C","B",1,"WI",3,3,4,5,3,98,,,,,,,,,,,,,,,,,,,1,2,9,,,2,5,4,98,98,2,"4/19/2016 8:28:11",2.62
501,"C","B",3,"MI",3,1,4,4,2,1,2,3,"SEASONS ARE CHANGING",3,1,2,2,2,1,1,1,1,,,,,,,1,1,1,2,,2,1,1,2,3,2,"4/19/2016 8:28:52",1.25
502,"C","B",3,"IL",3,5,3,5,5,98,,,,,,,,,,,,,,,,,,,3,3,1,1,1,4,5,2,1,,1,"4/19/2016 8:29:14",0.805
503,"C","B",4,"NC",2,2,3,3,2,1,2,2,"TEMPERATURE CHANGES",2,2,4,2,4,4,3,4,2,,,,,,,1,2,1,2,,1,1,4,2,3,1,"4/19/2016 8:33:18",0.835
504,"C","B",4,"NY",1,2,1,2,2,1,1,1,"THE CO 2 IS COMPLETELY OUT OF CONTROL THE POLAR CAPS ARE M",10,1,1,1,2,3,2,1,1,,,,,,,1,1,1,6,,5,4,1,5,,2,"4/19/2016 8:33:58",0.45
505,"C","B",3,"CT",1,2,4,1,2,1,1,1,"STATISTICS",4,1,2,1,2,2,2,1,1,,,,,,,1,1,1,,,2,1,4,4,2,1,"4/19/2016 8:34:50",0.935
506,"C","B",1,"FL",2,2,6,5,5,1,3,3,"HUMANS AND NATURAL PATTERNS",8,2,98,98,2,2,98,2,2,,,,,,,1,2,2,1,2,4,1,4,4,2,1,"4/19/2016 8:38:37",1.225
507,"C","B",4,"MI",3,1,4,2,2,1,1,1,"TEMP CHANGES OVER TIME",2,1,1,1,1,1,1,1,1,,,,,,,1,1,1,,,5,2,,,,2,"4/19/2016 8:38:38",0.45
508,"C","B",1,"TN",2,5,5,5,5,2,,,,,,,,,,,,,1,"CYCLE",2,4,4,4,3,4,1,1,2,4,1,2,1,4,1,"4/19/2016 8:40:38",0.975
509,"C","B",3,"NC",2,3,3,5,5,2,,,,,,,,,,,,,2,"GOD MADE AN EARTH",6,2,4,3,1,4,1,2,,4,5,2,2,,2,"4/19/2016 8:40:53",1.12
510,"C","B",1,"MD",2,5,5,5,5,1,1,2,"HEAR PEOPLE TALKING",10,1,4,4,4,4,1,1,4,,,,,,,3,2,1,2,,3,5,98,3,5,1,"4/19/2016 8:42:13",0.955
511,"C","B",3,"RI",1,2,4,5,2,2,,,,,,,,,,,,,1,"COLDER, DO NOT BELIEVE",1,4,4,3,1,2,,,,5,1,,,,2,"4/19/2016 8:42:58",0.75
512,"C","B",3,"WI",3,2,3,5,5,1,3,3,"SCIENCE",4,2,3,98,4,4,3,2,3,,,,,,,3,2,1,,,2,1,,98,,2,"4/19/2016 8:45:35",1.25
513,"C","B",4,"PA",1,1,4,98,1,1,2,1,"WEIGHT OF THE EVIDENCE",4,2,3,2,98,3,98,98,98,,,,,,,1,98,1,,,,5,,,,1,"4/19/2016 8:46:36",0.535
514,"C","B",4,"NY",1,1,4,2,1,98,,,,,,,,,,,,,,,,,,,3,1,10,6,,5,1,1,3,3,1,"4/19/2016 8:49:02",0.035
515,"C","B",2,"NE",3,1,98,5,5,2,,,,,,,,,,,,,2,"COLD SUMMERS",1,2,4,4,3,2,1,,,2,1,1,1,5,2,"4/19/2016 8:49:56",1.32
516,"C","B",4,"FL",2,5,6,5,5,1,2,1,"INCREASE IN HUMAN ACTIVITY OF GENERATING HEAT AND USING EN",8,1,2,2,2,2,2,98,2,,,,,,,1,2,1,,,3,1,2,1,4,1,"4/19/2016 8:50:25",0.535
517,"C","B",2,"PA",1,3,5,5,5,2,,,,,,,,,,,,,2,"THE WEATHER IS THE SAME",1,2,3,3,3,3,1,2,,2,1,2,3,,1,"4/19/2016 8:54:56",1.055
518,"C","B",1,"NC",2,5,2,2,1,98,,,,,,,,,,,,,,,,,,,1,98,1,,,3,5,,4,3,1,"4/19/2016 8:55:50",1.005
519,"C","B",1,"FL",2,2,6,1,2,1,1,3,"NOT SURE",10,4,1,4,1,1,4,1,1,,,,,,,3,2,2,6,,3,5,1,3,,2,"4/19/2016 8:56:15",1.57
520,"C","B",1,"WA",4,2,5,1,2,1,1,3,"COLLEGE",10,1,2,3,1,2,2,2,2,,,,,,,1,1,1,6,,4,5,1,4,98,1,"4/19/2016 8:57:06",0.975
521,"C","B",3,"TN",2,1,3,2,2,1,1,1,"FOSSIL FUELS",8,1,1,2,1,1,2,1,1,,,,,,,1,1,1,2,,4,1,1,4,6,1,"4/19/2016 8:58:47",0.815
522,"C","B",3,"IA",3,5,4,3,5,1,1,2,"SCIENCE DATA",4,1,4,4,4,4,4,4,4,,,,,,,3,3,1,1,2,2,2,2,2,3,1,"4/19/2016 9:01:51",0.935
523,"C","B",1,"IL",3,2,3,3,98,1,2,3,"WEATHER, NEWS,",3,3,3,4,2,3,98,98,98,,,,,,,1,98,,,,3,6,,,,2,"4/19/2016 9:02:20",1.32
524,"C","B",2,"OH",3,1,4,5,5,1,1,1,"SCIENTIFIC INFORMATION",4,1,3,2,2,2,98,2,1,,,,,,,1,1,1,2,,5,5,1,4,6,2,"4/19/2016 9:06:09",0.88
525,"L","B",3,"TX",2,5,5,2,1,1,1,3,"GLACIERS MELTING",1,1,3,1,2,2,4,1,1,,,,,,,1,1,1,1,2,3,1,1,3,3,1,"4/20/2016 10:01:03",0.835
526,"C","A",3,"VA",2,2,4,3,3,1,1,3,"WEATHER",3,2,2,2,2,2,2,2,2,,,,,,,1,2,,,,2,1,,,,2,"4/20/2016 5:07:50",1.25
527,"C","A",3,"FL",2,1,6,2,5,1,2,1,"WARMER ARCTIC",2,1,2,98,3,2,2,98,2,,,,,,,1,2,1,6,,2,5,4,1,2,1,"4/20/2016 5:11:39",0.935
528,"C","A",2,"NC",2,2,4,1,3,98,,,,,,,,,,,,,,,,,,,98,1,2,6,,3,5,4,3,2,1,"4/20/2016 5:13:03",1.205
529,"C","A",4,"NM",4,5,6,5,3,2,,,,,,,,,,,,,2,"PARTS OF THE COUNTRY ARE WARMER AND OTHERS ARE COOLER",1,2,2,98,3,2,1,1,1,3,1,2,2,2,2,"4/20/2016 5:20:12",0.85
530,"C","A",2,"NJ",1,2,5,3,5,98,,,,,,,,,,,,,,,,,,,3,2,1,1,,4,5,4,3,6,1,"4/20/2016 5:22:00",0.935
531,"C","A",3,"SC",2,5,5,2,5,2,,,,,,,,,,,,,1,"NO RECORDS BEFOR 150 YRS.",3,3,2,1,1,2,,,,4,5,,,,2,"4/20/2016 5:29:55",1.12
532,"C","A",2,"OH",3,2,3,3,5,1,1,2,"SCIENTIFIC RESEARCH",4,3,4,2,4,2,3,2,2,,,,,,,1,2,1,7,,5,5,2,2,4,1,"4/20/2016 5:35:07",0.555
533,"C","A",1,"MA",1,2,4,5,5,1,1,1,"RESEARCH",4,1,1,2,2,1,1,1,1,,,,,,,1,1,1,2,,4,5,2,3,5,1,"4/20/2016 5:35:07",0.925
534,"C","A",4,"FL",2,2,3,2,2,98,,,,,,,,,,,,,,,,,,,3,2,9,98,,4,1,2,3,4,1,"4/20/2016 5:35:38",1.705
535,"C","A",4,"RI",1,1,4,5,5,1,1,1,"FOSSIL FUELS",8,1,1,1,1,1,1,1,1,,,,,,,1,1,1,7,,4,1,4,5,1,2,"4/20/2016 5:42:20",0.92
536,"C","B",2,"MI",3,2,4,5,5,1,1,1,"MASS POLLUTION",8,2,3,1,3,3,1,2,2,,,,,,,3,1,10,,,4,3,4,4,2,1,"4/20/2016 5:59:11",0.805
537,"C","B",3,"FL",2,2,6,3,5,2,,,,,,,,,,,,,98,"IT IS BUT ITS NOT MAN MADE",2,2,1,1,1,1,1,1,2,3,1,4,2,4,1,"4/20/2016 6:00:45",0.835
538,"C","B",1,"GA",2,1,4,2,2,1,1,3,"RESEARCH PAPER READ",4,1,1,4,4,1,4,4,4,,,,,,,1,1,1,6,,5,5,2,3,4,1,"4/20/2016 6:05:56",0.605
539,"C","B",1,"NY",1,1,4,5,2,98,,,,,,,,,,,,,,,,,,,3,1,1,1,98,3,1,1,3,1,2,"4/20/2016 6:06:16",1.42
540,"C","B",1,"SC",2,98,98,5,5,1,1,3,"GLACIERS",1,1,98,98,98,98,98,2,1,,,,,,,1,1,1,6,,3,5,3,4,4,1,"4/20/2016 6:08:02",1.005
541,"C","B",2,"IL",3,2,3,1,5,1,1,1,"HOTTER",2,1,3,4,2,3,2,2,2,,,,,,,3,98,2,6,,3,1,98,98,,1,"4/20/2016 6:12:14",1.205
542,"C","B",4,"IL",3,2,4,3,2,1,1,1,"SCIENTISTS",4,2,3,1,2,2,3,2,3,,,,,,,1,1,1,6,,5,1,1,5,5,1,"4/20/2016 6:16:07",0.085
543,"C","B",1,"IL",3,1,4,4,1,1,1,1,"HUMANS",8,98,1,2,2,3,2,2,1,,,,,,,1,1,2,2,,4,5,1,4,4,1,"4/20/2016 6:17:19",1.225
544,"C","B",4,"WI",3,1,3,5,4,98,,,,,,,,,,,,,,,,,,,1,1,1,2,,2,1,1,2,4,2,"4/20/2016 6:20:39",0.95
545,"C","B",1,"MA",1,4,3,5,5,2,,,,,,,,,,,,,1,"WINTERS ARE THE SAME FOR THE PAST 10 YEARS",1,3,3,4,1,3,1,6,,2,5,2,5,5,1,"4/20/2016 6:26:28",1.055
546,"C","B",1,"MO",3,2,98,2,5,1,1,1,"ARTIC ICE MELTING",1,1,1,1,3,2,98,3,1,,,,,,,1,1,5,6,,4,5,4,98,3,1,"4/20/2016 6:36:59",1.525
547,"C","B",2,"KS",3,5,5,3,5,2,,,,,,,,,,,,,2,"NATURAL PATTERNS",2,2,2,1,98,4,1,2,,4,5,2,2,,2,"4/20/2016 6:37:17",1.24
548,"C","B",1,"TX",2,1,6,2,2,1,1,3,"MELTING OF ICE CAPS",1,1,2,98,2,2,1,2,1,,,,,,,1,1,9,1,98,4,1,1,2,,1,"4/20/2016 6:37:30",2.175
549,"C","B",2,"GA",2,4,6,5,3,1,2,2,"GETTING WARMER",2,4,3,4,3,2,4,2,2,,,,,,,1,2,2,6,,2,5,3,3,1,2,"4/20/2016 6:37:39",1.72
550,"C","B",1,"TX",2,2,6,1,1,1,1,1,"CARBON, FUMES",10,1,1,2,1,3,2,1,1,,,,,,,1,1,9,2,,3,5,1,2,2,1,"4/20/2016 6:41:23",2.205
551,"C","B",,"IL",3,2,4,3,2,1,3,3,"ALL KINDS OF DIFFERENT THINGS",10,3,3,98,3,3,98,4,2,,,,,,,1,4,,,,,1,,,,2,"4/20/2016 6:44:45",1.22
552,"C","B",4,"AL",2,1,4,1,2,1,2,3,"WARMER TEMPS",2,2,1,2,98,2,2,2,1,,,,,,,1,1,1,6,,2,1,4,2,1,1,"4/20/2016 6:50:08",0.735
553,"C","B",4,"KY",2,2,4,5,5,1,1,98,"BECAUSE IM GETTING OLDER",10,4,4,2,2,2,98,2,2,,,,,,,98,2,,,,,1,,,,2,"4/20/2016 6:51:11",0.85
554,"C","B",1,"RI",1,2,1,5,5,1,2,3,"SURFACES ABSORBING HEAT INSTEAD OF DEFLECTING",10,1,4,2,2,2,2,2,1,,,,,,,1,2,1,1,98,3,5,4,3,3,2,"4/20/2016 6:51:13",1.32
555,"C","B",3,"GA",2,3,3,5,5,1,1,2,"DIFFERENT STORMS ALL OVER",3,2,1,2,4,2,98,4,2,,,,,,,3,2,10,6,,3,2,4,4,3,1,"4/20/2016 6:51:37",0.715
556,"C","B",3,"IL",3,5,3,5,5,98,,,,,,,,,,,,,,,,,,,98,98,10,6,,5,5,,4,6,1,"4/20/2016 6:52:40",0.325
557,"C","B",2,"TX",2,2,5,5,5,1,1,1,"READING QUOTES AND SCIENTIFIC RESEARCH",4,1,3,1,1,4,3,1,1,,,,,,,1,1,10,6,,4,5,4,4,6,1,"4/20/2016 6:55:50",0.815
558,"L","A",4,"FL",2,1,6,5,3,2,,,,,,,,,,,,,2,"IT WILL BE IN CYCLES",2,2,1,1,1,2,1,1,1,3,1,2,1,3,2,"4/20/2016 7:17:21",0.85
559,"L","A",3,"IL",3,5,2,5,3,2,,,,,,,,,,,,,1,"PROFESSOR AT MIT",5,4,1,4,1,4,,,,5,5,,,,1,"4/20/2016 7:19:34",0.435
560,"L","A",4,"MA",1,5,3,5,5,2,,,,,,,,,,,,,1,"SEEMS I HAVE BEEN ON PLANET FOR 69 YEARS.  IT IS TYPICAL.  YOU NEVE",1,1,4,2,3,2,1,1,2,3,2,4,2,5,2,"4/20/2016 7:20:28",0.8
561,"L","A",4,"MO",3,5,3,5,3,2,,,,,,,,,,,,,1,"HUMIDITY IS DIFFERENT",9,4,4,4,3,4,1,1,1,2,1,2,1,2,2,"4/20/2016 7:23:08",0.95
562,"L","A",3,"NJ",1,2,4,5,5,1,1,1,"ARCTIC CIRCLE IS MELTING",1,1,2,2,1,2,1,1,1,,,,,,,1,1,9,6,,3,5,1,5,3,2,"4/20/2016 7:25:56",2.35
563,"L","A",1,"NY",1,2,1,5,5,2,,,,,,,,,,,,,1,"WE HAVE NO PROOF, ITS A THEORY",3,1,2,2,3,4,1,3,,4,2,1,1,2,2,"4/20/2016 7:26:46",1.29
564,"L","A",3,"IL",3,1,4,5,5,1,2,1,"OBSERVATION, WELL READ, EVERYTHING TO READ IT WOULD SEEM S",2,1,1,2,1,1,1,1,1,,,,,,,1,1,1,1,2,3,2,1,4,4,1,"4/20/2016 7:28:10",0.835
565,"L","A",4,"OR",4,4,6,5,5,1,1,2,"CYCLICAL",9,3,2,4,2,2,3,2,2,,,,,,,98,3,1,1,2,3,1,2,1,,2,"4/20/2016 7:30:56",0.85
566,"L","A",4,"WI",3,2,3,98,5,1,1,3,"SCIENTIFIC INFORMATION",4,2,2,2,1,2,98,2,2,,,,,,,1,1,1,6,,3,1,,,1,1,"4/20/2016 7:33:42",0.635
567,"L","A",3,"LA",2,1,6,1,2,1,1,1,"THE RISING WATER LEVELS",11,1,1,2,1,1,1,1,1,,,,,,,1,1,1,2,,4,3,1,5,5,2,"4/20/2016 7:35:14",1.07
568,"L","A",4,"OR",4,1,4,1,1,1,1,1,"MELTING THE ICEBERGS",1,1,1,1,2,2,1,1,1,,,,,,,1,1,1,1,2,5,1,4,4,5,2,"4/20/2016 7:38:25",0.4
569,"L","A",4,"KY",2,5,5,2,5,2,,,,,,,,,,,,,2,"EVERTHING CHANGES",2,4,4,4,3,4,10,2,,1,1,2,1,,2,"4/20/2016 7:41:53",1.15
570,"L","A",4,"TX",2,2,3,2,5,98,,,,,,,,,,,,,,,,,,,1,98,10,1,1,4,6,1,3,1,2,"4/20/2016 7:42:13",0.8
571,"L","A",4,"MI",3,2,3,3,4,1,1,1,"BECAUSE OF MAN",8,1,2,98,1,1,3,1,1,,,,,,,1,1,1,1,1,3,1,1,4,2,2,"4/20/2016 7:43:35",0.85
572,"L","A",4,"NC",2,2,4,2,3,1,1,1,"WATER LEVELS",11,1,1,98,98,2,98,98,98,,,,,,,1,98,1,2,,4,4,4,3,,1,"4/20/2016 7:44:53",0.505
573,"L","A",4,"NY",1,3,6,5,2,1,2,3,"INFORMATION SHE READ",6,2,3,98,98,98,1,1,2,,,,,,,1,1,,,,,5,,,,2,"4/20/2016 7:44:54",0.85
574,"L","A",4,"NC",2,2,3,2,5,2,,,,,,,,,,,,,4,"THE WEATHER WHERE HE LIVES",1,1,4,2,3,98,1,6,,3,1,2,3,4,1,"4/20/2016 7:44:55",0.535
575,"L","A",4,"OH",3,2,5,5,2,2,,,,,,,,,,,,,2,"SAMPLE SIZE TOO SMALL",3,4,4,4,98,3,,2,,5,1,4,3,6,1,"4/20/2016 7:46:59",0.145
576,"L","A",3,"ID",4,2,5,2,1,1,1,3,"PERSONAL",2,2,2,2,1,1,2,1,2,,,,,,,1,1,1,6,,5,98,4,3,6,2,"4/20/2016 7:56:32",0.76
577,"L","A",3,"NY",1,1,4,3,1,1,1,2,"GLOBAL WARMING",2,2,2,98,2,2,1,1,1,,,,,,,1,1,1,2,,4,1,,,,2,"4/20/2016 7:56:59",1.12
578,"L","A",4,"NY",1,1,3,2,2,1,1,2,"NOT SURE",10,2,2,2,1,2,98,2,1,,,,,,,1,2,1,2,,2,2,1,3,3,2,"4/20/2016 8:01:02",0.95
579,"L","A",4,"OH",3,1,4,5,5,2,,,,,,,,,,,,,2,"I JUST DONT BELIEVE IT",8,4,4,4,1,2,1,1,2,2,1,1,3,2,1,"4/20/2016 8:02:49",0.635
580,"L","A",3,"NJ",1,5,5,1,5,1,1,2,"HOTTER OUT",2,1,1,98,1,1,4,1,1,,,,,,,1,1,1,2,,2,1,2,5,2,1,"4/20/2016 8:05:47",0.935
581,"L","A",4,"NJ",1,2,98,2,5,1,1,3,"POLAR ICE MELTING",1,1,1,1,98,1,1,1,1,,,,,,,1,1,1,,,5,4,1,5,,2,"4/20/2016 8:09:51",0.45
582,"L","A",4,"MN",3,1,4,5,2,1,2,2,"REFUSED",,98,2,2,2,1,98,1,1,,,,,,,1,1,1,2,,2,1,1,4,4,1,"4/20/2016 8:10:22",0.635
583,"L","A",3,"NY",1,2,3,5,5,1,1,1,"MILD WINTER",3,2,2,98,2,1,2,2,2,,,,,,,1,2,1,2,,3,98,4,4,,2,"4/20/2016 8:11:36",1.15
584,"L","A",4,"MI",3,2,3,5,5,98,,,,,,,,,,,,,,,,,,,1,1,,,,,1,,,,1,"4/20/2016 8:16:27",0.535
585,"L","A",3,"FL",2,2,6,2,5,1,1,1,"SCIENTIFIC DATA",4,2,2,2,3,3,3,1,1,,,,,,,1,1,1,6,,5,2,1,5,,2,"4/20/2016 8:18:21",0.75
586,"L","A",4,"NY",1,3,5,5,98,98,,,,,,,,,,,,,,,,,,,1,2,10,6,,3,1,2,2,,2,"4/20/2016 8:20:41",0.85
587,"L","A",3,"VA",2,1,3,1,1,1,1,1,"GLACIERS MELTING",1,1,1,1,1,1,1,1,2,,,,,,,1,1,1,1,2,4,1,1,5,2,2,"4/20/2016 8:20:48",1.12
588,"L","A",3,"MI",3,2,3,3,5,1,1,1,"EVIDENCE",4,1,3,1,1,2,1,1,1,,,,,,,1,1,1,1,2,4,3,1,5,3,2,"4/20/2016 8:20:49",1.12
589,"L","A",3,"NY",1,3,2,5,2,98,,,,,,,,,,,,,,,,,,,3,2,2,98,,1,1,1,3,1,2,"4/20/2016 8:24:14",1.8
590,"L","A",4,"NY",1,1,3,1,2,98,,,,,,,,,,,,,,,,,,,98,98,1,2,,2,1,98,98,2,2,"4/20/2016 8:24:59",0.95
591,"L","A",4,"FL",2,5,6,1,5,2,,,,,,,,,,,,,1,"NO SOLID PROOF",3,1,3,2,3,4,,,,5,1,,,,1,"4/20/2016 8:30:51",0.135
592,"L","A",4,"PA",1,5,3,1,1,2,,,,,,,,,,,,,1,"COLDER WINTERS",1,4,98,4,1,3,1,1,2,1,1,2,4,1,1,"4/20/2016 8:31:19",0.935
593,"L","A",3,"OR",4,2,6,1,1,1,1,3,"CAN FEEL IT ITS HAPPENING",2,1,1,3,1,1,2,1,2,,,,,,,1,2,1,2,,1,1,4,3,1,2,"4/20/2016 8:32:21",1.55
594,"L","A",3,"KY",2,2,3,1,2,1,2,3,"THE PATTERNS",9,1,2,2,3,2,1,1,2,,,,,,,3,2,1,2,,5,1,4,2,6,1,"4/20/2016 8:36:13",0.445
595,"L","A",2,"PA",1,1,4,3,5,1,1,3,"SCIENTIFIC DATA",4,2,4,3,3,4,4,2,4,,,,,,,3,2,1,7,,5,3,4,4,3,2,"4/20/2016 8:42:38",0.87
596,"L","A",4,"FL",2,2,6,1,5,1,2,3,"SCIENCE, WEATHER",4,1,2,2,3,98,2,3,4,,,,,,,1,98,,,,5,5,,,,1,"4/20/2016 8:42:49",0.135
597,"L","B",4,"AR",2,2,6,2,3,1,2,2,"THE REPORT",4,3,3,4,4,2,2,2,4,,,,,,,3,4,1,,,5,1,,,,1,"4/20/2016 9:08:37",0.135
598,"L","B",4,"WI",3,5,3,98,5,98,,,,,,,,,,,,,,,,,,,98,98,1,2,,2,1,1,4,1,2,"4/20/2016 9:09:00",1.05
599,"L","B",4,"TX",2,2,6,2,5,98,,,,,,,,,,,,,,,,,,,3,98,1,1,2,5,1,4,2,5,2,"4/20/2016 9:17:34",0.4
600,"L","B",4,"MO",3,3,3,5,5,1,2,3,"WHAT I HAVE SEEN ON TV NEWS ABOUT IT",6,2,2,2,3,3,4,2,2,,,,,,,98,2,1,1,2,5,2,4,2,,2,"4/20/2016 9:24:53",0.45
601,"L","B",4,"MS",2,5,6,5,5,1,1,98,"HOTTER",2,4,4,4,2,4,4,2,2,,,,,,,3,3,2,1,2,4,1,,,6,1,"4/20/2016 9:29:45",0.765
602,"L","B",4,"MN",3,2,3,5,4,2,,,,,,,,,,,,,2,"PERIODS OF DIFFERENT CHANGES HAPPEN ALL THE TIME",2,2,2,2,3,3,1,,,3,1,4,3,3,1,"4/20/2016 9:32:36",0.535
603,"L","B",4,"MN",3,1,4,98,5,1,1,98,"GASES",10,1,1,1,1,1,2,2,1,,,,,,,1,1,1,2,,3,1,1,3,1,1,"4/20/2016 9:38:52",0.635
604,"L","B",3,"KS",3,1,4,3,2,1,1,1,"YOU BELIEVE WHAT THE SCIENTISTS SAY",4,2,1,1,1,2,2,1,1,,,,,,,1,2,1,2,,4,2,1,3,5,2,"4/20/2016 9:42:50",1.07
605,"L","B",3,"MN",3,5,5,3,3,1,2,2,"GETTING HOTTER",2,2,3,2,3,3,3,3,3,,,,,,,3,2,1,2,,2,1,3,3,3,2,"4/20/2016 9:44:42",1.25
606,"L","B",3,"WA",4,2,4,1,1,98,,,,,,,,,,,,,,,,,,,1,3,1,2,,3,1,4,2,6,1,"4/20/2016 9:45:17",0.845
607,"L","B",4,"CA",4,3,6,1,2,1,1,2,"REFUSED",,1,2,98,2,2,98,2,4,,,,,,,3,1,9,6,,2,1,1,2,1,2,"4/20/2016 9:50:52",2.25
608,"L","B",2,"HI",4,2,6,1,5,1,2,3,"STATISTICAL EVIDENCE",4,2,2,2,2,2,2,2,2,,,,,,,1,2,1,6,,4,5,3,3,5,2,"4/20/2016 9:53:23",1.19
609,"L","B",3,"IL",3,2,1,1,3,98,,,,,,,,,,,,,,,,,,,1,4,1,1,2,2,1,2,1,5,1,"4/20/2016 9:55:44",0.885
610,"L","B",4,"WA",4,1,5,2,2,1,1,1,"NEWS",6,1,2,1,2,2,1,2,2,,,,,,,1,1,1,7,,4,98,4,5,,1,"4/20/2016 9:58:22",0.505
611,"L","B",3,"PA",1,2,4,3,5,98,,,,,,,,,,,,,,,,,,,1,1,1,1,2,3,1,1,3,3,2,"4/21/2016 5:19:38",1.15
612,"L","B",2,"NY",1,1,3,5,5,98,,,,,,,,,,,,,,,,,,,98,1,10,6,,3,1,3,,4,2,"4/21/2016 5:23:58",1.27
613,"L","B",4,"PA",1,3,3,1,5,1,1,1,"WEATHER, LIVED LONG ENOUGH TO SEE IT",3,1,1,1,1,1,4,2,4,,,,,,,1,1,,,,5,5,,,,1,"4/21/2016 5:25:07",0.135
614,"L","B",4,"MA",1,2,2,5,2,98,,,,,,,,,,,,,,,,,,,1,2,1,2,,4,1,2,2,2,2,"4/21/2016 5:28:07",0.82
615,"L","B",3,"VA",2,2,5,5,5,98,,,,,,,,,,,,,,,,,,,3,2,1,1,98,3,2,2,2,,2,"4/21/2016 5:29:45",1.15
616,"L","B",4,"FL",2,5,6,5,3,98,,,,,,,,,,,,,,,,,,,3,4,1,1,2,3,1,2,1,2,2,"4/21/2016 5:34:32",0.85
617,"L","B",3,"TN",2,5,2,5,3,98,,,,,,,,,,,,,,,,,,,3,4,1,1,2,,1,2,2,,1,"4/21/2016 5:35:05",0.835
618,"L","B",4,"OH",3,2,4,5,5,2,,,,,,,,,,,,,2,"AVERAGE DAILY TEMPERATURES",1,4,1,4,3,2,1,2,,5,2,4,3,6,1,"4/21/2016 5:36:27",0.145
619,"L","B",4,"NC",2,5,3,98,2,1,3,3,"I REALLY DONT KNOW",10,98,4,98,1,1,98,1,1,,,,,,,3,1,1,1,1,2,1,1,1,,2,"4/21/2016 5:43:32",0.95
620,"L","B",2,"FL",2,5,6,5,5,1,1,1,"SCIENCE",4,1,4,2,4,4,4,1,1,,,,,,,1,2,1,,,5,5,2,3,,1,"4/21/2016 5:44:49",0.555
621,"L","B",2,"NY",1,3,3,3,2,1,1,2,"HUMAN ACTIVITY",8,1,1,1,1,2,1,2,1,,,,,,,3,2,1,1,2,2,1,1,1,2,1,"4/21/2016 5:45:05",1.055
622,"L","B",1,"IN",3,5,3,3,3,2,,,,,,,,,,,,,2,"WINTERS ARE REALLY COLD",1,2,3,1,3,2,1,98,,2,5,1,3,98,2,"4/21/2016 5:45:45",1.42
623,"L","B",2,"IN",3,2,4,2,1,1,2,3,"CLIMATE CHANGES",3,1,1,2,4,1,2,2,4,,,,,,,3,1,1,6,,3,4,4,2,6,1,"4/21/2016 5:46:20",0.965
624,"L","B",4,"MA",1,1,2,1,2,1,1,3,"WEATHER",3,1,1,1,1,1,1,1,1,,,,,,,1,1,,,,3,5,,,,2,"4/21/2016 5:50:10",0.85
625,"L","B",4,"NY",1,1,4,5,2,1,1,1,"ABNORMAL WEATHER PATTERNS ALSO MELTING OF GLOBAL ICE",3,1,2,1,1,2,98,1,1,,,,,,,1,1,1,2,,5,5,1,5,6,1,"4/21/2016 5:50:12",0.145
626,"L","B",3,"PA",1,2,1,5,2,98,,,,,,,,,,,,,,,,,,,1,2,1,,,3,5,2,,5,1,"4/21/2016 5:55:25",0.785
627,"L","B",3,"GA",2,5,6,5,5,98,,,,,,,,,,,,,,,,,,,1,2,1,2,,1,1,98,2,2,1,"4/21/2016 5:58:25",1.135
628,"L","A",2,"TX",2,2,6,5,2,1,1,1,"MELTING ICE CAPS",1,1,2,1,2,1,2,1,1,,,,,,,1,1,1,6,,4,1,1,5,3,2,"4/21/2016 6:15:29",1.24
629,"L","A",3,"MI",3,1,4,2,3,1,1,1,"LESS WINTERS",3,1,2,1,2,2,1,2,2,,,,,,,1,2,1,6,,1,1,3,2,1,1,"4/21/2016 6:19:21",1.235
630,"L","A",4,"AZ",4,98,6,2,2,1,1,1,"HUMAN ACTIVITY",8,98,1,98,4,2,4,1,4,,,,,,,1,98,,,,3,1,,,,1,"4/21/2016 6:26:22",0.535
631,"L","A",4,"MI",3,1,4,4,3,1,3,3,"OZONE LAYER, GLACIERS MELTING",10,2,3,98,1,4,1,1,2,,,,,,,1,1,1,1,2,5,1,1,2,3,2,"4/21/2016 6:27:57",0.45
632,"L","A",4,"GA",2,5,6,4,3,2,,,,,,,,,,,,,1,"DO NOT BELIEVE, EVERYTHING IS A CYCLE",2,2,4,2,3,4,1,1,2,4,5,4,3,4,2,"4/21/2016 6:29:25",0.82
633,"L","A",3,"NJ",1,1,4,4,5,98,,,,,,,,,,,,,,,,,,,3,4,1,1,2,2,3,2,1,,2,"4/21/2016 6:30:42",1.25
634,"L","A",2,"NJ",1,2,4,5,5,2,,,,,,,,,,,,,2,"CONTROVERSIAL",9,2,4,1,3,3,1,2,,5,1,2,2,6,2,"4/21/2016 6:31:12",0.88
635,"L","A",1,"UT",4,2,5,5,2,1,1,1,"CHANGE IN TEMPERATURE",2,2,3,1,1,2,2,1,1,,,,,,,1,1,1,6,,5,5,1,5,4,1,"4/21/2016 6:32:33",0.605
636,"L","A",3,"MD",2,5,5,5,3,1,98,3,"RESEARCH",4,98,98,3,98,98,98,3,98,,,,,,,3,98,1,1,2,5,2,2,3,6,1,"4/21/2016 6:33:17",0.445
637,"L","A",4,"AR",2,5,4,5,5,98,,,,,,,,,,,,,,,,,,,3,98,1,1,2,1,1,2,2,1,2,"4/21/2016 6:37:10",1.25
638,"L","A",2,"NE",3,2,4,5,2,1,2,1,"MAN DOING BAD THINGS",8,1,3,2,1,1,1,1,2,,,,,,,1,1,1,6,,3,1,4,3,2,1,"4/21/2016 6:43:24",0.955
639,"L","A",4,"LA",2,5,6,5,5,2,,,,,,,,,,,,,1,"CYCLES",2,4,4,4,3,4,1,6,,3,1,2,1,3,2,"4/21/2016 6:44:59",0.85
640,"L","A",2,"PA",1,2,5,1,5,1,1,1,"POLAR ICE CAPS",1,1,2,2,1,2,1,1,1,,,,,,,3,2,10,1,2,4,5,1,4,4,2,"4/21/2016 6:45:17",1.24
641,"L","A",2,"PA",1,1,2,2,1,1,1,1,"ALL THE DATA",4,1,3,1,3,3,4,2,2,,,,,,,1,1,1,2,,5,5,2,3,6,1,"4/21/2016 6:48:14",0.565
642,"L","A",4,"UT",4,5,4,5,2,2,,,,,,,,,,,,,3,"I BELIEVE IT IS CYCLICAL, EARTH GOES THRU THESE CYCLES LIKE IN THE",2,3,2,1,1,2,1,1,2,5,2,2,2,6,1,"4/21/2016 6:48:25",0.145
643,"L","A",3,"KS",3,1,4,3,5,1,1,2,"ICE CAPS MELTING",1,1,2,1,2,4,1,2,2,,,,,,,3,2,1,1,2,5,2,2,3,6,1,"4/21/2016 6:51:15",0.445
644,"L","A",3,"VT",1,3,4,5,2,1,2,3,"WEATHER PATTERNS CHANGING",3,1,98,2,1,2,2,1,1,,,,,,,1,2,1,,,4,5,1,1,4,2,"4/21/2016 6:53:23",1.12
645,"L","A",4,"WV",2,5,5,2,3,1,1,2,"NOT AS MUCH SNOW IN WINTERS AS THEY WERE WHEN SHE WAS YOUN",3,2,2,4,1,1,2,1,1,,,,,,,1,2,1,6,,3,1,1,1,1,2,"4/21/2016 6:56:55",0.95
646,"L","A",3,"MD",2,3,4,2,2,1,2,3,"WHAT SHE HAS READ",6,1,1,1,2,2,2,1,1,,,,,,,1,1,1,2,,4,1,,3,,2,"4/21/2016 7:01:20",1.12
647,"L","A",2,"IL",3,2,3,5,3,2,,,,,,,,,,,,,1,"NATURAL CAUSES",2,1,2,1,3,4,,,,5,5,,5,,1,"4/21/2016 7:19:20",0.555
648,"L","A",3,"MN",3,1,4,1,3,1,1,2,"WARMER WINTERS AND SUMMERS",2,1,1,3,1,2,1,2,2,,,,,,,1,1,1,6,,2,1,4,5,3,1,"4/21/2016 7:20:41",0.935
649,"L","A",2,"WI",3,3,5,3,5,1,1,1,"RISING SEA LEVELS",11,1,4,2,4,4,1,2,1,,,,,,,3,1,10,2,,3,5,4,3,3,1,"4/21/2016 7:27:16",0.835
650,"L","A",4,"NM",4,5,2,2,5,1,1,1,"FOSSIL FUELS",8,2,2,1,1,1,1,1,1,,,,,,,1,1,1,1,2,4,1,1,5,3,1,"4/21/2016 7:29:16",0.505
651,"L","A",3,"TN",2,2,2,5,2,1,1,3,"CLIMATE CHANGES",3,2,2,3,1,2,2,2,1,,,,,,,1,1,1,,,4,1,2,3,2,1,"4/21/2016 7:31:29",0.805
652,"L","A",3,"LA",2,1,6,1,5,1,2,3,"POLLUTION FROM CARS AND FACTORIES",8,1,4,2,2,2,2,1,1,,,,,,,1,1,1,2,,3,1,1,2,,2,"4/21/2016 7:36:58",1.15
653,"L","A",4,"FL",2,5,6,2,2,1,1,98,"CHANGED WEATHER",3,4,2,3,3,2,4,2,2,,,,,,,1,1,1,2,,2,1,4,2,5,1,"4/21/2016 7:38:01",0.585
654,"L","A",2,"TN",2,2,4,3,3,98,,,,,,,,,,,,,,,,,,,1,1,1,1,1,2,1,1,1,2,2,"4/21/2016 7:40:51",1.37
655,"L","A",3,"FL",2,5,6,2,3,1,2,98,"TOO MANY AUTOMOBILES",8,3,4,3,2,2,2,2,2,,,,,,,1,2,1,1,2,3,1,2,2,,2,"4/21/2016 7:48:06",1.15
656,"L","A",3,"IL",3,2,4,4,2,98,,,,,,,,,,,,,,,,,,,1,2,1,2,,3,2,2,3,3,2,"4/21/2016 7:50:59",1.15
657,"L","A",4,"IN",3,2,2,5,5,1,1,2,"NOT SURE",10,98,2,4,3,2,2,2,1,,,,,,,1,2,1,1,1,2,1,1,3,,2,"4/21/2016 7:57:29",0.95
658,"L","B",1,"NY",1,1,3,3,5,1,1,3,"MILDER WINTERS",3,1,1,1,1,1,1,2,2,,,,,,,1,1,1,1,1,3,5,4,3,4,2,"4/21/2016 8:12:35",1.32
659,"L","B",4,"MN",3,2,3,3,2,1,1,3,"GLACIERS MELTING",1,1,1,1,1,1,2,2,1,,,,,,,1,1,1,2,,5,1,1,4,4,1,"4/21/2016 8:17:56",0.135
660,"L","B",1,"AZ",4,1,4,2,98,1,1,2,"ICE CAPS MELTING",1,1,1,1,98,1,1,1,1,,,,,,,1,1,1,1,2,5,5,2,5,,2,"4/21/2016 8:26:53",0.92
661,"L","B",4,"FL",2,2,6,2,2,2,,,,,,,,,,,,,2,"NATURAL CYCLES OF THE EARTH",2,1,1,1,98,3,1,2,,2,5,2,2,,2,"4/21/2016 8:32:28",0.95
662,"L","B",4,"LA",2,5,6,5,5,2,,,,,,,,,,,,,1,"VERY LITTLE CHANGE",1,3,3,1,3,3,1,2,,5,5,2,2,6,1,"4/21/2016 8:35:22",0.145
663,"L","B",4,"FL",2,2,6,3,2,2,,,,,,,,,,,,,1,"WEATHER THE SAME",1,1,4,2,1,4,1,6,,3,1,2,2,1,2,"4/21/2016 8:41:45",0.95
664,"L","B",4,"WA",4,2,6,1,1,1,1,3,"CLOSER TO THE SUN",10,1,1,98,4,1,4,1,1,,,,,,,1,98,10,1,2,4,2,1,3,6,2,"4/21/2016 8:47:16",0.71
665,"L","B",2,"MI",3,1,4,5,2,1,1,3,"SCIENCE",4,2,2,3,2,2,2,2,2,,,,,,,98,1,1,2,,5,5,1,3,6,2,"4/21/2016 8:57:29",0.88
666,"L","B",4,"TX",2,5,6,5,1,2,,,,,,,,,,,,,1,"OCEAN LEVELS ARE NOT RISING",5,1,2,1,3,3,10,1,2,5,1,,1,3,1,"4/21/2016 8:59:15",0.035
667,"L","B",4,"OR",4,2,3,2,1,1,1,1,"BURNING FOSSIL FUELS",8,1,1,2,3,2,3,2,2,,,,,,,1,1,1,6,,5,2,3,5,5,2,"4/21/2016 9:04:20",0.4
668,"L","B",3,"NY",1,1,4,2,2,1,1,1,"PERSONAL EXPERIENCE",2,1,1,2,1,1,3,1,1,,,,,,,1,2,1,2,,5,2,4,5,6,1,"4/25/2016 5:07:24",0.445
669,"L","B",4,"VA",2,1,5,2,1,1,1,1,"EVIDENCE",4,1,2,2,2,2,3,2,2,,,,,,,1,2,1,1,1,4,1,2,2,3,1,"4/25/2016 5:09:30",0.505
670,"L","B",4,"PA",1,1,4,5,5,1,1,3,"THE NEWSPAPER",6,1,4,4,1,2,1,2,2,,,,,,,1,1,1,1,1,5,1,1,3,2,1,"4/25/2016 5:15:18",0.135
671,"L","B",2,"NJ",1,2,3,3,5,1,3,3,"CLIMATE CHANGE",3,2,3,3,1,3,3,3,2,,,,,,,1,1,5,5,,3,5,,3,,1,"4/25/2016 5:15:56",1.505
672,"L","B",4,"ME",1,1,4,1,3,1,2,98,"NOT SURE",10,2,1,98,4,2,98,4,3,,,,,,,3,2,1,1,2,2,1,1,4,1,2,"4/25/2016 5:19:05",1.05
673,"L","B",2,"NJ",1,1,4,5,5,1,2,1,"TEMPERATURES",2,2,2,98,4,1,2,1,2,,,,,,,1,2,5,5,,5,5,4,4,6,1,"4/25/2016 5:21:53",1.115
674,"L","B",3,"NC",2,5,5,2,5,1,1,1,"STATISTICS, AND IT IS HOTTER AND THE ICE CAPS ARE MELTING",4,2,2,3,3,3,98,3,1,,,,,,,1,2,2,6,,4,5,1,5,5,2,"4/25/2016 5:22:15",1.32
675,"L","B",3,"SC",2,2,5,98,3,1,1,1,"SCIENCE",4,2,3,2,3,3,2,2,2,,,,,,,1,1,1,1,2,5,5,4,3,6,1,"4/25/2016 5:27:06",0.445
676,"L","B",3,"VA",2,2,5,5,5,1,2,2,"THE EVIDENCE",4,1,2,2,2,2,1,2,1,,,,,,,98,1,1,98,,5,4,1,4,4,2,"4/25/2016 5:28:11",0.75
677,"L","B",4,"CT",1,1,4,5,5,1,1,2,"ITS HOTTER AND HOTTER",2,1,1,3,1,1,1,2,2,,,,,,,1,2,2,1,2,3,5,1,4,6,2,"4/25/2016 5:30:30",1.11
678,"L","B",3,"TN",2,1,4,5,1,1,1,1,"ICE SHEETS MELTING",1,1,1,4,4,1,1,1,1,,,,,,,1,1,1,3,,3,4,3,98,3,1,"4/25/2016 5:31:13",0.835
679,"L","B",4,"MA",1,5,4,5,3,2,,,,,,,,,,,,,2,"AVG TEMP HAS INCREASED LESS THAN ONE DEGREE",5,4,3,3,3,3,1,1,1,5,5,2,3,6,1,"4/25/2016 5:32:28",0.145
680,"L","B",4,"PA",1,5,3,3,2,1,1,3,"WEATHER CHANGES",3,2,2,3,1,3,4,3,2,,,,,,,2,2,2,6,,3,2,1,4,3,1,"4/25/2016 5:35:25",0.785
681,"L","B",3,"OH",3,1,4,2,2,1,1,1,"POLAR ICE CAPS ARE MELTING.  SUMMERS ARE LONGER.  WINTERS",1,1,3,1,3,2,2,1,1,,,,,,,3,1,2,6,,3,1,1,5,3,1,"4/25/2016 5:39:01",1.085
682,"L","B",2,"MA",1,2,3,5,5,1,1,1,"ICEBERGS MELTING GLACIERS MELTING",1,1,4,1,4,4,1,1,1,,,,,,,1,1,1,1,2,3,2,4,4,2,1,"4/25/2016 5:41:05",0.955
683,"L","B",2,"NC",2,1,4,5,5,1,2,98,"NEWS",6,2,2,4,98,2,98,2,2,,,,,,,1,2,1,6,,4,5,4,5,3,2,"4/25/2016 5:42:06",1.24
684,"L","B",2,"MI",3,3,4,4,4,2,,,,,,,,,,,,,2,"LIVED IN MI ALL MY LIFE NOT GETTING WARMER",1,4,2,2,1,1,1,6,,4,5,4,4,,2,"4/25/2016 5:43:25",1.24
685,"L","B",3,"FL",2,5,6,5,2,1,1,1,"WARMER SEASONAL TEMPERATURES",2,2,1,3,2,1,98,1,1,,,,,,,3,98,1,6,,1,1,1,2,2,2,"4/25/2016 5:43:49",1.45
686,"L","B",3,"NJ",1,2,5,98,5,1,1,1,"SCIENTIFIC RESEARCH",4,1,2,1,1,2,1,1,1,,,,,,,1,1,1,98,,4,1,98,98,6,2,"4/25/2016 5:46:20",1.13
687,"L","B",3,"PA",1,2,5,2,2,98,,,,,,,,,,,,,,,,,,,1,3,1,6,,2,6,2,98,3,1,"4/25/2016 5:50:25",0.935
688,"L","B",2,"NC",2,1,4,5,2,98,,,,,,,,,,,,,,,,,,,3,98,1,1,2,5,5,4,3,6,2,"4/25/2016 5:53:17",0.88
689,"L","B",4,"FL",2,2,6,5,3,1,2,3,"THE BIBLE",12,1,1,4,1,4,4,4,4,,,,,,,1,1,10,6,,2,1,1,3,1,2,"4/25/2016 5:57:05",1.05
690,"L","B",2,"MI",3,2,3,5,5,98,,,,,,,,,,,,,,,,,,,98,98,,6,,1,6,98,,,1,"4/25/2016 5:59:05",1.255
691,"L","B",1,"PA",1,1,4,2,1,1,1,1,"ICE MELTING",1,1,1,3,2,1,1,1,1,,,,,,,1,1,2,6,,4,5,1,4,,2,"4/25/2016 6:05:22",1.54
692,"L","B",4,"NY",1,1,4,2,2,1,1,1,"WINTERS ARE WARMER",2,3,1,3,2,1,1,1,1,,,,,,,1,1,1,2,,1,1,1,3,3,1,"4/25/2016 6:10:01",0.835
693,"L","B",3,"CO",4,1,4,2,2,1,1,3,"AREA THAT SHE LIVED IN NOW IS WAMRER ESPECIALLY IN WINTER",2,1,1,2,2,1,2,1,3,,,,,,,3,2,,,,3,2,,,,2,"4/25/2016 6:15:37",1.15
694,"L","B",4,"NE",3,2,4,2,2,1,2,3,"WILD WEATHER",3,2,2,2,2,2,1,1,2,,,,,,,1,2,1,1,2,2,1,4,4,2,2,"4/25/2016 6:16:51",0.95
695,"L","B",4,"MO",3,1,4,5,2,1,1,1,"SO MANY CAR EMISSIONS",8,1,2,4,1,1,1,1,1,,,,,,,1,1,2,6,,3,1,1,4,2,2,"4/25/2016 6:24:27",1.1
696,"L","B",4,"KS",3,2,3,98,98,1,1,3,"SCIENTIFIC EVIDENCE",4,1,1,1,1,1,98,1,1,,,,,,,1,1,,,,5,98,,3,,2,"4/25/2016 6:26:57",0.45
697,"L","B",2,"KY",2,1,1,2,2,98,,,,,,,,,,,,,,,,,,,1,1,1,1,1,3,1,1,2,3,2,"4/25/2016 6:28:21",1.27
698,"L","B",2,"WI",3,5,5,5,5,98,,,,,,,,,,,,,,,,,,,98,98,1,1,2,3,3,4,3,5,1,"4/25/2016 6:29:19",0.905
699,"L","B",1,"PA",1,2,3,3,2,1,1,3,"GLACIERS MELTING",1,1,3,3,4,3,3,2,3,,,,,,,3,3,1,1,2,3,5,4,3,1,2,"4/25/2016 6:29:35",1.42
700,"L","B",1,"PA",1,1,4,2,5,1,1,2,"NO COMMENT",10,1,1,4,2,1,2,1,2,,,,,,,1,1,1,2,,5,1,1,98,1,2,"4/25/2016 6:29:42",1.02
701,"L","B",4,"WI",3,1,4,2,1,1,1,3,"SCIENTIFIC INFO",4,1,1,1,1,1,2,1,1,,,,,,,1,1,1,6,,4,1,4,3,3,2,"4/25/2016 6:38:06",0.82
702,"L","B",4,"MI",3,4,2,5,2,2,,,,,,,,,,,,,4,"HOGWASH",9,2,4,4,1,2,1,1,2,4,1,2,2,,1,"4/25/2016 6:39:49",0.505
703,"L","B",4,"WI",3,2,3,3,1,1,1,1,"WEATHER PATTERNS BECAME WORSE",3,1,1,3,3,3,1,1,1,,,,,,,3,1,1,2,,2,1,1,1,,1,"4/25/2016 6:44:45",0.635
704,"L","B",1,"NY",1,2,4,5,2,98,,,,,,,,,,,,,,,,,,,1,98,10,3,,3,5,1,3,5,2,"4/25/2016 6:45:46",1.27
705,"L","B",4,"OH",3,2,3,2,3,1,1,2,"NATURAL ENVIRONMENTAL ISSUES",10,1,2,2,2,2,4,2,1,,,,,,,1,1,2,,,3,4,1,2,3,2,"4/25/2016 6:49:11",1.1
706,"L","B",3,"LA",2,1,6,2,1,1,1,3,"WEATHER",3,2,1,4,1,2,2,1,1,,,,,,,1,1,,,,2,1,,,,2,"4/25/2016 6:50:07",1.25
707,"L","B",4,"CO",4,2,1,5,2,1,98,3,"HEAT COMES IN CYCLES",9,1,1,98,1,2,2,1,2,,,,,,,1,2,1,1,1,2,2,4,2,2,2,"4/25/2016 6:51:19",0.95
708,"L","B",4,"NY",1,2,4,5,5,98,,,,,,,,,,,,,,,,,,,98,2,1,2,,2,2,4,2,3,1,"4/25/2016 6:51:34",0.635
709,"L","B",3,"MO",3,2,5,3,5,2,,,,,,,,,,,,,1,"BASED ON FACTS AND DATA",5,3,2,1,1,4,1,1,2,4,5,4,2,6,2,"4/25/2016 6:54:31",1.13
710,"L","B",2,"TX",2,1,2,2,2,2,,,,,,,,,,,,,1,"JUST A NORMAL PATTERN NOT GLOBAL WARMING",2,1,1,1,2,2,1,2,,5,1,2,1,6,1,"4/25/2016 6:55:13",0.565
711,"L","B",3,"IL",3,1,4,3,1,1,1,2,"SEASONS ARE CHANGING",3,1,1,4,2,1,1,1,1,,,,,,,1,1,1,1,2,5,1,1,4,2,2,"4/25/2016 6:55:16",0.75
712,"L","B",2,"NY",1,2,4,5,3,98,,,,,,,,,,,,,,,,,,,3,4,1,6,,2,2,,,2,1,"4/25/2016 7:00:19",1.055
713,"L","A",3,"WA",4,2,6,2,5,1,2,98,"GLOBAL POPULATION",13,3,3,2,2,4,4,4,4,,,,,,,3,,1,7,,2,5,4,4,1,1,"4/25/2016 7:28:41",1.035
714,"L","A",3,"UT",4,3,2,5,3,2,,,,,,,,,,,,,1,"READING ON WEATHER FLUCTUATIONS",4,2,2,2,3,3,1,6,,4,5,2,1,6,1,"4/25/2016 7:29:51",0.815
715,"L","A",2,"TX",2,2,6,5,1,1,1,1,"EVERY YEAR IT HAS BEEN GETTING WARMER",2,2,1,1,1,1,1,1,1,,,,,,,1,1,1,6,,2,1,98,,2,2,"4/25/2016 7:30:20",1.37
716,"L","A",3,"PA",1,2,3,2,2,1,1,98,"NEWS MEDIA",6,1,1,98,98,2,2,2,2,,,,,,,1,2,1,1,2,4,1,1,3,,1,"4/25/2016 7:30:57",0.805
717,"L","A",4,"VA",2,2,4,3,5,1,1,1,"POLLUTION FROM CARS AND FACTORIES",8,3,1,2,2,1,3,2,1,,,,,,,1,2,2,1,2,1,1,2,2,4,1,"4/25/2016 7:31:17",1.085
718,"L","A",3,"AK",4,2,4,5,5,1,2,3,"NATURAL FACTORS",9,1,2,4,2,2,2,98,2,,,,,,,1,2,1,2,,3,5,2,2,,1,"4/25/2016 7:31:42",0.835
719,"L","A",4,"FL",2,2,6,5,2,2,,,,,,,,,,,,,1,"NORMAL WEATHER PATTERNS",2,1,4,2,1,3,1,2,,4,1,4,2,4,1,"4/25/2016 7:31:51",0.505
720,"L","A",4,"WI",3,2,5,3,5,98,,,,,,,,,,,,,,,,,,,1,98,1,1,1,2,2,2,2,2,2,"4/25/2016 7:37:12",0.95
721,"L","A",4,"PA",1,1,4,5,1,1,1,1,"FUEL WE USE",8,2,1,98,98,2,2,1,1,,,,,,,1,1,1,2,,2,2,1,4,4,1,"4/25/2016 7:41:43",0.635
722,"L","A",3,"OR",4,2,4,1,2,1,1,3,"WARMER SEASONAL TEMPS",2,1,1,4,2,2,1,1,1,,,,,,,1,2,1,6,,4,1,4,3,4,1,"4/25/2016 7:41:52",0.805
723,"L","A",4,"AL",2,5,5,5,5,2,,,,,,,,,,,,,1,"CAN'T TELL ANY DIFFERENCE",1,4,4,4,3,4,1,1,2,2,3,2,1,3,1,"4/25/2016 7:44:08",0.635
724,"L","A",4,"NM",4,4,4,5,4,2,,,,,,,,,,,,,98,"NOT SURE",9,2,3,98,3,98,10,1,1,1,1,1,2,1,2,"4/25/2016 7:48:11",1.15
725,"L","A",3,"KY",2,5,5,3,1,98,,,,,,,,,,,,,,,,,,,1,2,10,2,,4,5,,,,2,"4/25/2016 7:48:37",1
726,"L","A",4,"IA",3,5,98,2,5,2,,,,,,,,,,,,,1,"LISTEN TO DIFFERENT PEOPLE",9,4,4,2,3,3,1,1,1,2,3,4,2,1,1,"4/25/2016 7:53:59",0.735
727,"L","A",4,"TN",2,1,3,2,2,1,1,3,"STATISTICS",4,1,1,2,2,2,1,1,1,,,,,,,1,1,1,7,,4,2,1,4,6,2,"4/25/2016 7:56:02",0.83
728,"L","A",4,"NY",1,2,5,5,2,98,,,,,,,,,,,,,,,,,,,2,1,1,1,2,3,1,1,1,4,1,"4/25/2016 7:56:34",0.535
729,"L","A",3,"IN",3,1,4,5,5,1,1,1,"MELTING POLAR ICE CAPS",1,1,2,1,1,2,1,2,2,,,,,,,1,1,1,1,2,5,1,4,4,4,1,"4/25/2016 7:57:04",0.435
730,"L","A",4,"MN",3,5,3,5,5,2,,,,,,,,,,,,,1,"BECAUSE OBAMA SAYS IT IS BUT HE IS A LIAR",7,4,4,4,3,3,10,6,,3,1,4,1,5,1,"4/25/2016 7:58:53",0.385
731,"L","A",4,"GA",2,5,6,5,5,2,,,,,,,,,,,,,1,"NATURAL CYCLES",2,4,2,1,1,4,1,6,,5,1,,,,2,"4/25/2016 8:02:18",0.45
732,"L","A",3,"NC",2,5,3,98,5,98,,,,,,,,,,,,,,,,,,,98,98,1,,,,1,,,,1,"4/25/2016 8:03:46",0.835
733,"L","A",3,"IL",3,2,3,5,2,98,,,,,,,,,,,,,,,,,,,3,2,1,1,2,4,1,1,2,5,1,"4/25/2016 8:10:41",0.755
734,"L","A",4,"NV",4,5,5,5,4,2,,,,,,,,,,,,,1,"IT VARIES",2,4,3,4,3,4,1,6,,3,6,,,3,1,"4/25/2016 8:11:17",0.535
735,"L","A",4,"VA",2,2,4,2,5,1,2,98,"RADIO AND TV",6,1,3,2,4,2,98,98,1,,,,,,,1,1,1,1,1,5,4,1,4,3,1,"4/25/2016 8:13:41",0.135
736,"L","A",4,"NY",1,2,2,2,4,98,,,,,,,,,,,,,,,,,,,1,2,1,2,,5,5,4,3,4,1,"4/25/2016 8:14:51",0.135
737,"L","A",4,"PA",1,2,3,1,5,1,1,2,"BECAUSE I DON'T LIKE HEAT AND I NOTICED IT IS GETTING HOTT",2,1,2,2,1,3,1,1,1,,,,,,,1,1,1,1,2,1,1,4,3,1,2,"4/25/2016 8:16:13",1.25
738,"L","A",3,"PA",1,2,1,2,5,98,,,,,,,,,,,,,,,,,,,1,2,2,1,2,4,98,2,1,3,2,"4/25/2016 8:16:41",1.37
739,"L","A",3,"ME",1,5,5,5,3,2,,,,,,,,,,,,,1,"MEDIA LIED",4,4,4,1,98,4,,1,1,5,6,4,5,,2,"4/25/2016 8:20:06",0.75
740,"L","A",3,"NE",3,5,3,5,5,2,,,,,,,,,,,,,2,"NOT LONG ENOUGH HISTORY",3,4,2,1,3,2,,,,3,5,,,,1,"4/25/2016 8:24:45",0.835
741,"L","A",4,"NJ",1,,,5,5,1,1,3,"GLACIERS MELTING",1,2,2,98,98,1,2,98,98,,,,,,,98,2,1,1,2,5,1,4,3,6,2,"4/25/2016 8:26:26",0.46
742,"L","A",4,"KY",2,3,1,1,2,1,1,98,"WHAT THE NEWS SAYS",6,3,2,4,2,2,3,1,1,,,,,,,1,1,1,1,1,2,1,1,1,2,2,"4/25/2016 8:27:30",0.95
743,"L","A",3,"IL",3,2,4,2,2,1,1,1,"SCIENTIFIC CONSENSUS",4,1,3,1,1,2,1,1,1,,,,,,,1,1,1,3,,5,5,4,5,5,1,"4/25/2016 8:27:46",0.385
744,"L","A",3,"SD",3,5,5,5,5,1,1,1,"FUEL EMISSIONS",8,2,4,2,1,2,2,2,2,,,,,,,3,1,10,6,,4,2,4,,6,1,"4/25/2016 8:29:08",0.715
745,"L","A",3,"PA",1,1,4,5,1,2,,,,,,,,,,,,,1,"THE WEATHER",1,1,4,3,3,4,1,98,,5,1,2,1,6,1,"4/25/2016 8:33:05",0.445
746,"L","A",4,"OH",3,1,4,3,2,1,2,3,"SOUTHWEST DROUGHTS",3,1,3,2,3,3,1,2,2,,,,,,,1,2,1,2,,3,2,4,4,3,1,"4/25/2016 8:33:24",0.535
747,"L","A",4,"OH",3,5,5,3,2,2,,,,,,,,,,,,,3,"NOT SURE",9,3,3,4,3,1,2,6,,2,1,,3,1,2,"4/25/2016 8:35:48",1.3
748,"L","A",4,"OK",2,5,5,5,5,2,,,,,,,,,,,,,1,"ITS THE WAY ITS ALWAYS BEEN, THE GOOD LORD SENDS IT AND WE DEAL WIT",1,4,4,4,3,4,1,2,,2,4,2,2,2,2,"4/25/2016 8:39:22",0.95
749,"L","A",3,"PA",1,1,4,2,2,2,,,,,,,,,,,,,1,"NASA STATEMENTS RECENTLY DISCLOSED",5,1,4,1,1,1,1,1,1,3,3,4,3,3,1,"4/25/2016 8:45:54",0.835
750,"L","A",4,"CA",4,5,5,5,5,1,2,1,"PEOPLE",8,2,3,98,2,2,4,1,1,,,,,,,3,2,1,1,98,3,98,1,3,98,1,"4/25/2016 8:50:18",0.535
751,"L","B",4,"CA",4,2,6,5,5,98,,,,,,,,,,,,,,,,,,,2,98,10,1,2,3,1,1,1,,2,"4/25/2016 8:51:47",0.73
752,"L","B",4,"WA",4,1,4,5,1,1,1,2,"WARMER",2,1,1,98,2,1,98,2,2,,,,,,,3,98,1,1,2,3,1,1,3,1,1,"4/25/2016 8:52:52",0.635
753,"L","B",4,"IL",3,2,3,5,2,1,2,2,"I DON'T HAVE THE ANSWER I DON'T KNOW",10,98,2,4,4,4,98,4,2,,,,,,,3,2,2,1,1,2,2,1,4,2,2,"4/25/2016 8:53:55",1.2
754,"L","B",4,"AK",4,1,4,3,5,1,2,1,"MELTING POLAR CAPS",1,1,1,2,2,1,1,2,2,,,,,,,1,2,1,6,,5,6,4,3,6,1,"4/25/2016 8:57:03",0.145
755,"L","B",4,"CA",4,2,3,1,1,1,1,98,"EVERYONE BURNING FIRE WOOD",8,1,2,2,1,1,98,1,2,,,,,,,1,1,9,1,1,3,5,,98,6,1,"4/25/2016 8:59:00",1.745
756,"L","B",1,"IA",3,5,3,5,5,2,,,,,,,,,,,,,4,"I HAVE NOT STUDIED A WHOLE LOT.  WHAT I HAVE HEARD IS OUT THERE",9,2,1,1,98,98,,,,3,5,2,1,,2,"4/25/2016 9:04:17",1.32
757,"L","B",3,"GA",2,2,3,5,1,98,,,,,,,,,,,,,,,,,,,1,2,1,6,,1,1,98,98,1,2,"4/26/2016 5:11:07",1.55
758,"L","B",3,"MI",3,4,1,5,3,1,2,1,"GLACIERS MELTING",1,1,4,4,2,4,98,2,1,,,,,,,3,2,1,,,4,1,98,2,,2,"4/26/2016 5:20:02",1.12
759,"L","B",3,"ME",1,1,4,98,4,1,1,1,"WHAT I HAVE READ",6,2,2,2,3,2,2,2,2,,,,,,,1,1,1,2,,4,5,1,3,5,2,"4/26/2016 5:21:06",1.07
760,"L","B",4,"VT",1,1,4,2,5,1,1,1,"PAST WINTER NOT NORMAL",3,1,1,1,1,1,1,1,1,,,,,,,1,1,1,6,,3,3,1,5,4,1,"4/26/2016 5:29:46",0.535
761,"L","B",2,"NY",1,1,4,3,4,98,,,,,,,,,,,,,,,,,,,1,2,1,,,2,1,2,2,3,1,"4/26/2016 5:52:53",1.055
762,"L","B",4,"FL",2,3,6,5,5,2,,,,,,,,,,,,,1,"PEOPLE THAT ARE SAYING IT",9,1,1,1,3,4,1,1,2,3,2,2,1,6,1,"4/26/2016 5:59:51",0.545
763,"L","B",3,"MI",3,4,3,5,3,98,,,,,,,,,,,,,,,,,,,1,2,10,2,,4,1,1,2,3,1,"4/26/2016 6:03:42",0.685
764,"L","B",4,"PA",1,4,3,1,1,98,,,,,,,,,,,,,,,,,,,3,98,1,2,,2,2,98,98,1,2,"4/26/2016 6:03:51",1.05
765,"L","B",4,"PA",1,4,3,1,2,2,,,,,,,,,,,,,2,"RESEARCH",5,2,2,1,1,3,1,1,1,2,1,2,2,2,2,"4/26/2016 6:06:09",0.95
766,"L","B",3,"VA",2,2,2,2,5,98,,,,,,,,,,,,,,,,,,,3,2,1,1,98,4,5,2,2,6,1,"4/26/2016 6:12:14",0.815
767,"L","B",3,"OH",3,1,4,2,5,1,1,2,"PERSONAL OBSERVATION",2,1,1,1,3,4,2,2,1,,,,,,,1,1,,,,2,5,,,,1,"4/26/2016 6:22:26",0.935
768,"L","B",4,"MI",3,2,4,5,2,1,2,1,"ARCTIC ICE IS GOING AWAY",1,1,4,3,2,2,2,2,2,,,,,,,3,2,1,1,2,3,2,1,3,4,1,"4/26/2016 6:27:11",0.535
