"id","finisheddate","party","elected","occupation","foreclosure_problem","republican","democrat","election_partisan","treatment_republican","treatment_democrat","matched_party","diffussion_interested","formofgovernment","townmeetingbasedpolicy"
"R_8jDIujOz9NhmlE1","8/6/12 14:47",3,2,1,1,0,0,0,0,1,,1,6,0
"R_9FTr5LhdCFp7zpP","8/16/12 20:09",1,2,1,1,1,0,0,0,1,0,0,5,0
"R_81RxjEk0dhhu5I9","8/18/12 11:48",1,2,2,0,1,0,0,0,1,0,0,5,0
"R_0iywdpn5JZVRKu1","8/6/12 9:09",1,3,1,0,1,0,1,1,0,1,1,6,1
"R_0VAkOvUn7bdt2df","8/14/12 9:45",3,3,1,1,0,0,1,1,0,,0,4,
"R_3gFhg5nVawYAKDX","8/6/12 13:00",1,2,2,0,1,0,0,,,,,4,0
"R_3Xh1ix6vEN9ofeR","8/6/12 12:41",2,1,1,1,0,1,,1,0,0,1,4,0
"R_4UPUEnB8NwfTFc1","8/8/12 1:04",2,3,2,1,0,1,1,0,1,1,1,4,0
"R_dmqzTI1dR93wArr","8/6/12 10:02",1,3,2,0,1,0,1,1,0,1,0,7,1
"R_6gOmvOyz4zleUh7","8/6/12 9:58",2,3,1,1,0,1,1,1,0,0,1,4,0
"R_0x3RvwDOzfBhIMd","8/7/12 0:16",2,3,2,1,0,1,1,0,1,1,1,4,0
"R_ablId0LUWMd2M8l","8/6/12 10:27",2,3,2,0,0,1,1,1,0,0,1,4,0
"R_6xsM5FZeuiVOwSN","8/14/12 9:44",2,3,2,1,0,1,1,0,1,1,0,5,0
"R_3kiI0617wUP4uoJ","8/8/12 16:49",2,3,2,1,0,1,1,1,0,0,,5,0
"R_0JkA5ZYunfpiEex","8/7/12 11:15",1,3,1,1,1,0,1,1,0,1,1,7,1
"R_eg3iIe6wVLRygcZ","8/14/12 15:32",1,2,2,0,1,0,0,1,0,1,0,4,0
"R_5oNgnaF6aUrDfIF","8/14/12 10:54",1,2,2,1,1,0,0,,,,,4,0
"R_a922jAJzSEYCucl","8/6/12 15:04",1,3,2,1,1,0,1,1,0,1,1,7,1
"R_brpyFcfd2puCbhH","8/14/12 10:28",1,3,2,0,1,0,1,0,1,0,0,7,1
"R_50IEBNjiEmgPJI1","8/7/12 0:11",3,2,2,0,0,0,0,0,1,,0,4,0
"R_9MsUPtdBpuuNG4d","8/14/12 11:53",3,2,1,1,0,0,0,1,0,,0,4,0
"R_9oan3NAsGia1DPT","8/14/12 10:10",1,2,2,0,1,0,0,1,0,1,0,5,0
"R_0D7WqruzRkScgap","8/26/12 12:30",3,2,2,1,0,0,0,0,1,,0,4,0
"R_0vwd26WMArS7d09","8/14/12 10:04",3,2,2,0,0,0,0,1,0,,0,4,0
"R_1BV9bsNqkih8Y6h","8/14/12 10:20",1,2,2,1,1,0,0,1,0,1,1,5,0
"R_88G8B5gYQqRZNl3","8/14/12 12:42",1,2,2,0,1,0,0,0,1,0,0,4,0
"R_bHsbFQ3AbE1KHB3","8/7/12 20:15",2,2,2,0,0,1,0,1,0,0,0,5,0
"R_9XIQ5eOWK8xAucR","8/8/12 8:38",2,3,2,1,0,1,1,1,0,0,1,4,0
"R_6Gc0s8tsIs4vFzv","8/27/12 16:30",1,3,2,0,1,0,1,1,0,1,0,4,0
"R_9Squ8tdZozuPq4Z","8/14/12 10:27",2,3,2,1,0,1,1,0,1,1,1,4,0
"R_4SAKCMqK3jRaVIp","8/6/12 10:35",1,3,2,0,1,0,1,1,0,1,1,4,0
"R_bJCielINCjhpsnr","8/15/12 11:52",5,2,1,1,0,0,0,0,1,,0,4,0
"R_293KQNOyjRLx9R3","8/7/12 1:40",3,2,2,1,0,0,0,1,0,,1,4,
"R_b3FhIrA46rutdA1","8/16/12 15:25",5,2,2,0,0,0,0,1,0,,1,5,0
"R_4TJupd8IE7dNUUJ","8/12/12 1:37",3,2,2,1,0,0,0,0,1,,1,4,
"R_9BqYnvIWW6AIWep","8/14/12 11:57",5,2,2,0,0,0,0,0,1,,1,5,0
"R_55DbllWJ9qs4Hlz","8/27/12 12:28",,,,,,,,,,,,4,0
"R_9AoMXok8rKT5EBD","8/6/12 13:30",2,2,2,0,0,1,0,1,0,0,0,5,0
"R_erqDhnICpaWZ6Kh","8/14/12 10:02",5,2,2,0,0,0,0,0,1,,1,5,0
"R_bQ0QKAnnMIQnQMd","8/15/12 16:58",1,1,1,1,1,0,,1,0,1,1,5,0
"R_0ezLK4e06i6VakJ","8/15/12 0:33",1,3,2,1,1,0,1,1,0,1,0,4,0
"R_3WpiIBxmzMjDLiR","8/7/12 10:00",2,3,2,0,0,1,1,1,0,0,1,5,0
"R_0dixdViaXKMGpc9","8/9/12 0:13",1,2,2,1,1,0,0,0,1,0,0,5,0
"R_56od6W1MpYM3OeN","8/6/12 13:55",2,2,1,1,0,1,0,0,1,1,0,5,0
"R_eVQ7wQFsI4nPXrT","8/27/12 9:22",1,2,2,1,1,0,0,1,0,1,1,5,0
"R_9t7MHGM5V0yuXSl","8/14/12 21:52",3,2,2,0,0,0,0,0,1,,0,4,0
"R_5ihdIfa8NdhRWp7","8/12/12 17:10",1,2,2,1,1,0,0,0,1,0,1,5,0
"R_6DnvAGhl7wcvyXH","8/14/12 9:55",1,2,2,1,1,0,0,1,0,1,1,5,0
"R_e2kdxsMCHuliTCR","8/6/12 22:11",3,2,2,0,0,0,0,0,1,,1,4,0
"R_d9ZhttPuzP7qnYx","8/16/12 9:54",2,2,2,1,0,1,0,0,1,1,1,4,0
"R_5vzQKNGu98kLpYh","8/31/12 16:28",,,,,,,,,,,,5,0
"R_3yGV9h5A8kwNQlD","8/14/12 17:27",1,2,2,0,1,0,0,0,1,0,0,4,0
"R_2otP3xV13YO3YX3","8/24/12 14:14",2,2,2,1,0,1,0,1,0,0,0,5,0
"R_9Qxrij0eB4JkmA5","8/31/12 16:32",2,3,2,1,0,1,1,1,0,0,1,4,0
"R_cApz8twLI6Gg805","8/22/12 19:46",2,3,1,1,0,1,1,0,1,1,1,4,0
"R_6QXeXIie37jT66x","8/21/12 21:31",2,3,1,1,0,1,1,0,1,1,1,4,0
"R_b2ekahlRi8iMk8B","8/14/12 13:03",2,2,2,1,0,1,0,0,1,1,1,4,0
"R_e5KtgiKVzpNYc6h","8/16/12 9:13",1,2,2,,1,0,0,1,0,1,1,5,0
"R_erJbiMvCkaVEenH","8/9/12 20:04",1,2,2,1,1,0,0,0,1,0,1,,
"R_etlxEWHaldji7M9","9/15/12 14:51",2,2,2,1,0,1,0,1,0,0,1,5,0
"R_3IBFGAIfkhQa9vf","8/7/12 17:28",,-99,-99,,,,,,,,,4,0
"R_e40vIwNVsD2FTff","8/6/12 10:43",2,2,2,0,0,1,0,1,0,0,0,4,0
"R_7QImUcuGhOfzGex","8/6/12 14:59",3,2,2,0,0,0,0,1,0,,0,5,0
"R_d0byivQOmtZTIdT","8/6/12 20:54",3,2,2,1,0,0,0,0,1,,1,4,0
"R_eP55pwbRYfYfGqF","8/27/12 16:40",5,2,1,1,0,0,0,1,0,,1,4,0
"R_3aR01Fo9VLJECNv","8/14/12 10:58",2,3,2,1,0,1,1,0,1,1,1,5,1
"R_8Id2WLtbVulCfaZ","8/7/12 8:29",3,2,1,0,0,0,0,0,1,,1,5,0
"R_3sEMd6jd1B2QTDn","8/14/12 12:20",2,3,2,1,0,1,1,1,0,0,1,,
"R_0pstFEjW3f5VxgV","8/6/12 9:41",2,3,2,0,0,1,1,0,1,1,1,,
"R_bp7YxliybtKmTsh","8/27/12 14:57",1,3,2,0,1,0,1,1,0,1,0,,
"R_0UOAF1jlkpqjG3X","8/7/12 21:34",1,2,1,0,1,0,0,0,1,0,0,,
"R_1Of2tKbzGdDJK3H","8/6/12 12:51",1,3,2,0,1,0,1,0,1,0,0,7,1
"R_08QhIWCcwwdFp0p","8/6/12 15:20",3,2,2,1,0,0,0,1,0,,1,4,0
"R_9Mr4jk1Nr18HGcJ","8/6/12 13:14",1,2,2,1,1,0,0,0,1,0,1,5,0
"R_6Du7fLmHrrO52O9","8/6/12 12:22",,-99,-99,,,,,,,,,4,0
"R_8eUVOZMDcjbg8aF","8/15/12 22:58",1,3,2,1,1,0,1,1,0,1,1,7,1
"R_0lEx3XCQsSFaOEd","8/24/12 23:14",2,2,1,1,0,1,0,1,0,0,0,4,0
"R_8v2H8wHwi9D0FiR","8/6/12 12:06",2,2,2,0,0,1,0,1,0,0,0,5,0
"R_eyN8znJ6jTWSLHf","8/7/12 8:15",1,2,2,0,1,0,0,0,1,0,0,4,0
"R_eVx4pGFyYkc8lE1","8/8/12 20:46",1,2,2,1,1,0,0,1,0,1,0,4,
"R_5cM4eXyRqsFykId","8/27/12 20:02",2,2,1,1,0,1,0,0,1,1,0,5,0
"R_6RmHg1WCKABvhL7","8/25/12 14:33",,,,,,,,,,,,4,0
"R_bPCzb3QakvvxajX","8/6/12 9:22",2,2,2,0,0,1,0,1,0,0,0,4,0
"R_1NA7oj7KkMoTR1H","8/6/12 10:43",1,3,2,1,1,0,1,1,0,1,1,5,0
"R_4GBPPICjUVLv2HX","8/16/12 12:55",3,2,1,1,0,0,0,0,1,,0,4,0
"R_d4OPDRf2C6rKgnP","8/6/12 9:49",3,2,2,1,0,0,0,0,1,,1,4,0
"R_bO9gkA657vOReAZ","8/6/12 10:30",3,2,1,1,0,0,0,1,0,,0,5,0
"R_3PpSgVReRVvNqJL","8/24/12 18:00",2,3,2,0,0,1,1,1,0,0,0,4,0
"R_bmAXo9EhuTTXwnX","8/24/12 12:36",3,2,2,0,0,0,0,1,0,,0,5,0
"R_1ZJz8WZ9KRCbGoB","8/24/12 17:58",3,2,1,1,0,0,0,1,0,,1,5,0
"R_0TB6nqhb96d8Njn","8/7/12 13:54",3,,,,0,0,,,,,,5,0
"R_8c6zLVEPh25BmoR","8/29/12 16:38",1,2,2,0,1,0,0,1,0,1,1,5,0
"R_07mUFAKqy7SQTQN","8/24/12 16:38",1,-99,-99,,1,0,,0,1,0,,4,0
"R_a448Mx8fMXohGKx","8/24/12 13:31",3,1,1,1,0,0,,1,0,,1,4,0
"R_0uLCBzApFxfDudf","8/14/12 10:10",3,3,2,0,0,0,1,0,1,,0,4,0
"R_9FbIXacuJHTCsTz","8/19/12 8:48",3,2,2,0,0,0,0,1,0,,1,7,1
"R_d40vjnD1j0wvrSZ","8/7/12 15:09",2,2,2,0,0,1,0,0,1,1,1,5,0
"R_9GKlRcLTBUE6SFL","8/22/12 20:59",2,3,2,1,0,1,1,0,1,1,1,4,0
"R_8w8hCnRIQ50DwKV","8/6/12 12:21",2,2,2,1,0,1,0,1,0,0,1,,
"R_0dKhclxTsXoODdP","8/16/12 22:49",1,2,2,0,1,0,0,0,1,0,0,4,0
"R_20ujHVy4BkEzKO9","8/13/12 12:22",2,2,2,0,0,1,0,1,0,0,0,4,0
"R_5ALzYNlkWc0isK1","8/24/12 11:19",2,2,2,1,0,1,0,1,0,0,0,7,2
"R_8cCxrWqsRyVZt7T","8/27/12 0:33",1,2,2,1,1,0,0,0,1,0,0,5,0
"R_bj75FFLl3beDEIR","8/14/12 17:27",,,,,,,,,,,,5,0
"R_eJP8kADsxEvy5fL","8/14/12 17:53",2,2,2,1,0,1,0,1,0,0,1,6,0
"R_2gjuOxNB4R8s3XL","8/6/12 22:18",1,2,2,0,1,0,0,1,0,1,0,7,0
"R_50YpCVpDATZ2EBf","8/24/12 12:23",,-99,-99,,,,,0,1,,,5,0
"R_0kzihnfO2t62k6h","8/6/12 12:24",2,2,2,1,0,1,0,1,0,0,0,5,0
"R_da5oEnZoREcLtoV","8/6/12 10:09",3,2,2,0,0,0,0,0,1,,0,4,0
"R_cBiGTro2zEDMIf3","8/6/12 21:16",3,3,2,0,0,0,1,0,1,,,5,0
"R_bKrsEcG1a8LMSUJ","8/26/12 19:35",2,3,2,1,0,1,1,,,,,4,0
"R_26x1Wqk4RWkNCE5","8/14/12 10:21",,,,,,,,,,,,7,1
"R_6QJ5902E1IS0BX7","8/6/12 21:54",3,2,2,1,0,0,0,0,1,,1,5,0
"R_8le1yyr3ebIXzVz","8/6/12 9:11",3,2,2,0,0,0,0,1,0,,1,5,0
"R_0AgSJEAlofIurhb","8/24/12 21:20",3,1,2,0,0,0,,0,1,,0,4,0
"R_6QpA3O7HLaGYioJ","8/16/12 10:27",2,2,1,0,0,1,0,,,,,4,0
"R_6nz5EQGXf1Llkyh","8/14/12 10:48",1,2,2,0,1,0,0,1,0,1,1,4,0
"R_6VdcJ7brzkgeplX","8/6/12 9:44",1,3,2,0,1,0,1,0,1,0,1,4,0
"R_5bfhqkuqh3R8b3L","8/14/12 18:01",5,2,2,0,0,0,0,1,0,,0,4,
"R_3DaoCaEdX18kRdb","8/14/12 9:37",,,,,,,,,,,,5,0
"R_25Jar3ARPRtrFs1","8/6/12 22:03",1,2,2,0,1,0,0,1,0,1,0,4,0
"R_cSWM5CetU2Y1vPT","8/14/12 22:11",2,2,2,1,0,1,0,1,0,0,0,4,0
"R_4I4B3jr6F50uTTD","8/31/12 15:12",2,2,2,0,0,1,0,0,1,1,1,4,0
"R_0pQTwyfVtKiwaMt","8/14/12 10:40",2,2,2,0,0,1,0,1,0,0,1,7,1
"R_dhiCiiHNN5rmuTr","8/6/12 9:34",2,2,2,1,0,1,0,1,0,0,1,5,0
"R_0HDyNJjdzCyoNmd","8/6/12 11:58",1,1,1,1,1,0,,0,1,0,1,4,0
"R_eRvN4MfEzMndT5H","8/6/12 9:08",1,2,2,1,1,0,0,0,1,0,1,5,0
"R_4NSk5ggSWY6uzJz","8/6/12 14:23",5,2,2,0,0,0,0,1,0,,1,5,0
"R_bmA9kSkOeoF3bbT","8/14/12 9:35",,,,,,,,,,,,5,0
"R_ex2C1tbJco5veRv","8/6/12 9:05",3,2,2,0,0,0,0,0,1,,1,5,1
"R_0SPay7os863MMXb","8/24/12 13:42",2,2,1,0,0,1,0,0,1,1,0,4,0
"R_cFQiSkl2tiOxQ0t","8/27/12 14:14",1,2,2,0,1,0,0,0,1,0,0,4,0
"R_0eV7MXoJOa9OsQZ","8/29/12 14:20",3,2,2,1,0,0,0,0,1,,1,4,0
"R_bd6tB0jlpCZ5PY9","8/21/12 20:06",1,2,2,0,1,0,0,0,1,0,,5,0
"R_6yhO1bopncDPjh3","8/6/12 9:25",1,3,2,0,1,0,1,1,0,1,1,5,0
"R_dhiQnUxl8L7C18N","8/25/12 20:59",1,3,2,1,1,0,1,0,1,0,0,4,
"R_d3Uy6fkSXKbYznn","8/14/12 10:38",1,2,2,0,1,0,0,1,0,1,1,4,0
"R_egtRof2iprVpOLP","8/6/12 22:23",3,2,2,0,0,0,0,1,0,,0,4,0
"R_2iqT2DUTZvbEgTz","8/24/12 14:14",1,3,2,1,1,0,1,1,0,1,0,4,0
"R_87VwZlwcmCg1N2d","8/6/12 9:49",1,2,2,0,1,0,0,0,1,0,1,5,1
"R_bkGqCtvKxK1dIWx","8/14/12 10:43",2,3,1,1,0,1,1,1,0,0,1,4,0
"R_3F1VNJYOd0ehOHX","8/24/12 14:27",,-99,-99,,,,,,,,,7,1
"R_72hW3cGiOSWpqND","8/6/12 8:45",,,,,,,,,,,,4,0
"R_8iaR3THTEGEmbw9","8/24/12 16:34",2,2,1,1,0,1,0,1,0,0,1,4,0
"R_55vlkEZAEFK4Ifj","8/6/12 9:55",,,,,,,,,,,,4,0
"R_b9rLsxTqq1QJSkt","8/6/12 8:43",,,,,,,,,,,,4,0
"R_9S6cIvSh9llk50x","8/20/12 23:01",1,2,2,0,1,0,0,1,0,1,0,4,0
"R_eXmTqRw6SNZ54Rn","8/8/12 18:04",2,2,1,0,0,1,0,1,0,0,0,7,2
"R_9MFqXuX3ZN4FpJz","8/26/12 20:49",2,2,2,1,0,1,0,0,1,1,0,5,0
"R_eEhhVLq0zmUq1SZ","8/24/12 18:51",1,2,2,0,1,0,0,0,1,0,1,5,0
"R_3ERli9VzsbleenX","8/6/12 13:16",,-99,-99,,,,,1,0,,,,
"R_8rjuHz2h0P69DBX","8/14/12 10:29",3,2,2,1,0,0,0,,,,,4,0
"R_8wxY1DFS4PuqLn7","8/6/12 9:11",5,2,2,0,0,0,0,0,1,,0,,
"R_4SbG2Kkp9cNK4W9","8/6/12 12:28",2,2,2,1,0,1,0,0,1,1,1,,
"R_eyuzOzyrh5JmtSZ","8/16/12 13:01",1,2,2,0,1,0,0,1,0,1,1,,
"R_51jl2e1IPJxB045","8/14/12 11:04",2,,,,0,1,,,,,,4,0
"R_0v1YsvQYIsWd3OB","8/14/12 11:31",1,2,2,1,1,0,0,,,,,,
"R_3dXSnfQ2GpVwR9j","8/25/12 13:02",1,2,2,1,1,0,0,,,,,5,0
"R_2giWimtfHUMy7Mp","8/6/12 17:15",2,2,2,1,0,1,0,1,0,0,0,5,0
"R_0SrWDXRWlVW2dlb","8/9/12 20:12",3,2,2,1,0,0,0,0,1,,0,,
"R_bNI64Ey6iG1zajb","8/6/12 9:44",2,3,2,1,0,1,1,0,1,1,1,4,0
"R_6lBqtb6njyEq8G9","8/24/12 14:40",2,3,2,0,0,1,1,0,1,1,0,4,0
"R_6GAGDkgTDLdfnJb","8/7/12 13:52",2,3,2,0,0,1,1,0,1,1,0,4,0
"R_ac4FZQvj4vkKERv","8/14/12 18:10",3,2,2,1,0,0,0,0,1,,1,7,1
"R_e3xHrdVmVcM4w3H","8/17/12 10:19",1,2,2,1,1,0,0,0,1,0,0,5,0
"R_agiTHiW0yGYJQnb","8/6/12 9:32",2,2,2,0,0,1,0,1,0,0,1,4,0
"R_abX7XM6mQioFBD7","8/6/12 21:59",2,2,2,0,0,1,0,0,1,1,0,,
"R_cSXJZRqzVXT71id","8/6/12 12:49",1,2,2,0,1,0,0,1,0,1,0,5,0
"R_aaUH5amdQIBCseh","8/6/12 8:45",1,2,2,1,1,0,0,0,1,0,0,,
"R_d6lSqAj3pATZCf3","8/14/12 10:01",,-99,-99,,,,,1,0,,,5,0
"R_e9Da4Q1GAK4Tmol","8/25/12 11:12",3,2,2,1,0,0,0,1,0,,0,4,0
"R_cSh3GKjFJBRnDQp","8/14/12 12:12",3,2,2,0,0,0,0,0,1,,0,4,0
"R_b91OyxtLxsUYPXf","8/15/12 19:07",1,3,2,1,1,0,1,1,0,1,0,7,0
"R_0wDE1Xxpq9aUwYZ","8/14/12 18:58",1,3,2,0,1,0,1,1,0,1,0,4,0
"R_cvTMfQC3Pxq0obX","8/6/12 20:18",2,2,2,0,0,1,0,0,1,1,0,4,0
"R_d6cz1iypl78YmxL","8/24/12 10:51",2,2,2,0,0,1,0,1,0,0,1,4,0
"R_0rKyJFX8mkvJAEZ","8/6/12 8:48",1,3,2,0,1,0,1,,,,,4,0
"R_egI6GsmNCdYzrzn","8/29/12 13:11",2,3,2,0,0,1,1,0,1,1,1,7,1
"R_831a7OiCAZcaU5v","8/24/12 12:30",1,2,1,1,1,0,0,,,,,5,0
"R_bPm4qeJKAQk9x8p","8/6/12 18:10",1,2,2,1,1,0,0,0,1,0,1,5,0
"R_9Tv7s1zimFZRd1b","8/6/12 9:26",1,3,2,0,1,0,1,0,1,0,1,5,0
"R_ac4jTfBhBlkWetT","9/7/12 0:34",1,2,2,0,1,0,0,0,1,0,1,4,0
"R_e8OKVUNhR2uytlH","8/6/12 9:11",1,3,1,0,1,0,1,1,0,1,0,4,0
"R_3gGA7LvyqjhZG4t","8/6/12 20:09",1,3,2,1,1,0,1,1,0,1,1,7,1
"R_878W24JlEyc0h37","8/6/12 11:39",5,2,2,0,0,0,0,1,0,,0,5,0
"R_02OjgcpKV3ers2N","8/6/12 10:49",5,2,2,1,0,0,0,1,0,,0,5,0
"R_eWj0UbTuqQ420EB","8/14/12 12:10",1,2,2,1,1,0,0,0,1,0,1,5,0
"R_9NSEE3OKUBK5wPj","8/6/12 12:24",3,2,2,0,0,0,0,1,0,,0,5,0
"R_7NAkjBzvbdoa4Wp","8/30/12 21:37",3,2,2,1,0,0,0,0,1,,1,4,0
"R_esxAZ9Ym8aP7gBn","8/24/12 12:03",3,1,-99,0,0,0,,0,1,,0,4,
"R_d58NEULla3cnbWB","8/24/12 11:42",3,2,2,0,0,0,0,1,0,,0,4,0
"R_3JbhNvoEW1plkCV","8/14/12 9:59",5,-99,2,0,0,0,,0,1,,0,4,0
"R_02RpKm4fWonmU9T","8/6/12 22:46",2,2,2,1,0,1,0,0,1,1,1,,
"R_aeLWMI1XAWV5aOp","8/10/12 23:13",3,2,2,0,0,0,0,0,1,,1,5,0
"R_5iHPUIPr6swzAxf","8/7/12 16:37",1,2,2,1,1,0,0,1,0,1,0,5,0
"R_byjhHPL3dLpmyfr","8/14/12 15:02",1,2,2,0,1,0,0,0,1,0,1,5,0
"R_5nF248hB6uwkGQB","8/27/12 23:39",,,,,,,,,,,,5,0
"R_a629rrR7wCMptn7","8/6/12 9:03",1,2,2,0,1,0,0,0,1,0,1,4,0
"R_e9VEdpu1qgwJ6KN","8/6/12 8:56",2,3,2,0,0,1,1,0,1,1,1,4,0
"R_cOAMnN6Im435UcR","8/6/12 15:51",1,2,2,1,1,0,0,1,0,1,1,5,0
"R_d0uCDSfBagF6W7b","8/14/12 10:45",1,2,2,0,1,0,0,1,0,1,0,5,0
"R_e8O8D7OPZptQLmB","8/8/12 11:33",1,2,2,1,1,0,0,0,1,0,,5,0
"R_b2XlMhdNTqWPLy5","8/6/12 16:53",1,-99,2,0,1,0,,1,0,1,0,5,0
"R_eEUoZW5sx5XmbSB","8/7/12 10:57",1,2,1,0,1,0,0,0,1,0,1,7,1
"R_1FwQr2TeBDDabOZ","8/9/12 13:53",2,2,2,1,0,1,0,0,1,1,1,5,0
"R_5dJn30ROxbA7eol","8/14/12 15:12",1,2,2,1,1,0,0,1,0,1,1,5,0
"R_6gvmbThWULrJ7qR","8/24/12 11:07",1,,,,1,0,,,,,,6,0
"R_dp8CSJMJDaqqobH","8/14/12 10:25",2,3,2,0,0,1,1,0,1,1,1,4,0
"R_40EkHWRgm3Wt2h7","8/15/12 0:22",2,3,2,0,0,1,1,1,0,0,1,4,0
"R_dck13hUWUf2ctnv","8/14/12 10:34",1,3,1,1,1,0,1,0,1,0,1,7,0
"R_8oY2Q2yd9hDGeRT","8/10/12 9:27",2,3,2,0,0,1,1,0,1,1,1,7,0
"R_1ZYB3DdBKXAxCaF","8/6/12 20:45",3,2,1,0,0,0,0,0,1,,1,5,0
"R_6ROldNiSs75Yzop","8/6/12 11:30",1,2,2,1,1,0,0,1,0,1,1,5,0
"R_56lV0nZv2Sp9DEN","8/6/12 9:06",2,3,2,0,0,1,1,0,1,1,0,5,0
"R_3dQxypEG8FHkKup","8/15/12 12:02",1,3,2,0,1,0,1,1,0,1,0,4,
"R_2awrKTycf8y5Bfn","8/6/12 13:16",1,3,2,0,1,0,1,1,0,1,,4,0
"R_3w30BGEJ85XXsR7","8/13/12 13:35",,,,,,,,,,,,4,0
"R_40mzawY8lYqpUvb","8/7/12 12:41",1,2,2,1,1,0,0,0,1,0,0,4,0
"R_3WPBSPmy2vi58dD","8/28/12 11:51",3,2,2,1,0,0,0,1,0,,1,4,0
"R_8v31LH43oZo9Md7","8/28/12 14:08",,2,2,0,,,0,0,1,,0,4,0
"R_6eVLJVZNJCCS9Ol","8/14/12 11:11",,,,,,,,,,,,4,0
"R_6WIVvMuEGf3LKF7","8/14/12 10:31",1,2,1,1,1,0,0,0,1,0,0,4,0
"R_09vcCOukpuHmtcF","8/24/12 10:35",1,2,2,1,1,0,0,0,1,0,0,4,0
"R_1BUMPX43Y6SYavr","8/12/12 11:12",1,2,2,0,1,0,0,0,1,0,1,4,0
"R_4OBKXeQu6COnYRn","8/27/12 12:43",3,2,2,0,0,0,0,1,0,,0,4,0
"R_7ZMICBATblwhbYV","8/24/12 18:47",3,2,2,0,0,0,0,1,0,,1,4,0
"R_aasMXhOkeriBt65","8/14/12 10:17",5,2,2,0,0,0,0,1,0,,1,4,0
"R_cu9ynpWWN4iLtWt","8/6/12 11:17",1,2,2,0,1,0,0,1,0,1,0,4,0
"R_7OLkS9pvWmlWwAd","8/6/12 16:16",2,2,2,1,0,1,0,0,1,1,1,4,0
"R_1EPhxgMOx7gntop","8/25/12 2:34",,,,,,,,,,,,5,0
"R_6SxuWRzKUjYP9Wd","8/6/12 17:08",3,2,2,0,0,0,0,1,0,,0,4,0
"R_8jENNsgjr5hgJ4F","8/14/12 14:48",3,3,2,1,0,0,1,0,1,,0,4,0
"R_eJKKpDtiq78c5G5","8/27/12 8:58",,,,,,,,,,,,5,0
"R_1NXFBTwW1CDbJYN","8/6/12 11:17",3,-99,2,0,0,0,,1,0,,0,4,0
"R_e2UaJc5vXQBdBQN","8/24/12 13:26",1,2,2,0,1,0,0,0,1,0,0,4,0
"R_4VBcGE0LIlMbidf","8/14/12 11:21",1,2,2,0,1,0,0,1,0,1,1,4,0
"R_aXFUmUxOJdJi2pf","8/7/12 15:53",1,2,2,1,1,0,0,0,1,0,1,5,0
"R_23tfEWzdqvUnbox","8/7/12 14:19",2,2,2,0,0,1,0,1,0,0,1,5,0
"R_0HC3z1qGBawMOYR","8/24/12 11:01",2,2,2,0,0,1,0,1,0,0,0,5,0
"R_51tBoOGMY12g1Lv","8/24/12 11:17",1,2,2,0,1,0,0,1,0,1,0,5,0
"R_elIqVphkp7ZF9Jj","8/15/12 15:13",1,2,2,0,1,0,0,0,1,0,0,4,0
"R_39Nw4TL67O8IngF","8/6/12 14:06",,2,2,1,,,0,,,,,4,
"R_3Q5TlE6XOKrIL77","8/14/12 11:57",,,,,,,,,,,,5,0
"R_cUDZsoxH3Ff4QOF","8/6/12 8:59",1,3,2,1,1,0,1,1,0,1,1,4,0
"R_6srSL1xcTp2WcVn","8/14/12 10:28",3,2,2,0,0,0,0,1,0,,1,5,0
"R_5pqIxtDYp0Bv0a1","8/14/12 12:27",1,2,1,0,1,0,0,0,1,0,0,5,0
"R_0NElNkNVnzVOwQd","8/15/12 22:08",3,2,2,0,0,0,0,1,0,,1,5,0
"R_4GiaEmAo5pSH27z","8/6/12 10:58",1,3,1,1,1,0,1,0,1,0,0,,
"R_dhAUkeX7tjiDqT3","8/20/12 17:10",2,,,,0,1,,,,,,5,0
"R_a4Pul7JbJklQ3Jz","8/6/12 10:57",3,2,2,0,0,0,0,1,0,,0,5,0
"R_5cNOruTQIDvdSv3","8/14/12 21:18",5,2,2,0,0,0,0,1,0,,0,4,0
"R_4ZvTwQs2ZfNMxeJ","8/6/12 11:21",2,2,2,0,0,1,0,0,1,1,1,5,0
"R_eXLOY0zzQYG6mOx","8/14/12 15:04",2,2,2,0,0,1,0,1,0,0,0,5,0
"R_0I0GB33uMU5DdIh","8/6/12 9:38",1,2,2,1,1,0,0,1,0,1,1,4,0
"R_7NwGyiKw2gBxhoF","8/6/12 14:00",1,2,2,1,1,0,0,1,0,1,1,4,0
"R_bwHofsg2znSjrJb","8/6/12 9:14",1,3,1,0,1,0,1,1,0,1,1,7,1
"R_3RgfWEcsuv7ot5b","8/7/12 1:57",,-99,-99,,,,,1,0,,,,
"R_8j4umIRoLyws3GJ","8/24/12 11:27",3,,,,0,0,,,,,,5,0
"R_23Jfu34OXcvUQbr","8/14/12 9:44",1,2,2,,1,0,0,0,1,0,1,5,0
"R_bj560woQTLrl4RT","8/27/12 1:44",,-99,-99,,,,,1,0,,,7,0
"R_d5WZCeUgfZAaawd","8/10/12 13:44",2,2,2,0,0,1,0,0,1,1,1,5,0
"R_ePzPcnV9o0Y5Xgx","8/6/12 9:11",3,2,2,1,0,0,0,1,0,,1,5,0
"R_9HOpkhoqALFmFXn","8/15/12 12:27",2,2,2,1,0,1,0,1,0,0,1,5,0
"R_eQGncKKrXa7iCr3","8/6/12 10:56",2,3,2,1,0,1,1,0,1,1,1,4,
"R_eXumOMPHjShEEW9","8/8/12 15:40",3,2,1,0,0,0,0,1,0,,0,5,0
"R_6SF6R1uKuadcKLX","8/6/12 14:00",1,2,1,0,1,0,0,0,1,0,1,5,0
"R_dojuMtDFVgYRAYl","8/6/12 10:57",2,2,2,1,0,1,0,0,1,1,0,5,0
"R_1Gs4ncyPOo8IW45","8/6/12 9:54",1,2,1,0,1,0,0,1,0,1,0,4,0
"R_51FmujbaZBFLnZH","8/24/12 23:46",3,2,2,0,0,0,0,,,,,5,0
"R_9WTI9OEALzXVztH","8/20/12 15:02",1,2,2,0,1,0,0,1,0,1,0,4,0
"R_daNkJ6Oe6PC8gTP","8/14/12 14:12",1,2,2,1,1,0,0,0,1,0,0,,
"R_0qXBSDoS1l3lZsx","8/6/12 13:44",1,2,2,0,1,0,0,0,1,0,0,4,0
"R_57ttNEv5OM3ejgp","8/17/12 17:15",5,2,2,1,0,0,0,1,0,,0,,
"R_4O4o4NIukkOgRp3","8/6/12 21:14",3,2,2,0,0,0,0,0,1,,0,,
"R_5sYCmzGbTfFg2LH","8/6/12 8:55",2,3,2,1,0,1,1,0,1,1,1,4,0
"R_23TsDlPUoKDsMa9","8/6/12 13:58",3,3,2,1,0,0,1,0,1,,1,,
"R_5AzXboQKkj3EEIJ","8/10/12 13:54",3,2,2,0,0,0,0,1,0,,1,4,0
"R_4OUBI87WnXy1YQ5","8/24/12 15:00",3,2,2,1,0,0,0,1,0,,1,4,0
"R_81UkgMUzag28u6V","8/6/12 10:07",,-99,-99,,,,,,,,,4,0
"R_6x7JwB8VdUMQzdP","9/3/12 20:28",1,2,2,0,1,0,0,0,1,0,0,4,0
"R_barq4hpe271A1uJ","8/16/12 16:41",1,2,2,1,1,0,0,0,1,0,1,,
"R_77J8rnhMNlOWJCJ","8/6/12 10:23",1,3,2,0,1,0,1,0,1,0,0,7,2
"R_bJC2NCAAsBW92hD","8/6/12 9:37",2,3,1,0,0,1,1,1,0,0,,4,0
"R_4O6QESzIkcq2efr","8/6/12 17:27",5,2,2,1,0,0,0,1,0,,1,5,0
"R_cT6yd5spGFS4BlX","8/14/12 12:00",,,,,,,,,,,,5,0
"R_bwIW2OGrtLV3UnX","8/6/12 12:27",2,2,1,1,0,1,0,1,0,0,1,5,0
"R_ewYYOmeIQDoBLAp","8/14/12 14:00",2,2,2,1,0,1,0,1,0,0,1,4,0
"R_4IoPAhb7tZcfe9T","8/25/12 7:56",2,2,2,1,0,1,0,0,1,1,1,,
"R_1ZFLmLHLQs6yavb","8/14/12 12:06",1,2,1,1,1,0,0,0,1,0,1,,
"R_25B7Ydu1Xaza84d","8/14/12 11:31",2,2,2,0,0,1,0,0,1,1,0,5,0
"R_1Fgyguuq6j2R3yB","8/15/12 18:27",1,2,2,0,1,0,0,0,1,0,0,5,0
"R_a30Jnh8EPee8JQp","8/6/12 21:22",2,3,2,1,0,1,1,0,1,1,1,4,0
"R_6xL9TfjPdVpYSIR","8/6/12 10:37",1,3,2,0,1,0,1,1,0,1,0,4,0
"R_cN204wuYZCY50Rn","8/6/12 13:49",3,-99,-99,,0,0,,1,0,,1,5,0
"R_2fRzK9Y2WJdLp1H","8/6/12 18:04",3,2,2,0,0,0,0,0,1,,1,,
"R_0cDoWb8pz2tpK17","8/25/12 9:15",3,2,2,1,0,0,0,,,,,,
"R_2i6QqcEjvBqI4NT","8/10/12 18:42",1,2,1,0,1,0,0,0,1,0,0,5,0
"R_1AJGl4O9aszE5XT","8/21/12 12:15",3,2,2,1,0,0,0,0,1,,0,4,0
"R_cBeFlJbgT6W0wst","8/27/12 11:10",,,,,,,,,,,,4,0
"R_bjVMnp5FBaREr09","8/12/12 18:27",,2,2,0,,,0,0,1,,1,4,0
"R_7VcJUnN4D6hU6Yl","8/9/12 2:08",,-99,-99,,,,,1,0,,,7,1
"R_dcdUqIsq9KD5CDP","8/6/12 10:54",3,2,2,1,0,0,0,1,0,,1,5,0
"R_e5Ku3btwAI4x1Gt","8/10/12 0:26",1,2,2,0,1,0,0,0,1,0,0,5,0
"R_41uS3v647X6wsAt","8/24/12 13:28",,,,,,,,,,,,,
"R_e3ac5oVfdMFahrT","8/6/12 11:06",1,2,2,1,1,0,0,0,1,0,0,,
"R_80oXGGczifwiSLX","8/16/12 16:09",2,2,1,1,0,1,0,1,0,0,,5,0
"R_57KR8pj6IDGEBkp","8/14/12 10:09",2,2,2,0,0,1,0,1,0,0,0,6,0
"R_2fAk6NQIisia8p7","8/15/12 15:33",3,1,-99,0,0,0,,1,0,,0,4,0
"R_0Vrz3UFY53fQSwZ","8/6/12 14:35",2,2,2,0,0,1,0,0,1,1,1,4,0
"R_5sZQxqGYRWQwer3","8/15/12 8:50",3,2,2,0,0,0,0,1,0,,1,7,0
"R_cNmYoJc0xAmdQuV","8/6/12 14:10",3,2,2,0,0,0,0,1,0,,0,4,
"R_23kJ6ifoLwcKifb","8/14/12 9:55",2,2,2,1,0,1,0,0,1,1,1,,
"R_8Aq9s4j6dMQKyCV","8/6/12 9:12",1,2,2,0,1,0,0,0,1,0,0,5,0
"R_6G7uZuVG1LSkTxb","8/6/12 23:05",1,,,,1,0,,,,,,5,0
"R_dgSRFmEHDKuehEx","8/20/12 18:00",2,3,2,1,0,1,1,1,0,0,1,5,0
"R_0V5vqAhVGumYL6l","8/7/12 6:33",2,3,2,0,0,1,1,1,0,0,0,7,1
"R_eWmn2Meg02Hltw9","8/6/12 13:58",2,3,2,0,0,1,1,0,1,1,0,5,0
"R_emsaCjweHrOtV6l","8/6/12 8:45",,-99,-99,,,,,0,1,,,5,0
"R_6V7lyIi1RTa0PrL","8/6/12 11:30",3,2,2,0,0,0,0,0,1,,1,4,0
"R_3IZG7TRqDRPcW8Z","8/24/12 10:29",,,,,,,,,,,,4,0
"R_2atNoXbVRBH12C1","8/7/12 0:19",2,2,2,1,0,1,0,1,0,0,1,5,0
"R_aaT8GpJYW0Lvdm5","8/21/12 11:36",3,2,2,0,0,0,0,0,1,,1,7,1
"R_8nRZyVHR5FYrHIF","8/14/12 9:57",1,3,2,1,1,0,1,1,0,1,1,4,0
"R_eXN7yTr173V6rm5","8/11/12 23:03",2,2,2,1,0,1,0,0,1,1,1,5,0
"R_0kska0kzRfj51Bz","8/6/12 10:28",2,2,2,1,0,1,0,0,1,1,1,5,0
"R_a2Y49xxnnhsbZLD","8/6/12 12:35",3,2,1,1,0,0,0,0,1,,1,4,0
"R_24fIplxWG0YFiQJ","8/6/12 11:17",3,2,2,0,0,0,0,0,1,,1,4,0
"R_54oSzwhcbAaq8sd","8/14/12 11:37",1,3,2,1,1,0,1,0,1,0,1,4,0
"R_3VjxAkdwEIiXnEN","8/21/12 16:19",3,1,1,1,0,0,,0,1,,0,7,1
"R_bOOGzUebI1414Xj","8/6/12 9:10",2,3,2,0,0,1,1,1,0,0,1,4,0
"R_095R7oDGfXmoOSF","8/14/12 22:34",2,3,2,0,0,1,1,0,1,1,,4,0
"R_cHolhppZsKkl7LL","8/7/12 2:30",1,2,2,0,1,0,0,0,1,0,0,6,0
"R_bJzxUq1KEttbj7L","8/6/12 19:49",1,3,2,0,1,0,1,0,1,0,1,4,0
"R_1AezP400yI6fETH","8/8/12 11:42",3,2,2,1,0,0,0,0,1,,1,4,0
"R_e2rF9EMMVFztZQh","8/14/12 16:44",2,3,2,1,0,1,1,0,1,1,1,4,0
"R_bgewTrdFQ54Lwsl","8/10/12 11:56",1,3,2,1,1,0,1,1,0,1,0,4,0
"R_cTNtos5eYkBLv0N","8/6/12 22:22",1,3,2,1,1,0,1,0,1,0,1,5,0
"R_9NNV5D93Zfnzf2l","8/6/12 19:48",2,2,2,1,0,1,0,1,0,0,0,4,0
"R_eQeFiUXv1xmlEW1","8/14/12 17:00",1,2,2,1,1,0,0,0,1,0,0,4,0
"R_6EvWUKbgtXuWrQh","8/24/12 11:54",2,3,2,1,0,1,1,0,1,1,1,7,0
"R_bqkSMEEwDhm62Oh","8/6/12 10:58",2,2,1,1,0,1,0,1,0,0,0,5,0
"R_6QEtSUhECdZ8fhX","8/6/12 21:43",3,2,2,1,0,0,0,1,0,,0,4,0
"R_cYih1v8qHhu6VfL","8/27/12 13:18",,,,,,,,,,,,7,1
"R_6Sd7d1OLD7nZD25","8/14/12 12:02",1,2,2,1,1,0,0,0,1,0,1,5,0
"R_6y7POtPwJR8kmG1","8/6/12 15:35",1,2,2,1,1,0,0,0,1,0,1,4,0
"R_3mlvI9wTf1rV8k5","8/7/12 7:11",1,3,2,1,1,0,1,1,0,1,1,,
"R_8cRCuLsumzsXiYJ","8/7/12 8:52",1,3,2,1,1,0,1,1,0,1,1,,
"R_4MmPsvABq8vQj9X","8/24/12 18:16",,,,,,,,,,,,5,0
"R_801qMCUbavvGT5P","8/16/12 23:48",,,,,,,,,,,,4,0
"R_9XmSODuBqcSCjoV","8/16/12 0:53",2,2,1,1,0,1,0,1,0,0,1,4,
"R_d0vYezG0Ozb1Z5j","8/6/12 10:09",1,3,1,0,1,0,1,0,1,0,1,7,1
"R_cHErTCEh8tbpCHX","8/6/12 16:51",3,2,1,0,0,0,0,0,1,,0,4,0
"R_2nTytXkaZe4Bjlb","8/24/12 11:43",1,2,2,0,1,0,0,1,0,1,0,4,0
"R_8izJBxd1xJHGWvr","8/14/12 9:51",3,-99,2,1,0,0,,,,,,4,0
"R_dbbXo7ceb4eUrhr","8/6/12 19:32",,-99,-99,,,,,1,0,,,5,0
"R_1G1QE0ZZc4h3A69","8/6/12 10:32",3,2,2,1,0,0,0,1,0,,1,5,0
"R_6DpmjEhbnZ7yLOJ","9/2/12 22:38",,,,,,,,,,,,5,0
"R_081HeDf1yb280v3","8/24/12 10:58",3,2,2,0,0,0,0,1,0,,0,4,0
"R_eb04XtgX46tEkyF","8/15/12 11:12",2,3,1,0,0,1,1,0,1,1,1,7,2
"R_4Nq7nt3maTuehUx","8/15/12 10:55",1,2,2,1,1,0,0,1,0,1,1,5,0
"R_1GGcWIVaxDQ2DR3","8/12/12 9:53",,,,,,,,,,,,4,0
"R_3kpL81PE7MDRey9","8/26/12 19:02",1,2,2,0,1,0,0,0,1,0,1,4,0
"R_eEUfqw2NbRk9HrT","8/15/12 21:30",3,2,2,0,0,0,0,0,1,,0,7,1
"R_dhQvHuEYBFwgY61","8/14/12 15:12",1,2,2,0,1,0,0,1,0,1,1,5,0
"R_7PWuJEFu4Xbp0Lr","8/14/12 14:12",2,2,2,1,0,1,0,1,0,0,1,5,0
"R_bDyhTtYDb8Q6S3z","8/24/12 15:20",3,1,-99,0,0,0,,,,,,4,0
"R_3DAEPXrGzNjCehf","8/25/12 19:55",3,2,2,1,0,0,0,0,1,,1,4,0
"R_bQw4BUOozzUkemV","8/6/12 10:30",2,2,2,1,0,1,0,1,0,0,1,5,0
"R_1FXs1qgQsMQpbGR","9/5/12 17:55",1,2,2,1,1,0,0,0,1,0,0,,
"R_5jspyAE6DEbMIi9","8/6/12 17:18",2,2,2,1,0,1,0,1,0,0,1,4,0
"R_5Aa0hxRbD03nGjb","8/29/12 7:45",2,2,2,1,0,1,0,0,1,1,1,4,0
"R_8crD4ShzxnO6Uuh","8/14/12 10:10",3,2,2,0,0,0,0,0,1,,0,4,0
"R_25ANToTkvTa0ipL","8/24/12 11:26",2,2,2,0,0,1,0,0,1,1,1,,
"R_cxcuerxpHFOfhch","8/14/12 12:02",2,2,2,1,0,1,0,0,1,1,0,4,0
"R_bdUxxpLGlAeIjTD","8/14/12 12:25",2,3,1,1,0,1,1,0,1,1,,7,1
"R_3jurzs5CRRRgQ7j","8/14/12 17:04",3,2,2,1,0,0,0,0,1,,0,4,0
"R_8D4IpuViEgoIKWx","8/24/12 13:39",2,2,2,0,0,1,0,0,1,1,0,4,0
"R_3pUuOGhFf5SX1Ax","8/14/12 9:56",2,2,1,1,0,1,0,1,0,0,0,4,0
"R_eX8BpPBfw4P7yzb","8/14/12 17:40",2,3,2,0,0,1,1,1,0,0,0,,
"R_6yv6zGuYhpS1fSZ","8/14/12 14:07",1,2,2,0,1,0,0,1,0,1,0,5,0
"R_3jAudK1j1zrUutT","8/6/12 9:07",2,2,2,1,0,1,0,1,0,0,1,4,0
"R_eWiJ6I5HnyhubE9","8/6/12 17:42",1,2,2,0,1,0,0,0,1,0,0,5,0
"R_1NBfdVCbNTONDwN","8/6/12 15:56",3,2,2,1,0,0,0,0,1,,1,4,0
"R_cIr77lMelmfGZJb","8/14/12 12:34",3,2,2,0,0,0,0,1,0,,1,4,0
"R_bDjvFInC4pJyJjn","8/14/12 16:23",3,2,2,1,0,0,0,1,0,,1,4,0
"R_6DOCd7Oztct1gEd","8/26/12 21:20",1,3,2,0,1,0,1,0,1,0,0,4,0
"R_38kdRnyoe6qJnff","8/26/12 7:51",1,3,2,0,1,0,1,1,0,1,0,4,0
"R_6DO7Hv7oQBLY91P","8/8/12 10:01",2,2,2,1,0,1,0,1,0,0,0,4,0
"R_0e67RpAe3f6m5dX","8/9/12 20:57",2,3,1,1,0,1,1,0,1,1,1,,
"R_9BTbbPOCALkzGp7","8/7/12 9:11",2,3,2,0,0,1,1,1,0,0,1,,
"R_3fsfUQyqn4iNzvv","8/16/12 14:36",2,3,2,1,0,1,1,1,0,0,0,,
"R_aUXdtMhY1odMHw9","8/6/12 11:46",3,2,1,0,0,0,0,0,1,,1,4,
"R_cSnkSNBLnoYtxml","8/27/12 16:30",1,3,2,1,1,0,1,0,1,0,0,4,0
"R_81wys63iwpzCdNj","8/6/12 9:11",2,3,2,0,0,1,1,1,0,0,1,4,0
"R_0jtAlNnH5IktuF7","8/24/12 13:08",3,3,2,1,0,0,1,0,1,,1,4,0
"R_1H2iMFSQYolerfn","8/6/12 22:47",3,2,2,0,0,0,0,1,0,,,4,0
"R_ewFVBcHo1p137bD","8/6/12 11:13",2,2,2,0,0,1,0,0,1,1,0,4,0
"R_6lhmUaAWFfx4vdj","8/10/12 13:28",1,2,2,0,1,0,0,0,1,0,0,4,0
"R_3IQwB9BE5zpx76d","8/15/12 16:33",1,2,2,0,1,0,0,1,0,1,0,4,0
"R_1M77QVEKPzwOtQF","8/7/12 20:04",1,3,2,0,1,0,1,0,1,0,1,7,1
"R_9T4B9qUSZvSTZJz","8/14/12 13:04",3,2,1,0,0,0,0,1,0,,0,5,0
"R_26qsqNrHGlrrCC1","8/24/12 14:05",1,3,2,0,1,0,1,0,1,0,0,5,1
"R_8BoCt4FkH0una3X","8/16/12 17:27",1,3,2,0,1,0,1,1,0,1,0,5,1
"R_0IXLGMxL65WuX4h","8/14/12 11:56",1,2,2,0,1,0,0,1,0,1,1,,
"R_5uOrHQW8PpS1nnv","8/22/12 11:48",3,2,2,1,0,0,0,0,1,,0,4,0
"R_0rkbJk8YYkuZzcp","8/6/12 11:17",2,2,2,1,0,1,0,1,0,0,0,4,0
"R_cTobLniy4i5gdGl","8/24/12 11:16",1,2,2,1,1,0,0,0,1,0,1,,
"R_0cUFBESwhRdRYhL","8/24/12 13:40",3,2,2,1,0,0,0,1,0,,0,4,0
"R_0k8H3VUFes7ludv","8/13/12 14:58",1,3,2,1,1,0,1,0,1,0,1,4,0
"R_cvSeVVZU3oNxd8p","8/24/12 16:17",1,3,2,1,1,0,1,0,1,0,0,4,0
"R_4N7Jkbf4ZQFW1iB","8/6/12 9:26",3,2,2,1,0,0,0,,,,,5,0
"R_bItVUl89XdpjgSp","8/6/12 21:50",1,2,2,0,1,0,0,1,0,1,0,4,0
"R_3sGuuDx7c5Zji2F","8/6/12 13:21",3,2,2,1,0,0,0,1,0,,0,4,0
"R_25glOyjsQWwpzLv","9/3/12 15:28",2,2,2,1,0,1,0,0,1,1,1,5,0
"R_d7gzWtqGT2QhYsl","8/9/12 21:57",2,3,2,0,0,1,1,1,0,0,0,4,0
"R_bPGLmmFiDxc7Q8t","8/14/12 15:10",1,2,2,0,1,0,0,1,0,1,1,4,0
"R_2rQOyNBLl0HJ4Rn","8/7/12 0:05",1,2,2,0,1,0,0,1,0,1,0,5,0
"R_bkB8uo8DvzEdJGJ","8/14/12 10:12",1,2,2,0,1,0,0,1,0,1,0,4,
"R_etjQM9aUieyqwLj","8/18/12 1:17",2,2,2,0,0,1,0,0,1,1,0,4,
"R_6WIkF0frUlx9mVT","8/6/12 17:33",1,2,2,1,1,0,0,0,1,0,0,4,0
"R_9uJDNLHoI93ESXj","8/24/12 12:01",1,2,2,0,1,0,0,1,0,1,0,4,0
"R_bmikcNGCf3NrbSJ","8/7/12 7:33",,-99,-99,,,,,1,0,,,5,1
"R_8FYAvnNAiVzwD3v","8/8/12 7:42",1,3,2,0,1,0,1,0,1,0,0,7,1
"R_8BUXtlx1kKP3joh","8/6/12 9:06",2,3,2,0,0,1,1,0,1,1,1,,
"R_5d8v2iFiEVAx3Vj","8/14/12 11:19",1,3,2,1,1,0,1,1,0,1,0,4,0
"R_5ASvEpeBpWCcrS5","8/6/12 11:58",2,2,1,1,0,1,0,0,1,1,1,5,0
"R_6PAHO2Yr99IB0bz","8/25/12 11:06",1,2,1,1,1,0,0,0,1,0,1,4,0
"R_eG0Wgl3PsuL6xFj","8/6/12 12:17",1,2,2,1,1,0,0,0,1,0,1,5,0
"R_cLU5CZtYkQ0hrrn","8/16/12 23:30",1,3,2,1,1,0,1,1,0,1,1,4,0
"R_3asvpvJRP4ew7OJ","8/14/12 12:30",3,2,2,0,0,0,0,0,1,,0,5,0
"R_6uvb0xdUCZ38ecl","8/15/12 23:27",2,2,2,0,0,1,0,0,1,1,0,5,0
"R_9oC1tiLbQipGxJr","8/24/12 11:55",3,2,2,0,0,0,0,0,1,,0,4,0
"R_2t5yIRUAbVKxYQ5","8/7/12 11:52",3,3,2,1,0,0,1,0,1,,0,5,0
"R_5vWUbGvbS3LdRJz","8/20/12 18:08",2,2,1,0,0,1,0,1,0,0,0,5,0
"R_bdcuiNOaW3Z3Oi9","8/24/12 14:22",5,2,2,1,0,0,0,0,1,,1,5,0
"R_b8FhnDW6VZmOiq1","8/16/12 9:42",3,2,2,0,0,0,0,0,1,,1,4,0
"R_6YJc34xI5ZhUefX","8/6/12 14:06",3,2,2,0,0,0,0,0,1,,1,4,0
"R_2hrxUX0TYx7ODlj","8/6/12 10:27",1,3,2,0,1,0,1,0,1,0,0,4,0
"R_bx6foqbRADUxKlv","8/14/12 10:44",1,2,2,0,1,0,0,0,1,0,1,4,0
"R_7Qy7brEscoeR8fb","8/14/12 18:36",3,2,2,1,0,0,0,0,1,,1,5,0
"R_eK7N3WTyXdRMXOd","8/27/12 11:11",3,2,2,1,0,0,0,1,0,,1,,
"R_eQdwtrqfjNMjIUZ","8/6/12 11:07",2,3,2,1,0,1,1,1,0,0,1,,
"R_80V52IfWmoOsQmx","8/24/12 10:55",,,,,,,,,,,,5,0
"R_7TzZTzSOgs7k0fj","8/27/12 14:59",3,2,2,1,0,0,0,1,0,,1,4,0
"R_6sVEFklgpviCMAZ","8/19/12 16:28",3,2,2,1,0,0,0,0,1,,1,4,0
"R_1YOpfDd1D9D5869","8/14/12 9:49",2,3,2,0,0,1,1,0,1,1,0,7,1
"R_9S7sEUkt7MXouKV","8/8/12 10:48",2,2,2,0,0,1,0,0,1,1,1,7,1
"R_5gNDYtn4eEcZuxT","8/14/12 15:36",2,3,2,0,0,1,1,1,0,0,1,7,1
"R_1SQEE38UkNUf701","8/8/12 11:36",1,1,2,0,1,0,,0,1,0,0,7,0
"R_aYjwNSqJH0FdVbf","8/13/12 9:44",1,3,1,0,1,0,1,0,1,0,1,7,1
"R_esbdiXAsfEJTgkl","8/13/12 17:01",1,2,2,0,1,0,0,0,1,0,0,7,1
"R_0368CGSwNRjE0XH","8/7/12 20:55",1,2,2,0,1,0,0,0,1,0,0,7,1
"R_38bU1tuKMGwqe3z","8/7/12 9:22",1,3,2,1,1,0,1,0,1,0,1,4,0
"R_0rfNsXXhWTmWqot","8/14/12 12:14",1,2,2,1,1,0,0,0,1,0,0,4,0
"R_emPdRhAW8J9cukB","8/24/12 11:31",3,2,2,0,0,0,0,,,,,4,0
"R_bBB69uIU3zwzrdH","8/10/12 22:01",,-99,-99,,,,,,,,,7,1
"R_6ihzzEmUK0dp2Hb","8/20/12 9:34",2,2,2,0,0,1,0,1,0,0,0,4,0
"R_1O1Ed2eT1kBUcRL","8/14/12 11:59",1,3,2,1,1,0,1,1,0,1,1,4,0
"R_1yTZ6b1yUbOVe3r","8/7/12 10:50",1,3,2,1,1,0,1,1,0,1,1,7,1
"R_cTlrXFpMaFw2Kcl","8/16/12 8:40",3,-99,1,1,0,0,,1,0,,1,5,0
"R_eh8saNUMJYG1ge9","8/27/12 9:33",3,2,2,0,0,0,0,0,1,,1,7,1
"R_erhyhQ9kemhK7qZ","8/24/12 11:44",1,2,1,1,1,0,0,,,,,7,1
"R_eUQr0hdfI4dKYnz","8/14/12 12:08",3,2,2,,0,0,0,0,1,,0,4,0
"R_1CgWCs4QrmJ7gK9","8/6/12 9:52",3,2,2,0,0,0,0,0,1,,0,4,0
"R_eXUNTIhDO4T2MGV","8/6/12 10:11",,-99,-99,,,,,1,0,,,5,1
"R_8jqpfW4yJPNoHlj","8/6/12 11:49",2,2,2,1,0,1,0,1,0,0,1,4,0
"R_ellZhnlO4vwnba5","8/6/12 9:51",3,2,2,1,0,0,0,0,1,,1,5,0
"R_87e7Knw9SyiMxh3","8/14/12 10:26",2,2,2,1,0,1,0,0,1,1,1,4,0
"R_1FVM7fOTK19uiWN","8/6/12 23:15",3,2,2,0,0,0,0,1,0,,1,4,0
"R_9uTDd5as3VyIVEh","8/11/12 16:38",1,2,2,0,1,0,0,,,,,4,
"R_bgh5hGwV8yw4Cyh","8/6/12 23:10",3,2,2,1,0,0,0,0,1,,0,4,0
"R_73fKzbIjjrRvTF3","8/6/12 10:17",2,2,2,0,0,1,0,1,0,0,1,4,0
"R_7QfsyM9wTPmnPG5","8/8/12 12:56",1,2,2,0,1,0,0,1,0,1,0,4,0
"R_a2AfDMRbRVixSuN","8/24/12 12:07",2,3,2,0,0,1,1,0,1,1,0,,
"R_0kzLqbUSVNfK7dz","8/6/12 12:13",1,3,2,0,1,0,1,1,0,1,1,5,0
"R_9S4ybe58UBnH325","8/20/12 20:24",3,2,2,1,0,0,0,1,0,,0,4,0
"R_0U0wa9oLMzQ332R","9/1/12 12:26",1,2,2,0,1,0,0,0,1,0,1,4,0
"R_b47ASpB6AL6ijw9","8/6/12 9:33",2,2,2,1,0,1,0,,,,,4,0
"R_1MJguUy3CSjP20B","8/14/12 17:43",2,2,1,0,0,1,0,0,1,1,0,5,0
"R_1XJzfo5ScQnLDAV","8/6/12 16:49",1,2,2,0,1,0,0,0,1,0,0,5,0
"R_79Yase9s0uiDvyB","8/7/12 0:02",3,2,2,0,0,0,0,0,1,,0,5,0
"R_54G5Kh1fCCpptqZ","8/16/12 14:39",3,2,2,0,0,0,0,1,0,,1,5,0
"R_43iI1hg1nEAgHCB","8/24/12 11:34",2,2,2,1,0,1,0,1,0,0,1,5,0
"R_badZItMlziCkzfn","8/6/12 9:31",1,2,2,0,1,0,0,,,,,5,0
"R_aftiUIsyVz8Bcvr","8/24/12 11:02",1,2,2,1,1,0,0,1,0,1,1,4,0
"R_3r63s62Epqp9tyd","8/24/12 16:17",2,3,2,1,0,1,1,,,,,4,0
"R_3fVeKyGpD716iep","8/14/12 10:02",2,1,1,1,0,1,,0,1,1,0,4,0
"R_1KT0Vs5zv6zQ8sd","8/8/12 21:29",1,2,2,1,1,0,0,,,,,5,0
"R_dj9fiHaqpMqaFfL","8/7/12 9:19",1,2,2,1,1,0,0,1,0,1,0,7,1
"R_0VA9OLowCMNkawJ","8/6/12 14:30",2,2,1,1,0,1,0,1,0,0,,,
"R_4YfR5sE1Oq4iUrH","8/7/12 8:45",1,2,2,0,1,0,0,0,1,0,0,4,0
"R_2s1w8vQGBHgXCmh","8/6/12 9:11",3,2,2,0,0,0,0,1,0,,0,,
"R_cunRX5pjAvhFQAl","8/23/12 18:15",3,2,2,0,0,0,0,0,1,,1,7,0
"R_1RGUQdFm6blwm0Z","8/24/12 14:04",1,2,2,0,1,0,0,0,1,0,0,,
"R_6XqFQw1KGfT6pw1","8/24/12 20:33",3,2,2,1,0,0,0,0,1,,1,4,0
"R_2oeRPerw7WsHLGR","8/24/12 11:55",3,3,2,1,0,0,1,0,1,,1,5,0
"R_9KrMNJ2U8TG2mwZ","8/16/12 12:06",2,2,2,0,0,1,0,0,1,1,0,4,0
"R_equ00Q53cJS69Ap","8/6/12 22:29",2,2,1,0,0,1,0,1,0,0,1,,
"R_eloi7fp8a3aSWBn","8/6/12 15:02",2,2,1,1,0,1,0,1,0,0,1,,
"R_6r4ZW4HfHUW9kJT","8/24/12 14:44",1,3,2,0,1,0,1,0,1,0,0,4,0
"R_5vCpxDm2W1CsADz","8/6/12 11:11",1,3,2,1,1,0,1,1,0,1,1,7,0
"R_eXlBJyzRpNN5XU1","8/9/12 19:32",1,3,2,0,1,0,1,1,0,1,0,5,0
"R_b2sUsYHesmMKwQt","8/6/12 11:42",2,2,1,0,0,1,0,1,0,0,1,4,0
"R_eVcAWkW2rsjfovH","8/17/12 9:22",2,2,1,1,0,1,0,0,1,1,1,4,0
"R_7QH9GVw91XHopSZ","8/31/12 7:30",,-99,-99,,,,,1,0,,,4,0
"R_6zXFTzb61ScVilL","8/25/12 14:57",,,,,,,,,,,,4,0
"R_9XrccwApKF32aMZ","8/7/12 18:20",1,2,2,1,1,0,0,0,1,0,1,4,0
"R_ehfiRtBJMEqWBBH","8/16/12 17:25",3,2,1,0,0,0,0,0,1,,0,4,0
"R_56YlX0wbiSzlxnD","8/6/12 21:27",3,2,2,0,0,0,0,0,1,,0,4,0
"R_b7xkp7UNQQkIu2N","8/24/12 13:00",3,2,2,1,0,0,0,0,1,,0,4,0
"R_bIyNt8fFoMF4wvj","9/13/12 2:04",2,2,2,0,0,1,0,0,1,1,0,4,0
"R_3DTwh7bBvYM44yp","8/14/12 14:23",2,2,1,0,0,1,0,1,0,0,0,4,0
"R_0e8NL4igpGOKTTD","8/6/12 19:00",3,2,2,0,0,0,0,0,1,,0,4,0
"R_cMTFgmrGvbsuXNb","8/6/12 10:26",1,3,2,0,1,0,1,1,0,1,0,4,0
"R_0fdnTAV9mqZHarr","8/24/12 13:52",2,2,2,1,0,1,0,1,0,0,1,4,0
"R_2ax3Yf2yKCUQwIZ","8/14/12 12:56",,,,,,,,,,,,5,0
"R_5cgrke3MJX1MlCd","8/6/12 14:07",1,2,2,1,1,0,0,1,0,1,0,5,0
"R_dp6hLIGGJz3JFE9","8/26/12 11:51",3,2,2,0,0,0,0,0,1,,0,4,0
"R_cRN2QsogAW3Jidf","8/6/12 9:02",1,3,2,1,1,0,1,1,0,1,1,4,0
"R_eQ06rZLRVmqA3XL","8/14/12 22:45",1,3,1,0,1,0,1,1,0,1,1,4,0
"R_cOYMwtNRDdWhaSh","8/8/12 23:18",2,3,2,1,0,1,1,0,1,1,1,4,0
"R_2lPKvv2sydmxK8B","8/21/12 15:08",1,3,2,1,1,0,1,1,0,1,1,4,0
"R_9mI6hqIHRXHK5KJ","8/6/12 13:40",1,2,2,0,1,0,0,0,1,0,0,4,0
"R_1RdnT2WGUxUHBe5","8/25/12 0:17",3,2,2,0,0,0,0,0,1,,1,5,0
"R_1TRFQr5yrtmdarX","8/6/12 17:38",2,2,2,0,0,1,0,1,0,0,0,5,0
"R_6F2gWkjDNrl2Q2p","8/6/12 10:25",2,2,2,0,0,1,0,0,1,1,0,5,0
"R_ezVVhfxllCWdn1P","8/6/12 9:08",2,3,2,0,0,1,1,1,0,0,0,5,1
"R_3NMGQIntOCxL1Sl","8/14/12 11:33",2,3,2,0,0,1,1,0,1,1,1,5,1
"R_d0Fc4lFV7uZ95AN","8/14/12 15:14",1,3,1,1,1,0,1,0,1,0,1,4,0
"R_bIRadImFWyILXRX","8/6/12 9:35",2,3,2,0,0,1,1,1,0,0,0,4,0
"R_41IjbuDMkAAracd","8/14/12 11:09",3,2,2,1,0,0,0,0,1,,0,4,0
"R_4MkNn8vpCJyJXBb","8/24/12 10:42",1,,,,1,0,,,,,,4,0
"R_3WAee05N6R6F3uZ","8/6/12 14:30",1,2,2,1,1,0,0,0,1,0,1,5,0
"R_3qJFU1DH7VZ4SP3","8/26/12 21:36",1,2,2,1,1,0,0,0,1,0,1,4,0
"R_02qaWNDg1ytfnyl","8/6/12 10:20",2,2,2,0,0,1,0,0,1,1,0,7,0
"R_8ffkEl3BPdgkWFL","8/24/12 11:40",2,2,2,1,0,1,0,0,1,1,1,,
"R_8wStk2G0r4RLoTX","8/6/12 9:31",2,2,2,1,0,1,0,0,1,1,1,,
"R_6LQVsqlzRHKkzIN","8/6/12 18:01",2,2,1,1,0,1,0,1,0,0,1,,
"R_cGTBykt1z6A5KId","8/27/12 8:36",1,2,2,1,1,0,0,1,0,1,0,5,0
"R_4UcK1f8GrVZoSuV","8/15/12 17:16",2,2,2,0,0,1,0,1,0,0,1,5,0
"R_bvAPu6FtDpG1PqR","8/14/12 17:02",,,,,,,,,,,,5,0
"R_4GWXYWFMvE4lodD","8/6/12 17:16",1,2,2,0,1,0,0,1,0,1,0,5,0
"R_064zd9NvZHHwG5n","8/24/12 13:44",1,3,1,0,1,0,1,1,0,1,0,7,1
"R_71d2ihQZQR3HujX","8/25/12 7:34",1,2,2,0,1,0,0,,,,,5,0
"R_dm4ZDR7RvHft4cB","8/27/12 18:46",2,3,2,0,0,1,1,1,0,0,1,5,0
"R_7VQg7Ri6WQ6ILhH","8/16/12 11:10",2,3,2,0,0,1,1,0,1,1,1,5,0
"R_eDV43edk9Oaxdhr","8/6/12 9:23",2,2,2,0,0,1,0,1,0,0,1,4,0
"R_5BXYzf0mcXOLKoR","8/14/12 9:49",1,2,2,1,1,0,0,1,0,1,1,4,0
"R_2ug6qxVcdrm2Ll3","8/24/12 11:59",1,2,2,1,1,0,0,1,0,1,,5,0
"R_7QGJxP7PoEpWPJj","8/29/12 12:04",2,2,2,1,0,1,0,1,0,0,1,,
"R_2c4XJtENxnEFFKB","8/13/12 14:45",2,2,1,1,0,1,0,1,0,0,1,4,0
"R_03dL6f8qSlRWZI9","8/6/12 23:42",1,3,2,0,1,0,1,1,0,1,0,5,1
"R_aXigko3Q1JT4bVr","8/17/12 12:14",2,2,2,1,0,1,0,0,1,1,0,5,0
"R_8pMgDU4MweGdGN7","8/7/12 15:18",3,1,1,1,0,0,,0,1,,0,4,0
"R_8vSi8kLu8zwRw2h","8/6/12 20:51",3,2,2,1,0,0,0,1,0,,0,4,0
"R_7ZDF7yhen8UxVop","8/16/12 0:46",2,2,1,0,0,1,0,0,1,1,0,4,0
"R_8voTBd2hXfl5ER7","8/14/12 15:01",2,2,1,1,0,1,0,0,1,1,1,4,0
"R_6rNbVDfeaSgR2N7","8/7/12 15:55",3,2,2,0,0,0,0,0,1,,0,4,0
"R_77M5p3MX9GqqVZb","8/24/12 13:14",1,2,2,0,1,0,0,0,1,0,0,5,0
"R_3ZQyNwM8J4H6ySF","8/24/12 11:39",3,1,2,0,0,0,,0,1,,0,4,0
"R_9YRnJKoHOzE5dsh","8/8/12 15:40",1,2,2,0,1,0,0,0,1,0,1,4,
"R_a92lrIxEjOuiC2x","8/8/12 19:34",1,2,1,1,1,0,0,0,1,0,0,5,0
"R_40ELZGYM0WHtBAN","8/14/12 16:42",1,2,2,0,1,0,0,0,1,0,1,5,0
"R_6my93tiz1BcAKzj","8/6/12 9:35",2,2,2,0,0,1,0,0,1,1,0,5,0
"R_eYeVHAXhanQX4H3","8/14/12 10:18",1,3,2,0,1,0,1,0,1,0,1,4,0
"R_9Le5Y7S2gb5vP9j","8/16/12 7:50",3,2,2,0,0,0,0,0,1,,0,,
"R_eX7X2EJqZvKl61n","8/14/12 10:40",2,2,2,1,0,1,0,0,1,1,0,,
"R_ac3A7Bo4UhvKeyN","8/24/12 17:15",1,2,2,1,1,0,0,0,1,0,0,,
"R_4PxLnvXabO8svL7","8/6/12 9:58",3,2,2,0,0,0,0,0,1,,0,5,0
"R_79d6DWitIXVx3KJ","8/6/12 9:01",2,2,2,1,0,1,0,1,0,0,1,4,0
"R_cIW1r4mgZrJ6nFX","8/7/12 16:54",1,2,2,1,1,0,0,1,0,1,0,,
"R_9tTZn4cAuncIF5H","8/24/12 14:32",3,2,2,1,0,0,0,0,1,,0,5,0
"R_862uOhzVG31ESrP","8/28/12 14:14",3,2,1,1,0,0,0,0,1,,0,,
"R_1ZaiYi88t2A4Mtv","8/21/12 14:17",,3,1,1,,,1,1,0,,1,4,0
"R_3W1xuiSbFGySCPz","8/25/12 12:41",3,2,2,1,0,0,0,0,1,,1,4,0
"R_blWnu1UcsyRgJA9","8/10/12 17:45",5,2,2,0,0,0,0,1,0,,1,4,0
"R_3HKaaSdyb7tsgVD","8/6/12 11:40",3,2,2,1,0,0,0,1,0,,0,4,0
"R_bmiiIG4DTulWnjf","8/14/12 11:23",3,2,2,1,0,0,0,1,0,,0,4,0
"R_3xbO2lIfwlTC57v","8/24/12 15:41",1,2,2,0,1,0,0,1,0,1,0,5,
"R_8q5bjuwtwjVMB5b","8/6/12 23:06",2,2,2,0,0,1,0,0,1,1,0,5,0
"R_6h7XuMunJTc8Nsp","8/15/12 11:56",2,2,2,0,0,1,0,1,0,0,1,5,0
"R_3QtQKYolf12AnDn","8/24/12 17:33",2,2,2,1,0,1,0,1,0,0,1,4,0
"R_bdQ69WnsnobJBTn","8/14/12 13:07",1,1,1,0,1,0,,1,0,1,1,4,0
"R_2sqhZOWXCT5tkln","8/14/12 10:07",1,-99,1,0,1,0,,0,1,0,0,4,0
"R_dmAomVPV4RAlscR","8/24/12 10:45",2,3,1,0,0,1,1,0,1,1,1,,
"R_ey3AFecwIhB8bEV","8/6/12 13:09",2,3,2,0,0,1,1,1,0,0,0,,
"R_06C7Lqr2TaCqaQR","8/6/12 9:38",1,3,2,0,1,0,1,1,0,1,0,4,0
"R_1yP2OBQMG1Yx1op","8/24/12 11:36",3,2,1,1,0,0,0,1,0,,1,5,0
"R_6yVscEFAXYmi7sh","8/21/12 17:54",,,,,,,,,,,,4,0
"R_6GzFeUcv4hO4Ok5","8/6/12 21:10",2,2,2,1,0,1,0,0,1,1,1,5,0
"R_eA67eF1KOvd7Yod","8/20/12 8:58",3,2,2,1,0,0,0,1,0,,1,,
"R_cuOjgrBB31zelAp","8/6/12 13:31",1,2,2,1,1,0,0,0,1,0,1,4,0
"R_efIltHkv6MfmAhn","8/6/12 11:25",1,2,2,1,1,0,0,1,0,1,1,,
"R_5cM4WMRXw82s1Cd","8/9/12 19:20",,-99,-99,,,,,0,1,,,9,1
"R_5j5jDzbcRlY0LJ3","8/14/12 11:14",1,2,2,0,1,0,0,0,1,0,1,4,0
"R_etjxKOzwqWVlaMl","8/10/12 10:39",2,2,2,0,0,1,0,0,1,1,0,5,0
"R_78wDJYd3Pu4CAg5","8/8/12 17:48",3,3,2,0,0,0,1,0,1,,1,4,0
"R_efigvNVAr3SMsCx","8/8/12 11:46",,,,,,,,,,,,4,0
"R_b0WU72lLPOkMO21","8/18/12 21:41",3,2,2,0,0,0,0,0,1,,0,4,0
"R_3fl3gKGeFT3uEIt","8/15/12 19:08",1,2,2,0,1,0,0,1,0,1,,4,0
"R_2crHz32gkXktRWJ","8/24/12 15:27",3,2,2,0,0,0,0,0,1,,0,4,0
"R_0JaKWU6ffZZdYcB","8/6/12 9:04",2,2,2,0,0,1,0,1,0,0,1,4,0
"R_b4p5P7YuBmGRmpD","8/6/12 14:45",1,2,2,1,1,0,0,0,1,0,0,4,0
"R_e2qaX71DMsEKymp","8/24/12 17:50",2,2,2,1,0,1,0,1,0,0,0,5,0
"R_cFJHL4SLuGrCJW5","8/6/12 11:10",3,2,2,0,0,0,0,0,1,,1,4,0
"R_5zJhbzSFFZm3GNn","8/27/12 10:41",2,2,1,1,0,1,0,1,0,0,1,,
"R_bgtRBLzruj8GAjb","8/6/12 8:59",,,,,,,,,,,,,
"R_4Jk5h0gZr3rrsfX","8/7/12 17:37",1,2,2,0,1,0,0,0,1,0,0,4,0
"R_2gDNfN2w1kXZSvz","8/24/12 10:44",3,2,2,0,0,0,0,1,0,,1,4,0
"R_a5eE6TcCbKuDUPz","8/14/12 10:47",1,2,2,0,1,0,0,,,,,5,0
"R_4Ufj2epoinsAp1z","8/15/12 8:47",1,2,2,1,1,0,0,1,0,1,1,4,0
"R_3WSlVcfQE8QSncN","8/6/12 19:50",1,2,2,1,1,0,0,0,1,0,1,5,0
"R_ewAPLBBnt0ErpSB","8/7/12 14:27",5,2,2,0,0,0,0,1,0,,1,,
"R_bJaioiCCL2EAf7T","8/25/12 16:29",1,3,2,1,1,0,1,0,1,0,1,4,0
"R_08LsaQEZQpJ643X","8/6/12 12:47",,-99,-99,,,,,0,1,,,4,0
"R_5yFfcz6OJbd4dpP","8/24/12 11:10",2,3,2,0,0,1,1,1,0,0,1,4,0
"R_8uZyOsRB5lAsUYt","8/14/12 11:23",1,2,2,0,1,0,0,0,1,0,0,5,0
"R_cBks3OB6outzAah","8/30/12 12:38",5,2,2,1,0,0,0,0,1,,0,,
"R_86vtkCWQl0p1UP3","8/24/12 11:45",1,2,-99,0,1,0,0,0,1,0,0,,
"R_4GBjwiqURO5BVch","8/7/12 10:20",1,2,2,0,1,0,0,0,1,0,0,,
"R_9N5UyWR3XhodWIZ","8/7/12 11:07",3,2,2,1,0,0,0,1,0,,1,4,0
"R_3WS2ClbcCmYNqjb","8/9/12 15:54",3,2,2,0,0,0,0,1,0,,0,5,0
"R_9S6EZu81okK8f8V","8/6/12 11:32",1,3,2,0,1,0,1,1,0,1,1,5,1
"R_cIo5NVWozAbtPBX","8/6/12 18:20",3,2,2,0,0,0,0,0,1,,0,,
"R_4MchkHsxLcPWqPz","8/6/12 23:04",1,3,2,1,1,0,1,1,0,1,0,5,0
"R_5ALG17BLRhXM3xH","8/6/12 15:26",,-99,-99,,,,,0,1,,,4,0
"R_cUy7OzAUHbkpsUJ","8/24/12 12:02",,,,,,,,,,,,5,0
"R_9ppWg9tNo1ZXJsN","8/9/12 11:36",2,2,2,1,0,1,0,0,1,1,0,5,0
"R_eIMyQmwKtJj3EvH","8/24/12 22:04",3,2,2,0,0,0,0,1,0,,,4,0
"R_aWrm8CWA6rxZjXD","8/6/12 10:04",2,2,2,0,0,1,0,1,0,0,0,4,0
"R_3eGauwiDizFsGW1","8/27/12 15:28",,-99,-99,,,,,,,,,4,0
"R_3wpNkr13Dui1rFj","8/27/12 10:31",1,2,2,1,1,0,0,0,1,0,0,,
"R_1ZFug34TRuMJRzv","8/6/12 13:11",2,2,2,0,0,1,0,0,1,1,1,4,0
"R_2bjcSb1jpeBrObr","8/14/12 10:01",,-99,-99,,,,,0,1,,0,5,0
"R_bw1rk3HRr541uYJ","8/6/12 11:52",1,2,2,0,1,0,0,1,0,1,0,5,0
"R_blqh58v5FmetUBT","8/6/12 11:32",2,2,2,1,0,1,0,1,0,0,0,4,0
"R_9HPpkh0dUMO3gWN","8/6/12 17:43",1,2,2,1,1,0,0,1,0,1,1,5,0
"R_6YyEIwUmdeid2nP","8/14/12 15:14",3,3,1,1,0,0,1,0,1,,1,4,0
"R_5aw6GOFdSslgiH3","8/14/12 9:54",3,1,1,1,0,0,,0,1,,0,4,0
"R_9o5PllMtQDlRoKV","8/6/12 11:39",1,3,2,0,1,0,1,0,1,0,0,5,0
"R_3K6go4HKm058Srj","8/30/12 18:01",2,3,2,0,0,1,1,0,1,1,0,5,0
"R_cOBmSP2g4Inf7Lf","8/6/12 20:33",2,3,2,0,0,1,1,1,0,0,0,5,0
"R_2s2pNuXywEqMTJz","8/9/12 22:15",1,3,1,0,1,0,1,0,1,0,0,5,0
"R_2lPrLeVZE73vmMR","8/15/12 14:17",1,3,1,0,1,0,1,1,0,1,1,5,0
"R_1ZfdsqhVu1w2Kix","8/15/12 22:16",,,,,,,,,,,,5,0
"R_2mZYKh44UWiLqC1","8/14/12 9:55",1,2,1,1,1,0,0,0,1,0,1,4,0
"R_esmU3dQyNi9tC7j","8/6/12 18:01",3,2,2,0,0,0,0,1,0,,0,7,1
"R_dg6zX8PKAWtmQ1n","8/7/12 17:57",3,2,2,0,0,0,0,0,1,,0,7,1
"R_7TFx0nbdtdZxtzL","8/14/12 13:00",1,3,2,0,1,0,1,0,1,0,0,7,1
"R_d7u1o0RD0vfS0tv","8/14/12 16:59",3,2,2,1,0,0,0,0,1,,0,5,0
"R_4YI8upkWNQav7Hn","8/26/12 22:04",3,3,2,0,0,0,1,0,1,,1,5,0
"R_57MuPQbDbtPvHuZ","8/8/12 0:25",,,,,,,,,,,,5,0
"R_9Hqoul3RZznmQW9","8/26/12 22:44",1,2,2,0,1,0,0,1,0,1,1,4,0
"R_9WsNBHSAvsfGUlL","8/10/12 2:18",,-99,-99,,,,,1,0,,,7,1
"R_eMaTO9lEwY57jJX","8/26/12 22:57",,,,,,,,,,,,7,1
"R_393kK1z5hwSWXAh","8/24/12 11:10",,,,,,,,,,,,4,0
"R_5BCEltCmof6LStv","8/24/12 12:19",1,2,2,0,1,0,0,0,1,0,0,4,0
"R_cYIEiIWPRDf9E3z","8/14/12 10:47",1,3,2,0,1,0,1,0,1,0,1,4,0
"R_a2vZwoTc5uj8ltX","8/15/12 3:14",5,2,2,0,0,0,0,0,1,,1,4,0
"R_1NUEPWrkAoKXZNH","8/6/12 11:25",2,2,2,1,0,1,0,1,0,0,0,5,0
"R_4MGDHXYSqim7h9H","8/24/12 12:10",1,1,2,1,1,0,,0,1,0,1,6,1
"R_9Y24xTijQpX2qYl","8/27/12 15:25",2,3,2,1,0,1,1,0,1,1,0,4,0
"R_6zovjKFFKqiAzQx","8/19/12 10:49",1,3,2,1,1,0,1,0,1,0,0,5,0
"R_24b70FLvxzSp6oB","8/14/12 11:15",,,,,,,,,,,,5,0
"R_6XAPEGgGNQ9Nd09","8/6/12 17:31",2,2,1,1,0,1,0,1,0,0,0,5,0
"R_eVvGyEDnp8aLvQ9","8/29/12 0:56",3,2,2,0,0,0,0,0,1,,1,5,0
"R_6xl65tyuJ4dBCBf","8/14/12 10:31",3,2,2,1,0,0,0,0,1,,1,5,0
"R_6L6BOUtquut60HX","8/16/12 16:00",3,2,2,1,0,0,0,0,1,,0,5,0
"R_0CIDqJbURrX2FZr","8/20/12 22:26",2,2,2,1,0,1,0,0,1,1,1,4,0
"R_6GarEjQkPR1f3Gl","8/6/12 19:13",2,2,2,1,0,1,0,0,1,1,0,4,0
"R_5mMHHtmeTF8S7mB","8/24/12 10:48",3,2,2,1,0,0,0,0,1,,,4,0
"R_6mVcxs7JwtD2Dd3","8/7/12 0:03",3,2,2,1,0,0,0,1,0,,0,7,1
"R_eIFmHYPsZIHA5Uh","8/6/12 10:01",2,2,2,0,0,1,0,1,0,0,1,7,1
"R_5oOEhUFsIWl4ijP","8/19/12 21:26",1,3,2,0,1,0,1,0,1,0,0,7,1
"R_3mlPvrBtFu1gW6p","8/14/12 13:07",2,2,2,1,0,1,0,1,0,0,0,5,0
"R_2aGMGt6b1mKh2DP","8/6/12 10:02",3,2,1,0,0,0,0,1,0,,0,4,0
"R_23LU58E4Nfrrwu9","8/6/12 14:15",2,2,2,1,0,1,0,0,1,1,0,5,0
"R_bDYQZu3nBMVHWSh","8/14/12 12:07",1,2,2,1,1,0,0,0,1,0,1,4,0
"R_cSljDnah3TQ78ix","8/14/12 11:29",1,2,2,0,1,0,0,0,1,0,1,5,0
"R_ddrThwLdHKCoV01","8/24/12 17:58",2,2,2,0,0,1,0,1,0,0,0,5,0
"R_d4GdJmNW29GffCd","8/6/12 13:05",1,2,2,0,1,0,0,1,0,1,0,5,0
"R_5oiV2htiGiURkeV","8/24/12 15:51",2,2,2,0,0,1,0,1,0,0,1,4,0
"R_8pn1yMPs78SwFdr","8/14/12 11:26",,,,,,,,,,,,4,0
"R_0qryuhSs5G4fUKV","8/24/12 15:43",1,2,2,1,1,0,0,1,0,1,1,4,0
"R_b9nUwwPBsKFd4JD","8/6/12 14:50",3,2,2,1,0,0,0,1,0,,1,5,0
"R_8p1AxH6ovXvInrL","8/6/12 11:08",3,2,2,0,0,0,0,0,1,,0,4,0
"R_2spPV4v438N7mFD","8/20/12 9:02",3,2,2,0,0,0,0,1,0,,0,6,0
"R_cTmQwDPoGYHvlkx","8/24/12 13:37",1,2,2,0,1,0,0,1,0,1,0,4,0
"R_0ktvScRjsLFQalT","8/6/12 13:00",3,2,1,1,0,0,0,1,0,,1,,
"R_cuA7mTf0QA07WQZ","8/6/12 17:10",2,2,2,1,0,1,0,1,0,0,1,5,0
"R_3UFZDizGJlEehRX","8/28/12 0:52",1,2,2,0,1,0,0,1,0,1,1,4,0
"R_4So9XOEbnBeWA3b","8/14/12 12:18",2,2,2,1,0,1,0,0,1,1,1,4,0
"R_4UaOqLfzuyN28lf","8/6/12 11:01",3,2,2,1,0,0,0,1,0,,1,4,0
"R_74bkcA4xqAPpyeN","8/16/12 15:38",3,2,2,0,0,0,0,0,1,,0,4,0
"R_9uAOehas7PGOsSh","8/14/12 14:29",3,2,2,1,0,0,0,0,1,,1,4,0
"R_eKAYUVX8MYsy4nP","8/9/12 14:43",3,2,2,1,0,0,0,0,1,,1,,
"R_bvCk27AWMOCk1uZ","8/22/12 13:41",2,2,2,1,0,1,0,0,1,1,0,4,0
"R_203YnQSiXALTae1","8/6/12 10:23",,,,,,,,,,,,4,0
"R_eM57Y9FkUrlATCB","8/14/12 10:51",2,2,2,0,0,1,0,0,1,1,1,4,0
"R_9AlLr4aebdw9kk5","8/6/12 15:26",3,2,2,0,0,0,0,1,0,,1,4,2
"R_1BJf9dk9bWLVBWZ","8/6/12 9:46",,,,,,,,,,,,4,0
"R_51FjprHuZehqhoN","8/24/12 20:27",2,3,2,1,0,1,1,0,1,1,1,4,0
"R_9ysOzk25UA0Vj6d","8/27/12 18:52",1,,,,1,0,,,,,,4,0
"R_dhxSMkMHjxCtIQB","8/6/12 9:37",1,2,2,0,1,0,0,0,1,0,0,,
"R_0wb4BXsjQqxFLSJ","8/25/12 19:29",1,2,1,0,1,0,0,1,0,1,1,,
"R_eX3RjktmB2rAYDj","8/17/12 18:26",3,2,2,1,0,0,0,0,1,,0,4,0
"R_5oJb3slEcEKJfSZ","8/7/12 11:55",2,2,1,0,0,1,0,0,1,1,0,4,0
"R_1zsO0a7Btm1smah","8/25/12 14:40",2,2,2,0,0,1,0,1,0,0,0,5,0
"R_eR7gjxsNwzbcvpb","8/6/12 11:30",5,2,2,1,0,0,0,1,0,,0,4,0
"R_eaPQdLTu6dIOkQd","8/9/12 18:15",5,2,2,1,0,0,0,0,1,,1,4,0
"R_cwoeGiqgvo0QfQh","8/14/12 11:02",1,2,2,1,1,0,0,,,,,5,0
"R_eeTjBVSNZsSWQ9T","8/14/12 9:59",2,2,2,0,0,1,0,0,1,1,1,4,0
"R_ezb5bJK6VnfILKR","8/26/12 22:20",,-99,-99,,,,,1,0,,,8.5,
"R_0xKgvJ6S7lUIvGt","8/14/12 10:49",3,2,2,0,0,0,0,1,0,,0,4,0
"R_8e4fb53viMxJBIx","8/14/12 16:07",3,2,2,0,0,0,0,0,1,,0,4,0
"R_ekRZbTCAONadxwF","8/20/12 8:59",1,2,1,1,1,0,0,0,1,0,1,,
"R_a3GOaNyKszxHwxL","8/14/12 12:56",2,2,2,1,0,1,0,1,0,0,0,5,0
"R_0CndzF2dHsx9kOh","8/6/12 12:11",1,2,2,1,1,0,0,0,1,0,0,5,0
"R_esNqyVgEbBZzvzT","8/14/12 11:49",,2,2,,,,0,,,,,5,1
"R_eIDXiudBdbtwOW1","8/15/12 5:23",1,3,2,0,1,0,1,1,0,1,0,4,0
"R_0PRNRTaepnOOS0Z","8/14/12 10:29",3,2,2,0,0,0,0,,,,,5,0
"R_88P1Z5nuFmLVsc5","8/25/12 18:23",,,,,,,,,,,,5,0
"R_6x6aJ2kyx7eatDL","8/6/12 10:25",1,1,1,1,1,0,,0,1,0,1,4,0
"R_295vSZwD4XMYlH7","8/14/12 16:42",1,3,2,1,1,0,1,0,1,0,0,5,1
"R_d744CJyHJFfoJDf","8/14/12 9:49",3,2,2,1,0,0,0,1,0,,0,5,0
"R_82kLtHgqyEZsZaR","8/12/12 14:06",1,3,2,1,1,0,1,1,0,1,0,5,0
"R_3kIQD9yKFHgtH1z","8/24/12 21:14",2,2,2,0,0,1,0,0,1,1,1,4,0
"R_aeIEbX2g4VNi0f3","8/16/12 10:38",1,2,2,0,1,0,0,1,0,1,0,4,0
"R_1HLC9nyQCsfme6p","8/7/12 14:48",2,3,2,1,0,1,1,1,0,0,0,,
"R_8ug6mQtfbCIBmLP","8/7/12 12:42",1,3,2,0,1,0,1,0,1,0,0,4,0
"R_6P44gRJXf77L4Yl","8/24/12 11:51",1,3,2,0,1,0,1,1,0,1,0,4,0
"R_6loqjgSkWjfV7rn","8/7/12 13:28",2,2,2,0,0,1,0,1,0,0,1,5,0
"R_8uXbkS8QODUsYAt","8/6/12 21:51",1,2,2,1,1,0,0,1,0,1,0,5,0
"R_a62aLpXv3v3D7Y9","8/14/12 12:52",1,2,2,0,1,0,0,0,1,0,1,5,0
"R_6gKrKresX40RB7D","8/6/12 8:46",1,,,,1,0,,,,,,5,0
"R_6xqyc58vYiaVZ89","8/26/12 17:06",1,3,2,1,1,0,1,0,1,0,0,5,0
"R_06zKjKAjdPtch81","8/14/12 9:55",1,2,2,0,1,0,0,0,1,0,1,4,0
"R_1OphuyHgz7iemFL","8/6/12 15:20",5,2,2,1,0,0,0,,,,,,
"R_b8VHeQm3fInzr6d","8/24/12 10:52",2,2,2,0,0,1,0,0,1,1,1,,
"R_1TwVRgCmFoqSoHb","8/14/12 10:57",3,2,2,0,0,0,0,0,1,,0,5,0
"R_8332G5COBevvPfv","8/6/12 16:02",2,2,2,1,0,1,0,1,0,0,1,,
"R_8eP7kFx5bYI82Il","8/15/12 15:37",1,2,1,0,1,0,0,1,0,1,0,4,0
"R_8eTLQHx9ihfmFGl","8/6/12 9:19",1,2,2,1,1,0,0,1,0,1,1,5,0
"R_1XPyH4yhJ0xMSod","8/6/12 13:50",2,1,1,1,0,1,,1,0,0,1,5,0
"R_3HQ6PSBqDgTNPvf","8/15/12 19:03",3,2,1,0,0,0,0,0,1,,0,4,0
"R_bEGoN42W76863zL","8/6/12 15:41",5,2,2,0,0,0,0,,,,,5,0
"R_4Tlveb1lc4WpCn3","8/6/12 9:21",5,2,2,0,0,0,0,0,1,,0,7,0
"R_bxyfBGQ1QukDosl","8/6/12 9:11",3,2,2,1,0,0,0,1,0,,1,4,0
"R_bxqJOklxfjpDpe5","8/14/12 14:10",1,2,2,1,1,0,0,1,0,1,1,5,0
"R_0CWt3NsYYUyqphP","8/14/12 11:53",,,,,,,,,,,,7,0
"R_7VaSVmRVxNLNYJD","8/6/12 21:33",2,,,,0,1,,,,,,4,0
"R_bwoO9rr3dW9n9eB","8/14/12 12:02",5,3,2,0,0,0,1,,,,,4,0
"R_2cqXJZVF5bV2XC5","8/27/12 20:35",1,3,2,1,1,0,1,0,1,0,1,5,0
"R_3eEo5wWycV1O72d","8/24/12 19:38",1,2,2,0,1,0,0,1,0,1,1,4,0
"R_8ddJ1DYSmDK1oxL","8/6/12 10:21",5,1,-99,,0,0,,,,,,4,0
"R_7ZAJOz2e32Vh7P7","8/6/12 12:57",2,3,2,1,0,1,1,0,1,1,1,4,0
"R_0P8Hzjz2oxDA0wl","8/14/12 16:57",,,,,,,,,,,,4,0
"R_eE80xSUGmVWVdiZ","8/15/12 12:22",1,3,2,1,1,0,1,1,0,1,1,4,0
"R_a5x8Tx57ytHCsUB","8/6/12 12:35",2,3,2,1,0,1,1,,,,,4,0
"R_6V9DmdXiIxjBV53","8/24/12 11:39",1,2,2,0,1,0,0,1,0,1,0,5,0
"R_0lHJiV9bJ8Mt8oZ","8/14/12 10:49",,-99,-99,,,,,1,0,,,7,1
"R_5tiM4bvNvb4ZKp7","8/6/12 10:44",1,-99,2,0,1,0,,1,0,1,0,5,0
"R_0jId4RHFlbrBNm5","8/6/12 9:22",5,2,2,0,0,0,0,1,0,,0,5,0
"R_4ON25GTSsgzSoWp","8/6/12 21:45",5,2,2,1,0,0,0,0,1,,1,7,1
"R_80lyAhoN9Y7RbZb","8/7/12 3:16",2,2,2,0,0,1,0,1,0,0,1,4,0
"R_2fRHKVI6Nc8U7e5","8/24/12 11:33",2,2,2,0,0,1,0,,,,,4,0
"R_4OD7iD2T3Nd1UlD","8/6/12 9:12",1,3,2,0,1,0,1,0,1,0,1,5,0
"R_9zADC0lQl4qeiAl","8/16/12 11:47",1,3,2,0,1,0,1,0,1,0,0,5,0
"R_2iek6tjtt9R0eIR","8/16/12 10:02",3,2,2,0,0,0,0,,,,,4,0
"R_8jq8BxmWAxgYiQB","8/6/12 13:43",3,2,2,0,0,0,0,0,1,,0,4,0
"R_bej8DU9nw4yMIMl","8/14/12 14:47",3,2,2,0,0,0,0,0,1,,0,5,0
"R_ac4GkRKvqKBjsUd","8/14/12 11:24",2,2,2,0,0,1,0,0,1,1,0,5,0
"R_byJO8VN9hYrIi0J","8/6/12 18:24",3,2,2,0,0,0,0,0,1,,1,5,0
"R_cJ5Ejqs2mEZagfz","8/6/12 9:25",1,2,2,1,1,0,0,1,0,1,1,7,1
"R_eqCLK5cy1bWI7w9","8/6/12 9:39",2,2,2,0,0,1,0,,,,,5,0
"R_d5LmFqQn1muM8Lz","8/15/12 14:28",3,2,2,1,0,0,0,0,1,,0,7,1
"R_88MuHrqNkswrui9","8/8/12 9:15",1,2,1,1,1,0,0,0,1,0,0,7,2
"R_01xSdijpYD3wCeV","8/14/12 11:37",3,2,-99,1,0,0,0,1,0,,0,4,0
"R_cBfB88kuE3UmHg9","8/6/12 11:20",2,2,1,0,0,1,0,1,0,0,0,4,0
"R_5nF6wGhWkjqZNVr","8/24/12 13:24",2,2,1,1,0,1,0,0,1,1,0,4,0
"R_8wZ4CKT4EClYAMB","8/7/12 11:22",1,3,2,0,1,0,1,0,1,0,0,4,0
"R_3BQ4ttEi4tRqgZv","8/14/12 9:44",3,2,2,0,0,0,0,0,1,,0,4,0
"R_0OqzeC6GTS4QpZX","8/17/12 11:34",3,2,1,0,0,0,0,1,0,,1,4,0
"R_3zcptsPYuIcRenz","8/6/12 13:09",2,2,2,0,0,1,0,0,1,1,1,5,0
"R_4Mx3ZbVoTT2NKwl","8/8/12 11:24",1,2,2,1,1,0,0,0,1,0,0,4,0
"R_9QTlAQJ9X118dk9","8/20/12 23:51",1,2,2,0,1,0,0,1,0,1,0,4,0
"R_0ClRQp9cQUi9E6p","9/14/12 14:21",1,2,2,1,1,0,0,1,0,1,1,4,0
"R_5aTpLveIVwi5QRD","8/15/12 11:34",3,2,2,0,0,0,0,0,1,,1,4,0
"R_9LTIxzRzjr4xx9X","8/15/12 12:59",,,,,,,,,,,,4,0
"R_9F8wFvA4KYujQZD","8/6/12 21:05",1,2,2,1,1,0,0,1,0,1,1,4,0
"R_4T8fdg1KAdvflVb","8/6/12 13:01",1,2,2,0,1,0,0,1,0,1,1,4,0
"R_6yeYz550WDMegzr","8/14/12 10:13",2,1,1,1,0,1,,1,0,0,0,5,0
"R_1G2GGau9ApURwCp","8/7/12 7:25",3,2,2,0,0,0,0,1,0,,1,7,1
"R_a8EflFi7DAEe78F","8/30/12 16:02",5,2,2,1,0,0,0,0,1,,,4,0
"R_bCUQAX85vXcjpiZ","8/6/12 10:31",3,2,2,1,0,0,0,0,1,,1,,
"R_dpeQ7c2DVTG50DX","8/6/12 11:11",2,3,2,0,0,1,1,1,0,0,1,4,0
"R_5njav7JSo6Wu8ZL","8/6/12 10:36",1,3,2,1,1,0,1,1,0,1,0,4,0
"R_d5canXHWvmyxNOd","8/6/12 9:01",1,3,2,1,1,0,1,0,1,0,1,4,0
"R_cRXhJwnGnyNQs6N","8/24/12 10:51",3,2,2,1,0,0,0,0,1,,1,,
"R_8vTCY2q5plfBWC1","8/7/12 9:30",3,2,2,1,0,0,0,0,1,,1,,
"R_9yOrVaVwVvM6fiZ","8/15/12 17:31",1,2,2,1,1,0,0,1,0,1,1,,
"R_9AW8GOv7mu5kiwd","8/24/12 11:03",1,2,2,1,1,0,0,0,1,0,1,,
"R_6rseIhR9kW4rKHX","8/18/12 11:06",1,2,2,1,1,0,0,1,0,1,1,,
"R_cMG4BCcYGN7Xboh","8/6/12 9:49",5,2,2,1,0,0,0,1,0,,1,5,0
"R_5cI1jIkpOl60Afj","8/14/12 11:03",3,3,2,1,0,0,1,1,0,,1,5,0
"R_3dw8F1iLFZsuOlT","8/6/12 15:06",5,2,2,1,0,0,0,1,0,,0,5,0
"R_entPZ1LYRF4pSn3","8/14/12 10:30",3,2,2,0,0,0,0,1,0,,0,4,0
"R_0IE7jDSwDeHHGx7","8/27/12 20:56",,,,,,,,,,,,7,0
"R_8IYC2lxu6DeVXCJ","8/14/12 10:53",3,2,2,0,0,0,0,0,1,,1,4,0
"R_6s1mxQvatohpmFT","8/14/12 10:02",2,2,2,0,0,1,0,0,1,1,1,4,0
"R_3sotSa6SR0fZN41","8/24/12 22:39",5,2,2,1,0,0,0,0,1,,0,4,0
"R_1IcvnR9t4dipi29","8/7/12 16:46",3,2,2,1,0,0,0,0,1,,0,,
"R_2iym3nZ4nGry8El","8/7/12 13:52",1,2,2,1,1,0,0,0,1,0,0,5,0
"R_2iaVC0MjvSZMHeB","8/13/12 13:42",,,,,,,,,,,,7,1
"R_bl8kJ1DD6JNBpT7","8/24/12 20:28",3,2,2,1,0,0,0,1,0,,1,,
"R_8CwMstPSNGIiuCF","8/6/12 12:07",3,-99,2,0,0,0,,1,0,,1,7,1
"R_ekuABjNdoeTtD4F","8/6/12 11:09",1,2,2,0,1,0,0,0,1,0,1,4,0
"R_7UmpplgDMUNIExT","8/14/12 14:01",1,2,2,1,1,0,0,1,0,1,1,5,0
"R_9M51PQKP7mv6Bhj","8/6/12 9:21",,,,,,,,,,,,5,0
"R_71iHRX2ic6VJXb7","8/24/12 13:20",3,2,1,1,0,0,0,0,1,,1,5,0
"R_bd6LHb9ciThaqKp","8/24/12 12:05",1,2,2,0,1,0,0,1,0,1,0,5,0
"R_0UkXu0xVEFvrgKF","8/9/12 23:23",,,,,,,,,,,,5,0
"R_9mNFbeCuOlowjul","8/8/12 18:43",3,2,1,0,0,0,0,1,0,,1,5,0
"R_6l4i4XZgO73spzT","8/7/12 9:40",3,2,2,0,0,0,0,1,0,,0,4,0
"R_7QU5usLmOQmLFLn","8/6/12 14:02",1,2,2,1,1,0,0,0,1,0,0,4,0
"R_8v4alJG1eqopBZP","8/14/12 22:15",2,2,2,1,0,1,0,0,1,1,1,4,0
"R_a49Z3uBvXDk1U2h","8/6/12 9:43",1,3,1,1,1,0,1,1,0,1,1,9,
"R_bf5TH6gdp68CqKF","8/14/12 12:19",2,3,2,0,0,1,1,1,0,0,1,5,0
"R_6Ebuts96EsD1AY5","8/6/12 13:18",1,2,2,1,1,0,0,1,0,1,1,4,0
"R_88nldm4n8hwD4jP","8/15/12 8:47",,,,,,,,,,,,4,0
"R_dhACXrKe0kUFV9X","8/9/12 0:19",5,2,2,0,0,0,0,0,1,,0,5,0
"R_6fL2MINrmog0nQh","8/21/12 11:08",2,2,1,1,0,1,0,1,0,0,0,5,0
"R_9FVmUUSyKP7Ex0N","8/24/12 22:38",,,,,,,,,,,,4,0
"R_9TEGNDsx81VceC9","8/7/12 13:14",2,2,2,0,0,1,0,0,1,1,1,4,0
"R_3rZtumf7wBjUNNj","8/6/12 11:59",3,2,2,,0,0,0,1,0,,0,4,0
"R_3yCE1iGY4xiuwHb","8/6/12 18:18",2,2,2,0,0,1,0,1,0,0,0,5,0
"R_cSmNuMlQl4C1wTr","8/27/12 18:33",5,2,2,0,0,0,0,1,0,,0,5,0
"R_dbqRXWSUjxIvAt7","8/6/12 10:19",3,2,1,0,0,0,0,1,0,,0,4,0
"R_bHLeodAOnQc46JD","8/14/12 11:25",3,2,2,1,0,0,0,0,1,,0,7,0
"R_cU4bFPg3v1TI2Al","8/24/12 11:09",2,2,2,0,0,1,0,1,0,0,0,7,0
"R_enGiq6PyOBWqccZ","8/6/12 16:18",3,2,2,1,0,0,0,0,1,,0,4,0
"R_etfruAnX55f6VCd","8/14/12 10:11",1,1,1,1,1,0,,0,1,0,0,4,0
"R_6F0uHgxnI0wOx2l","8/27/12 15:00",1,-99,2,0,1,0,,1,0,1,0,4,0
"R_bdeh3vUXnpWLdLD","8/24/12 17:05",1,,,,1,0,,,,,,6,0
"R_5mMIcrY9QGU7F3v","8/15/12 12:18",3,2,2,0,0,0,0,0,1,,1,5,0
"R_0ufuufqiw7fCqfr","8/14/12 10:25",1,2,2,0,1,0,0,1,0,1,0,4,0
"R_7UlQK4KHAU4EZPT","8/14/12 10:18",2,3,2,0,0,1,1,0,1,1,1,4,0
"R_a8zYQTVdkB1Ecpn","8/14/12 11:17",2,3,2,0,0,1,1,0,1,1,0,4,0
"R_6FLyqVErfWvlCK1","8/14/12 22:13",1,2,2,0,1,0,0,0,1,0,0,,
"R_enw1C4nUb0FbaN7","8/24/12 16:57",1,3,-99,0,1,0,1,1,0,1,0,7,1
"R_dhem9qSF1F20bS5","8/24/12 18:20",2,2,2,0,0,1,0,1,0,0,0,5,0
"R_72PWZohKVuHsGNL","8/6/12 10:09",3,2,2,1,0,0,0,0,1,,1,4,0
"R_42Bynk77RMCLvg1","8/14/12 23:14",1,2,2,0,1,0,0,1,0,1,1,5,0
"R_a43btuDkiXGMKxf","8/14/12 10:37",3,2,2,1,0,0,0,0,1,,1,4,0
"R_esnmHHJcbQtuzyt","8/6/12 16:53",1,3,2,0,1,0,1,1,0,1,1,4,0
"R_8FTwc2unyPas5r7","8/7/12 13:00",2,2,2,1,0,1,0,0,1,1,1,5,0
"R_8ozZO5ur8dXzhhH","8/14/12 9:58",1,2,2,0,1,0,0,0,1,0,1,4,0
"R_5AnRwjzLL5mBMmp","8/6/12 12:29",1,3,2,0,1,0,1,1,0,1,0,5,0
"R_6XY0A90cMCFnNOd","8/14/12 11:01",2,3,2,0,0,1,1,0,1,1,1,7,
"R_0OsL6ivsjPxkMmx","8/14/12 16:16",3,2,2,1,0,0,0,1,0,,1,4,0
"R_5t39y7CLgrrILo9","8/6/12 10:30",2,3,1,1,0,1,1,1,0,0,1,4,0
"R_3VsNHbJFQSrNQlT","8/14/12 16:38",3,2,2,1,0,0,0,1,0,,0,4,0
"R_72j93Gh2Oakywtf","8/6/12 12:02",1,2,2,0,1,0,0,0,1,0,1,5,0
"R_2u7RJeM5BNKgMSN","8/27/12 11:45",1,2,2,0,1,0,0,0,1,0,0,,
"R_5nymPTkEWzkhcsR","8/21/12 21:48",1,2,2,1,1,0,0,1,0,1,1,4,0
"R_eVXAEvaJwxONmrH","8/14/12 19:35",1,-99,1,1,1,0,,,,,,7,0
"R_d9UygFZxtwAIuVv","8/20/12 15:46",2,2,2,0,0,1,0,0,1,1,0,,
"R_dj0rbUG4Vdi5SHH","8/17/12 12:31",2,2,1,1,0,1,0,1,0,0,0,5,0
"R_6lqgyx6t0Se31D7","8/6/12 12:06",3,2,2,0,0,0,0,1,0,,1,5,0
"R_ba1lOBFai14au0Z","8/29/12 19:38",3,2,2,0,0,0,0,1,0,,1,5,0
"R_cvjh9I8421kQU4J","9/10/12 7:02",3,-99,2,0,0,0,,1,0,,0,5,0
"R_06tEMHQsbRMur1H","8/14/12 18:05",2,2,1,0,0,1,0,1,0,0,0,5,0
"R_cYCRSq1RH2x2wTP","8/6/12 9:09",,,,,,,,,,,,5,0
"R_28ZrTLjU3guLbrD","8/24/12 11:51",3,-99,2,0,0,0,,0,1,,0,4,0
"R_7ZAwqUTD8KnJnIV","8/24/12 12:05",1,2,2,0,1,0,0,0,1,0,0,4,0
"R_4UCWd9YmqDOYpjD","8/7/12 12:20",3,2,2,1,0,0,0,0,1,,0,5,0
"R_eL5tVBf8JxM55VH","8/26/12 21:29",1,2,2,1,1,0,0,1,0,1,0,5,0
"R_0Cg19KNnYzWLBK5","8/6/12 9:10",2,2,1,1,0,1,0,,,,,5,0
"R_9TWxfchGtDbLugl","8/6/12 9:02",3,2,2,1,0,0,0,0,1,,1,5,0
"R_dgRjDg48W8zBkK9","8/6/12 9:25",1,2,2,0,1,0,0,0,1,0,0,5,0
"R_3Ud2w48AjNnWEcZ","8/6/12 15:24",2,3,2,0,0,1,1,0,1,1,0,4,0
"R_1AL33HgiLurjFdz","8/14/12 22:45",1,3,2,1,1,0,1,0,1,0,0,7,1
"R_03d63X3E7NqcX9b","8/16/12 16:55",2,2,2,0,0,1,0,1,0,0,0,4,0
"R_3gj2mtToEAiVU5n","8/17/12 17:54",,,,,,,,,,,,4,0
"R_3Dw5Cj7m7HTN0rP","8/7/12 13:33",3,2,2,1,0,0,0,0,1,,1,4,0
"R_9vLRCCcLyhpR90p","8/6/12 12:20",3,2,1,1,0,0,0,1,0,,0,4,0
"R_8hQE1tEtYKm2fjv","8/6/12 10:24",2,3,2,1,0,1,1,0,1,1,1,4,0
"R_b1kPCGVhxJ8Q6J7","8/14/12 19:37",2,2,2,1,0,1,0,1,0,0,0,,
"R_6DaJYgPdIGcmmdT","8/12/12 15:33",2,2,1,0,0,1,0,1,0,0,1,,
"R_b1U1Z9SkKeQ4wUl","8/25/12 12:41",2,2,2,0,0,1,0,1,0,0,0,,
"R_8p2YKtd6FoWdV2J","8/6/12 11:58",1,3,1,0,1,0,1,,,,,4,0
"R_5hSANbavjeJjwIB","8/6/12 15:08",1,-99,2,0,1,0,,1,0,1,1,4,0
"R_eWZo2UGYBuDtTpj","8/14/12 14:32",1,2,2,1,1,0,0,0,1,0,1,4,0
"R_d5R9mPaWhjWBHsV","8/14/12 11:53",2,2,1,1,0,1,0,1,0,0,1,5,0
"R_cIlrnIAV46ZyH3v","8/24/12 17:21",,-99,-99,,,,,0,1,,,4,0
"R_bpaGH5EnmGTtrhP","8/6/12 19:37",,2,2,1,,,0,1,0,,1,5,0
"R_1WWRCMPooPIftUp","8/7/12 8:55",,-99,-99,,,,,,,,,5,0
"R_bphM6iEJSxOxKuh","8/7/12 9:16",2,3,2,1,0,1,1,1,0,0,0,7,1
"R_e8NpO1dwYDOYS7r","8/24/12 11:09",2,3,2,0,0,1,1,0,1,1,0,7,1
"R_8et8UVzOlG0ZmaF","8/17/12 14:27",2,3,2,0,0,1,1,0,1,1,0,4,0
"R_5nffsk693kIQMi9","8/14/12 11:44",1,3,2,1,1,0,1,1,0,1,0,,
"R_9ztpeAQSQfgW1Ux","8/10/12 17:39",3,2,2,0,0,0,0,1,0,,0,5,0
"R_3xZ6HFxtIKfvXXn","8/6/12 9:17",,,,,,,,,,,,4,0
"R_5cXT66eYOPDBv8N","8/15/12 22:17",5,2,2,0,0,0,0,0,1,,0,4,0
"R_6scl12W5HflAARf","8/7/12 10:17",3,2,2,0,0,0,0,1,0,,1,4,0
"R_cLVV7c6eb8tsSXP","8/14/12 16:32",2,2,2,1,0,1,0,1,0,0,0,5,0
"R_2iqXWd43WspiYU5","8/24/12 13:45",2,3,1,1,0,1,1,0,1,1,1,4,0
"R_ah5gsZEOFrY79D7","8/6/12 13:18",5,2,1,1,0,0,0,0,1,,,5,0
"R_6ybBjnZtmBZsfyZ","8/14/12 11:10",3,2,1,0,0,0,0,0,1,,1,4,0
"R_1QQ7KB4zrzlja9n","8/6/12 10:02",1,2,2,1,1,0,0,0,1,0,1,4,0
"R_2nLAMRjhS5llIhL","8/14/12 10:29",2,2,2,0,0,1,0,1,0,0,0,5,0
"R_4Mh39j7eS5hJuFn","8/7/12 13:55",2,2,2,0,0,1,0,0,1,1,0,5,0
"R_5j8tqIUxAmt1NA1","8/8/12 13:42",2,2,1,1,0,1,0,,,,,5,0
"R_5yVSr53iojlTDdb","8/24/12 18:15",,,,,,,,,,,,4,0
"R_6KUmtQ7CMIqSU2V","8/12/12 22:40",2,3,2,1,0,1,1,0,1,1,1,4,0
"R_6rECvGcX85v9ZY1","8/26/12 6:56",1,2,2,1,1,0,0,0,1,0,0,5,0
"R_cIO6uIJqz4NRqNn","8/20/12 13:35",2,2,2,1,0,1,0,0,1,1,1,4,0
"R_0vqeeIvfVTngGr3","8/6/12 10:11",1,2,2,0,1,0,0,0,1,0,0,5,0
"R_1HQhsjx7Cg53Vc1","8/25/12 22:55",1,2,2,1,1,0,0,0,1,0,1,5,0
"R_6V8oRbIaAvoUub3","8/25/12 4:22",,-99,-99,,,,,0,1,,,7,1
"R_cY11xaEE5MoauFL","8/6/12 9:43",,,,,,,,,,,,4,0
"R_8ram0T9dsnUi2uF","8/18/12 21:25",1,2,2,1,1,0,0,0,1,0,1,4,0
"R_3w4PkuDsHYVgtKt","8/14/12 20:31",3,2,2,,0,0,0,0,1,,0,,
"R_4O9HB4sNi7le9bT","9/5/12 18:22",5,2,2,1,0,0,0,0,1,,1,5,0
"R_6EFeeBiLXSFXN09","8/8/12 20:32",,2,2,0,,,0,1,0,,0,,
"R_3gR65mVLDQue4UR","8/7/12 2:10",3,2,1,0,0,0,0,1,0,,1,4,0
"R_860JEiIQsqnRxB3","8/6/12 11:12",3,2,2,1,0,0,0,0,1,,0,4,0
"R_3OFRbKCvhNS4zeR","8/6/12 11:32",1,2,2,0,1,0,0,0,1,0,0,5,0
"R_3f8a9byfjc1jRFb","8/14/12 16:15",1,2,2,1,1,0,0,1,0,1,0,5,0
"R_26uMZ6csAu5PFyJ","8/26/12 9:32",1,2,2,1,1,0,0,1,0,1,1,5,0
"R_9BjBtKmOh3ZLfPT","8/14/12 10:09",2,2,2,1,0,1,0,0,1,1,1,5,0
"R_1TympU8jFtOrDx3","8/14/12 15:02",1,2,2,0,1,0,0,0,1,0,0,4,0
"R_9AEZ4gLYKLWwbYh","8/6/12 9:34",,-99,-99,,,,,0,1,,,4,0
"R_bCyzQwkcfc34V3n","8/16/12 11:39",,,,,,,,,,,,7,0
"R_8j1YGtRBECQTMRD","8/6/12 21:22",1,3,1,1,1,0,1,0,1,0,1,7,1
"R_55XjWQLv3fBmZ4p","8/24/12 10:43",2,2,2,0,0,1,0,1,0,0,0,5,0
"R_bDf1AyaxNjdhJYx","8/6/12 9:14",1,3,2,0,1,0,1,1,0,1,0,4,0
"R_5nd6mAHfatupotD","8/6/12 9:55",1,-99,2,0,1,0,,0,1,0,0,5,0
"R_0HTz1KsCkgiZ6jr","8/6/12 11:43",2,2,2,0,0,1,0,1,0,0,0,5,0
"R_9KnUnaaW3uCxZ2Z","8/24/12 17:45",,-99,-99,,,,,0,1,,,5,0
"R_86UWAD7Xh4UKASh","8/26/12 21:54",1,3,1,0,1,0,1,1,0,1,0,4,0
"R_43oiTu2YHdOarM9","8/14/12 10:02",1,3,2,0,1,0,1,,,,,,
"R_cYAzB5osgDn3Fc1","9/10/12 21:04",3,2,2,1,0,0,0,0,1,,0,,
"R_5o5KJUyoLulBieN","8/18/12 17:53",1,2,2,0,1,0,0,0,1,0,0,,
"R_0D62KYfMunsHlUp","8/14/12 11:25",2,2,2,1,0,1,0,1,0,0,1,5,0
"R_54GsgSUbjKEVRRz","8/7/12 11:18",,2,2,0,,,0,1,0,,0,5,0
"R_1Xtkh5dsQz7UupL","8/25/12 11:09",,-99,-99,,,,,1,0,,,5,0
"R_cxb1h3Nq3sPBEO1","8/24/12 14:22",,,,,,,,,,,,5,0
"R_czLoOJserp2dWIt","8/6/12 17:37",1,,,,1,0,,,,,,5,0
"R_5urL8eIeCxtdkJ7","8/7/12 13:08",1,2,2,0,1,0,0,1,0,1,1,,
"R_0VVgCmzmws9ZxOZ","8/16/12 14:28",2,2,2,0,0,1,0,0,1,1,0,,
"R_bw17ZBILQXPPpZz","8/6/12 11:46",2,2,2,0,0,1,0,1,0,0,1,5,0
"R_735wAZa0mPXfP3D","8/8/12 14:34",2,2,1,1,0,1,0,0,1,1,1,5,0
"R_0P2M2BYZAkknVeR","8/15/12 9:40",1,2,2,0,1,0,0,1,0,1,1,5,0
"R_bHEYE1AYzJSgUFT","8/6/12 9:18",3,2,2,1,0,0,0,1,0,,1,4,0
"R_d5nFwV5yqyuCpjn","8/24/12 11:06",3,2,1,1,0,0,0,0,1,,0,4,0
"R_5tJyb7HOIevbDLL","8/6/12 12:33",2,3,2,1,0,1,1,0,1,1,1,4,0
"R_0xEumIiuMfnXoAR","8/25/12 20:20",2,3,2,1,0,1,1,0,1,1,1,4,0
"R_7WDEY6OjHSDAvbf","8/16/12 9:39",2,3,2,1,0,1,1,1,0,0,1,8,
"R_ePRRhirRqwHaGB7","8/15/12 18:51",1,2,2,1,1,0,0,1,0,1,0,5,0
"R_dmxtjJn1R2QqOSV","8/11/12 15:01",3,2,2,0,0,0,0,0,1,,0,4,0
"R_6WmZYse4i4JobMF","8/6/12 10:51",,,,,,,,,,,,4,0
"R_di2j7lz400KEKQl","9/4/12 14:40",1,2,2,1,1,0,0,1,0,1,1,4,0
"R_eRvznWd70RjixRH","8/15/12 2:54",2,2,2,1,0,1,0,1,0,0,1,4,0
"R_b7t1D3kqHPCWlfv","8/22/12 21:17",2,2,2,0,0,1,0,0,1,1,1,4,0
"R_8vQ5Tm2AhPURtMV","8/14/12 19:50",2,2,1,0,0,1,0,0,1,1,0,5,0
"R_6WorGNhHu54CB49","8/9/12 17:17",1,2,2,0,1,0,0,0,1,0,0,5,0
"R_e3rbRTlw8GDl8CF","8/12/12 13:35",5,2,2,,0,0,0,1,0,,1,4,0
"R_8pSvsscr97ieXmR","8/6/12 17:03",3,2,1,1,0,0,0,1,0,,1,4,0
"R_eOQPbPl6myceFs9","8/14/12 15:51",3,2,2,0,0,0,0,1,0,,1,4,0
"R_3eJ3YZeLgFDn2Zv","8/16/12 12:44",1,,,,1,0,,,,,,4,0
"R_cI0LzkX3c6zKj9b","8/6/12 22:51",2,3,2,1,0,1,1,1,0,0,1,4,0
"R_73NmackjKAkoa7H","8/14/12 11:31",1,2,2,0,1,0,0,1,0,1,1,,
"R_0MPQCSXJPoz3Y33","8/6/12 13:00",,,,,,,,,,,,4,0
"R_28Zze1ITsHZXFhH","8/25/12 6:59",1,2,2,0,1,0,0,0,1,0,1,4,0
"R_1ZaQCLiMJpxlhGd","8/6/12 18:10",3,2,2,0,0,0,0,1,0,,0,4,0
"R_dpeEJukyurp8LfT","8/14/12 23:59",2,2,2,1,0,1,0,0,1,1,1,4,0
"R_abBIhOgbSRAd1jL","8/6/12 11:27",3,2,1,0,0,0,0,0,1,,0,4,0
"R_3wmKXxs2dPHNPSt","8/26/12 10:54",,,,,,,,,,,,7,0
"R_5bZNdfdU1CFKUex","8/6/12 23:17",3,2,2,0,0,0,0,0,1,,0,4,0
"R_7OR9PVwuowwS3Qh","8/6/12 10:20",3,2,2,0,0,0,0,1,0,,1,5,0
"R_8crlm00GROQjZCR","8/6/12 18:41",,,,,,,,,,,,4,0
"R_7a1SfCJYZ60zJ3L","8/14/12 18:15",1,2,1,0,1,0,0,0,1,0,0,4,0
"R_6XtxPyT7plb2bgV","8/14/12 11:06",1,2,2,0,1,0,0,0,1,0,0,4,0
"R_5BzaKPYlX2Bj6G9","8/6/12 9:07",2,2,2,0,0,1,0,0,1,1,0,5,0
"R_4HCMIciDeNmoGMZ","8/24/12 11:33",1,2,2,0,1,0,0,1,0,1,1,4,0
"R_e546KiGHLhrgrOJ","8/6/12 12:17",2,2,2,1,0,1,0,1,0,0,0,4,0
"R_1ERzJKkrrMCSIe1","8/14/12 14:14",2,2,2,0,0,1,0,0,1,1,1,4,0
"R_3sVMlctd2l7uUhD","8/16/12 12:01",2,3,1,0,0,1,1,1,0,0,0,5,0
"R_bJBil0nLtJ28nzL","8/6/12 16:02",2,,,,0,1,,,,,,4,0
"R_9TWZZZblKZpgP3f","8/7/12 21:45",1,3,2,0,1,0,1,1,0,1,1,7,1
"R_dhbKtMUDSVVAOEZ","8/14/12 10:22",1,2,2,0,1,0,0,1,0,1,1,5,0
"R_1Oc7JlR5hcUXC29","8/26/12 21:10",1,2,2,0,1,0,0,0,1,0,,4,0
"R_54qwLppYVQLzzoh","8/21/12 12:13",1,2,1,1,1,0,0,0,1,0,1,4,0
"R_5h8SiqYlzK14sBL","8/14/12 9:55",3,2,2,0,0,0,0,0,1,,0,4,0
"R_bHhnF4BvSC27u1D","8/6/12 14:45",2,3,2,1,0,1,1,1,0,0,1,4,0
"R_ePwKQs2CSMjhhzv","8/9/12 14:46",1,3,1,1,1,0,1,1,0,1,0,7,1
"R_elXa91ByjKUPacd","8/6/12 9:25",1,3,1,1,1,0,1,1,0,1,0,7,1
"R_cumVw2mOMwPP1uB","8/15/12 7:08",2,3,1,1,0,1,1,1,0,0,1,7,0
"R_3UHjgS9JqLcIt0h","8/18/12 2:46",1,2,2,0,1,0,0,1,0,1,0,,
"R_2icLRPXWkSN2hqR","8/6/12 10:32",3,2,2,0,0,0,0,0,1,,1,7,1
"R_9nxfzPcd8FxVZqt","8/14/12 9:52",3,2,2,1,0,0,0,0,1,,1,4,0
"R_8AZCD6KV5yYxH0x","8/6/12 9:09",2,3,2,0,0,1,1,1,0,0,0,4,0
"R_4SBegCFMof5iuMd","8/6/12 8:59",5,2,2,0,0,0,0,1,0,,1,5,0
"R_e4pwTfvU1SAEJfL","8/25/12 14:58",3,2,2,1,0,0,0,0,1,,1,5,0
"R_0NyAoPvJe4g0wJv","8/12/12 11:52",2,2,2,1,0,1,0,0,1,1,1,5,0
"R_dbt34FzZ3PZqo3b","8/6/12 11:21",1,,,,1,0,,,,,,7,1
"R_86Sdjk4y9Gd0Qux","8/6/12 9:15",3,2,2,1,0,0,0,1,0,,0,7,1
"R_8BcHE0u6jLseab3","8/17/12 14:57",3,2,2,1,0,0,0,0,1,,0,7,1
"R_8nQkjrcGtzaXpZP","8/6/12 16:27",3,2,2,0,0,0,0,0,1,,0,,
"R_eKbPfqv7HCBgTo9","8/14/12 11:10",,-99,-99,,,,,0,1,,,,
"R_0NEf2ove7rCAzk1","8/6/12 9:08",1,2,1,1,1,0,0,0,1,0,0,,
"R_0B1zXDuELHp1L1z","8/6/12 8:49",1,2,2,1,1,0,0,0,1,0,0,,
"R_5gLJlPO35I0v7HT","8/14/12 10:12",2,2,2,0,0,1,0,0,1,1,1,,
"R_1Tv6kvCyX8LkTS5","8/6/12 15:58",3,2,2,0,0,0,0,0,1,,1,,
"R_7WHk7ZxzsutaJFz","8/6/12 10:08",,-99,-99,,,,,0,1,,,,
"R_cvIc9q215vpuOnH","8/14/12 14:28",3,2,2,1,0,0,0,0,1,,1,,
"R_cOp5ltXpwnUiiG1","8/6/12 12:45",,,,,,,,,,,,5,0
"R_0Uj520dIWTNgLNX","8/27/12 17:02",3,2,2,0,0,0,0,1,0,,0,4,0
"R_ba5EJjgwL8m5W8R","8/14/12 12:23",3,2,2,1,0,0,0,0,1,,0,5,0
"R_3UDt386S2HVil2l","8/21/12 12:09",1,2,2,0,1,0,0,0,1,0,0,4,0
"R_a4rUtoUYwLSgyix","8/16/12 9:48",1,2,2,1,1,0,0,1,0,1,0,4,0
"R_3dQyUd3M7uY8Wvr","8/6/12 13:05",2,2,2,1,0,1,0,0,1,1,1,,
"R_b4ukyc58qVBSVO5","8/20/12 12:32",1,2,2,0,1,0,0,1,0,1,0,4,0
"R_cSVdyd4oPLsFMkl","8/15/12 22:20",1,2,2,1,1,0,0,0,1,0,1,4,0
"R_3efvcbuWO0ilVK5","8/7/12 14:20",1,2,2,0,1,0,0,0,1,0,0,5,0
"R_6EuLya42zuMDEvr","8/15/12 10:35",1,2,2,1,1,0,0,1,0,1,1,4,0
"R_07ABz3UAIJOKSWh","8/14/12 19:04",1,2,1,1,1,0,0,1,0,1,1,5,0
"R_4Jh8X2WpXSzekTz","8/24/12 15:48",3,2,2,1,0,0,0,1,0,,0,4,0
"R_0HTWecuKcgoQbJj","9/6/12 18:03",1,2,2,0,1,0,0,0,1,0,0,4,0
"R_55aLU0COjAe1T0h","8/14/12 19:28",,,,,,,,,,,,4,0
"R_b71G4gPIWbLIi0d","8/7/12 15:01",2,2,2,,0,1,0,1,0,0,0,4,0
"R_3atzG2cd8RwTdM9","9/12/12 15:17",2,2,2,1,0,1,0,1,0,0,0,4,0
"R_2nsEjzrri0RTdC5","8/19/12 19:00",1,2,2,1,1,0,0,0,1,0,1,4,0
"R_danMGWZbw72mWNL","8/26/12 18:43",2,3,2,0,0,1,1,1,0,0,0,4,0
"R_5hzmyzXGz7LFKYZ","8/7/12 16:59",2,3,2,1,0,1,1,0,1,1,1,4,0
"R_8ijJg6AANBBZsiN","8/14/12 9:47",1,2,2,1,1,0,0,0,1,0,,4,0
"R_71eDU9Eaj3reqZT","8/15/12 14:08",3,2,2,0,0,0,0,0,1,,1,5,0
"R_2lyC83onDrKktuJ","8/14/12 15:28",3,2,1,1,0,0,0,1,0,,1,4,0
"R_aWZdnKBqlkddUoJ","8/6/12 11:18",3,3,2,1,0,0,1,0,1,,0,7,1
"R_bISFPTnqbhCoPsN","8/6/12 13:01",3,2,2,1,0,0,0,,,,,7,1
"R_bsimRWBY528FYfX","8/24/12 15:09",2,3,2,0,0,1,1,0,1,1,0,4,0
"R_a5IGB21zclxhZQh","8/6/12 10:35",3,2,2,1,0,0,0,1,0,,1,4,0
"R_escz8MiyXCeBQPz","8/24/12 12:23",1,3,2,0,1,0,1,1,0,1,0,5,1
"R_bOWbZkqkmIioFVP","8/17/12 11:10",1,3,2,0,1,0,1,0,1,0,0,5,1
"R_bPWMkq4KEmy3nmd","8/14/12 12:01",1,3,1,0,1,0,1,1,0,1,1,7,1
"R_6stPoVWpTYlOPQx","8/14/12 10:17",1,2,2,0,1,0,0,1,0,1,1,4,0
"R_3ReGLsQxRETqQV7","8/24/12 18:08",1,2,2,1,1,0,0,1,0,1,0,5,0
"R_8wdY4jdftN7ivVX","8/9/12 11:00",1,2,2,1,1,0,0,0,1,0,0,4,0
"R_3TKEIXV02BuIvBP","8/8/12 8:22",1,2,2,0,1,0,0,0,1,0,1,,
"R_bHHPqdJMNi1AyiN","8/28/12 7:09",3,2,2,0,0,0,0,1,0,,1,,
"R_dgmtQQMz8wx11D7","8/15/12 17:01",3,2,2,0,0,0,0,1,0,,1,5,0
"R_87mcX3dxa80tZgp","8/6/12 18:22",2,2,2,0,0,1,0,0,1,1,1,,
"R_0B2LEwQZzl6mbiJ","8/27/12 19:48",1,2,2,0,1,0,0,0,1,0,0,5,0
"R_4GWg5Bnsa56aiQR","8/6/12 22:51",2,2,2,1,0,1,0,0,1,1,1,,
"R_5hGDQT8kOBPKEjH","8/24/12 10:41",,,,,,,,,,,,5,0
"R_5juiT6Wt6o61eeh","8/23/12 22:10",1,3,2,1,1,0,1,1,0,1,1,4,0
"R_d6JzLJpT0r5jdZP","8/14/12 11:07",1,2,2,1,1,0,0,0,1,0,0,5,0
"R_8J4hMVfCUwkdUq1","8/16/12 10:13",1,3,2,0,1,0,1,0,1,0,0,4,0
"R_9QV2Dr2k5AgQyTb","8/14/12 10:24",1,3,2,0,1,0,1,1,0,1,0,4,0
"R_d0hfLpes40z6CyN","8/14/12 16:59",1,3,1,0,1,0,1,1,0,1,1,4,0
"R_cYem8cHZ3EpaAZL","8/14/12 10:32",1,2,2,0,1,0,0,,,,,4,0
"R_0lk7RRzanmmAFcV","8/14/12 12:39",1,2,2,0,1,0,0,1,0,1,1,4,0
"R_b2aSFeJudjh6pRb","8/7/12 15:17",3,1,1,0,0,0,,1,0,,0,5,0
"R_0jIuWpZ1HO1pCpn","8/6/12 10:30",,-99,-99,,,,,0,1,,,4,0
"R_0JymnEcupfhm9tr","8/6/12 14:02",2,3,2,0,0,1,1,0,1,1,1,5,0
"R_9H4rBdSIZQQ3kZ7","8/6/12 10:08",2,3,2,1,0,1,1,0,1,1,1,5,0
"R_79QHf9Kffo4PHLf","8/14/12 10:18",1,3,2,0,1,0,1,0,1,0,1,5,0
"R_eOQVazf6LCIWCep","8/6/12 15:15",2,3,2,1,0,1,1,1,0,0,1,4,0
"R_25WPNhwmbvYT4oZ","8/14/12 13:06",1,3,2,1,1,0,1,0,1,0,1,4,0
"R_3q6QhKTDwuY2mlD","8/6/12 11:11",1,2,2,1,1,0,0,1,0,1,1,5,0
"R_3gtnRyQfiejmeoZ","8/8/12 11:46",2,2,2,1,0,1,0,0,1,1,1,5,0
"R_784yvjpgqLqOqc5","8/24/12 12:51",2,2,2,1,0,1,0,0,1,1,1,5,0
"R_cvgc6lXs23WDsW1","8/6/12 10:42",1,2,2,0,1,0,0,1,0,1,0,4,0
"R_1ZClYiSniwoT393","8/24/12 11:16",1,2,1,0,1,0,0,0,1,0,0,4,0
"R_1Bu9xPGKBjFiiwt","8/14/12 10:11",1,2,2,0,1,0,0,0,1,0,0,,
"R_6VzZc6cuVPtib77","8/24/12 12:13",1,2,2,1,1,0,0,1,0,1,0,5,0
"R_0UK0NmE1LBSb0dT","8/6/12 15:26",2,2,2,0,0,1,0,1,0,0,1,5,0
"R_6nbYMETowqzDFnn","8/15/12 21:28",3,,,,0,0,,,,,,4,0
"R_9X0KD8wfRYcI1md","8/8/12 15:05",1,2,2,0,1,0,0,1,0,1,0,4,0
"R_bavVZPGrz5xiTBj","8/6/12 11:04",3,2,2,1,0,0,0,0,1,,1,5,0
"R_3OA5QnwrnDzQNhP","8/6/12 16:35",1,2,2,0,1,0,0,0,1,0,1,5,0
"R_7VE4mjx4pE6Kvm5","8/8/12 22:57",3,2,2,1,0,0,0,0,1,,0,5,0
"R_2rFgDZfUoCrNdml","8/8/12 8:55",2,2,2,0,0,1,0,1,0,0,1,4,0
"R_3adzqTgC641uUx7","8/14/12 9:49",1,3,2,0,1,0,1,0,1,0,0,5,0
"R_6JMEKRZvhEC3szj","8/14/12 12:18",,-99,-99,,,,,,,,,4,0
"R_0NG2Fdjji3zrkA5","8/14/12 9:46",2,2,2,1,0,1,0,,,,,4,2
"R_eP9KTKPrqf4WZHn","8/6/12 11:03",1,2,2,1,1,0,0,1,0,1,0,4,0
"R_0Na3D3kjwZGO34h","8/6/12 14:28",3,2,1,0,0,0,0,1,0,,1,4,0
"R_cOL7deJ7vvIouOh","8/14/12 12:21",1,3,2,0,1,0,1,1,0,1,0,4,0
"R_1C9OuP54nU6Hmg5","8/14/12 14:12",1,3,1,1,1,0,1,0,1,0,1,7,1
"R_5vFBkFooGr98Wnr","8/8/12 15:49",1,2,1,0,1,0,0,0,1,0,0,5,0
"R_0PrsGXFboPRc3wF","8/24/12 12:23",,,,,,,,,,,,4,0
"R_8HbdI35ipgFMfqJ","8/24/12 11:09",2,2,1,1,0,1,0,0,1,1,0,7,1
"R_7VyLFS2SReEbzs9","8/6/12 11:21",2,2,2,0,0,1,0,0,1,1,,4,0
"R_6EG8S8W5j2c1xbv","8/17/12 13:51",2,2,2,1,0,1,0,0,1,1,1,4,0
"R_5clOLIqSP5TPEe9","8/7/12 7:45",2,2,2,0,0,1,0,1,0,0,0,4,0
"R_6FsAcBVZbcRvjM1","8/13/12 20:52",3,2,2,1,0,0,0,,,,,,
"R_3C23tT30rGGDjjT","8/27/12 13:14",1,2,1,1,1,0,0,0,1,0,0,4,0
"R_8hIKJ2vaJxgqVEx","9/17/12 14:40",1,2,2,0,1,0,0,0,1,0,1,4,0
"R_0ddMnngdlTvt04B","8/27/12 16:49",3,2,2,0,0,0,0,0,1,,1,4,0
"R_aWQIDPU71OnW5jT","8/7/12 21:41",3,2,2,0,0,0,0,1,0,,1,5,1
"R_ahCE09HJl99tq9D","8/12/12 10:22",3,2,2,1,0,0,0,0,1,,1,7,0
"R_dbzxGvuVK3ZeOhv","8/15/12 18:08",2,2,2,0,0,1,0,1,0,0,1,,
"R_25gmYnrMrG8EXqd","8/14/12 15:18",2,2,2,0,0,1,0,0,1,1,1,5,0
"R_ddtsstXdN20Vcl7","8/6/12 10:00",3,2,2,0,0,0,0,0,1,,1,4,0
"R_8GFWzMSgCFEuAqV","8/6/12 9:06",3,2,2,0,0,0,0,1,0,,0,4,0
"R_b2XOb8BQ1WWBmSx","8/6/12 10:53",3,2,2,0,0,0,0,0,1,,1,4,0
"R_8jMzVPSFVz2oVql","8/24/12 23:45",1,2,2,0,1,0,0,1,0,1,0,4,0
"R_79w6y9CExd9PbCd","8/6/12 11:58",1,2,2,0,1,0,0,0,1,0,1,4,0
"R_eyxnlkIPeQP8429","8/28/12 20:04",3,2,2,0,0,0,0,1,0,,0,4,0
"R_9NdQuKJDI7HENhj","8/6/12 12:30",3,2,2,0,0,0,0,1,0,,1,4,0
"R_9L8RNAMSNEIA8RL","8/24/12 13:39",1,2,2,,1,0,0,1,0,1,1,4,0
"R_7WMyC8kKgrN6HVb","8/6/12 20:16",,-99,-99,,,,,1,0,,,5,0
"R_6hYp9nJj3rZclP7","8/6/12 21:29",1,2,2,0,1,0,0,0,1,0,1,5,0
"R_8cCG0tm0LrN0JbT","8/14/12 13:08",3,2,1,0,0,0,0,1,0,,0,4,0
"R_3kIp3TtXNDXrLHD","8/6/12 12:48",1,2,2,0,1,0,0,0,1,0,0,4,0
"R_b9pneQ6GrgsJ43z","8/16/12 10:44",1,2,2,0,1,0,0,0,1,0,0,5,0
"R_6JfggoDEUx3pAln","8/24/12 11:18",1,2,2,1,1,0,0,,,,,5,0
"R_bkFqDi6CwNv3WyF","8/15/12 17:14",1,2,2,0,1,0,0,1,0,1,0,4,0
"R_bdfnaPjBhFRh5LD","8/7/12 12:22",3,2,2,0,0,0,0,1,0,,1,4,0
"R_6LvBIvR9RlFQu69","8/6/12 8:53",,-99,-99,,,,,1,0,,,,
"R_8ewaME9dGJaRYfr","8/14/12 22:06",1,2,2,0,1,0,0,0,1,0,0,5,0
"R_6niSF84XkhnNZjL","8/24/12 11:48",2,3,1,1,0,1,1,0,1,1,1,7,1
"R_3qovHr68pgrpzOR","8/6/12 22:37",2,3,2,,0,1,1,0,1,1,0,7,1
"R_eWqoD7ISpxhcVyl","8/6/12 16:10",1,3,2,1,1,0,1,0,1,0,1,,
"R_eRiXzi0VjRK0NA9","8/6/12 9:17",1,2,2,1,1,0,0,0,1,0,0,,
"R_7R3nQR053z0m0QZ","8/14/12 12:39",2,3,2,0,0,1,1,0,1,1,0,5,0
"R_8dnkX3dJMYuytrT","8/14/12 12:00",1,2,2,1,1,0,0,1,0,1,1,4,0
"R_cGTRQ4Si8hGAe5T","8/14/12 20:09",1,2,2,1,1,0,0,1,0,1,0,5,0
"R_3P0ZOAdpMz6GG8Z","8/15/12 13:39",2,2,2,1,0,1,0,0,1,1,1,,
"R_bHM2NBYS1UvYx93","8/14/12 10:05",1,3,2,1,1,0,1,0,1,0,0,7,0
"R_9RISDYZvgwnfhOJ","8/24/12 11:50",2,2,2,0,0,1,0,0,1,1,0,7,0
"R_3DBtNmqYdOn6mLb","8/7/12 0:04",2,3,2,1,0,1,1,1,0,0,0,4,0
"R_8zR4xTgEZsXux01","8/14/12 17:45",5,2,2,0,0,0,0,1,0,,0,5,0
"R_00rWTkKKbMOGvNr","8/24/12 11:28",2,2,2,,0,1,0,0,1,1,1,4,0
"R_3dz0AoAvCHy9ntH","8/14/12 10:57",1,3,2,1,1,0,1,0,1,0,1,4,0
"R_bvVaB05Z9JI8bGd","8/25/12 17:56",,,,,,,,,,,,4,0
"R_afay53QfIcme9Rr","8/6/12 10:13",,,,,,,,,,,,4,0
"R_4MwuTn03wT31fNz","8/8/12 1:26",2,2,2,1,0,1,0,1,0,0,1,5,0
"R_81yiKqNdgHAH0oJ","8/6/12 12:36",3,2,1,1,0,0,0,0,1,,0,4,0
"R_cUCkwqblrjptDN3","8/15/12 1:39",2,2,1,0,0,1,0,0,1,1,0,5,0
"R_82GV8aywTAtaog5","8/20/12 12:36",3,2,1,1,0,0,0,1,0,,0,4,0
"R_6R2gwsPOMEEwSUt","8/15/12 12:58",3,2,2,1,0,0,0,1,0,,0,,
"R_cuzxCCZWPVsBnPn","8/27/12 9:04",3,2,2,0,0,0,0,1,0,,0,,
"R_55QuL8wNpK1Zdnn","8/7/12 12:59",3,2,2,1,0,0,0,0,1,,1,,
"R_dmWHHUqpqM1gOQl","8/20/12 15:35",,-99,-99,,,,,0,1,,,4,0
"R_51shNoXrHQbbMBT","8/6/12 10:15",3,2,2,0,0,0,0,0,1,,0,,
"R_39mIQdAzwZ8UosZ","8/25/12 18:49",2,3,2,1,0,1,1,0,1,1,0,4,0
"R_08nWZVZbPlXSmgJ","8/17/12 11:34",1,3,2,0,1,0,1,1,0,1,0,,
"R_3Jb6FBXiJZnpcr3","8/7/12 13:49",3,3,2,1,0,0,1,0,1,,1,,
"R_ewyt4XpE6cK89Cd","8/14/12 12:38",3,2,2,0,0,0,0,1,0,,0,5,1
"R_9SvloctdyAOUKLb","8/8/12 16:19",2,2,2,0,0,1,0,0,1,1,0,5,0
"R_8hKXyR6ve7YkF0x","8/7/12 4:45",2,3,2,1,0,1,1,1,0,0,1,4,0
"R_5BaQ6J8Z10cVzbn","8/6/12 20:17",2,2,2,1,0,1,0,1,0,0,0,5,0
"R_6EalRZoA4S2u5et","8/14/12 10:07",2,3,2,1,0,1,1,0,1,1,1,7,1
"R_bpvtEjgfW1Myqwd","8/24/12 11:19",1,2,2,0,1,0,0,1,0,1,0,5,1
"R_0wxCc1chSiSZURn","8/25/12 19:53",3,2,2,0,0,0,0,1,0,,0,,
"R_1FvHQKZoIbpQQUl","8/6/12 9:08",1,2,2,0,1,0,0,0,1,0,1,4,0
"R_4P0E5ZDMcJTgB8N","8/27/12 15:44",5,2,2,0,0,0,0,0,1,,0,4,0
"R_07HzJnYo7NpYMsJ","8/6/12 12:48",1,3,2,0,1,0,1,0,1,0,1,,
"R_1zUQppJEvH8J3mJ","8/18/12 12:23",3,2,2,1,0,0,0,0,1,,0,5,0
"R_e8wdgdk1qEeaVzn","8/7/12 2:06",3,2,2,1,0,0,0,1,0,,0,5,0
"R_6scgESsXDmC5zbn","8/14/12 12:14",3,2,2,0,0,0,0,,,,,7,2
"R_0JKPjpdfYrNWhTf","8/24/12 15:57",1,2,2,1,1,0,0,1,0,1,0,5,0
"R_8Hy9gD6Dw6KG0rH","8/6/12 17:55",2,2,2,1,0,1,0,0,1,1,1,5,0
"R_1H5LXZvLmw0fr0h","8/25/12 22:10",,,,,,,,,,,,4,0
"R_0UtgR51Zu2sFORL","8/27/12 1:56",2,2,1,0,0,1,0,1,0,0,0,4,0
"R_1FgSGOIxULrB4MJ","8/24/12 14:21",2,2,2,1,0,1,0,0,1,1,1,5,0
"R_8k9s9SgQzFn9mVn","8/14/12 10:29",1,3,2,0,1,0,1,0,1,0,1,7,0
"R_9FFqT6I2qPdslrn","8/24/12 12:15",3,2,2,1,0,0,0,0,1,,1,4,0
"R_bPkwMTRMVzPI21f","8/6/12 12:53",3,2,2,0,0,0,0,0,1,,0,5,0
"R_09hz8oGaSGGkiz3","8/6/12 23:52",1,2,2,1,1,0,0,1,0,1,1,5,0
"R_9QObcxGKjIiSYe1","8/8/12 10:35",2,2,2,0,0,1,0,0,1,1,0,4,0
"R_03c1r3Ozk7Bx7VP","8/6/12 10:17",2,3,-99,1,0,1,1,0,1,1,,4,0
"R_ekvFcvUUEhwyLyZ","8/14/12 13:07",2,3,2,1,0,1,1,0,1,1,1,5,1
"R_5hCQfAxtPn075nT","8/14/12 17:11",1,2,2,1,1,0,0,0,1,0,1,4,0
"R_8dGn2XrZ6rJhzvf","8/14/12 10:02",3,2,2,1,0,0,0,,,,,4,0
"R_6SGaQUrc3CEoDzL","8/24/12 10:40",1,2,2,1,1,0,0,1,0,1,0,5,0
"R_bJAzboYBcnm7jkp","8/7/12 8:32",1,2,2,0,1,0,0,0,1,0,0,4,0
"R_b8aKqOK1GIlxosl","8/6/12 13:32",1,2,2,0,1,0,0,0,1,0,0,4,0
