"name","removed","time","time_edit","time_removed","time_alive","round","state","class","party","lengthofincumbency","leadership","committeechair","pagechar","population","region","locked","block","treatment_pre_order","influence","republican","term","living","treat_final","treatment_post_order"
"Al Franken","17:38, 7 November 2014","17:18, 7 November 2014",11/7/2014 17:17:57,11/7/2014 17:37:37,1179648,5,"Minnesota",2,"Democratic-Farmer-Labor",2009,,,337187,5303925,"MW",0,17,64,0,0,,,3,87
"Amy Klobuchar","23:30, 6 November 2014","18:34, 6 November 2014",11/6/2014 18:34:48,11/6/2014 23:29:43,17694720,5,"Minnesota",1,"Democratic-Farmer-Labor",2007,,,200691,5303925,"MW",0,19,42,0,0,,,2,42
"Angus King","NO","16:31, 6 November 2014",11/6/2014 16:30:17,,,5,"Maine",1,"Independent",2013,,,192119,1328361,"NE",0,8,84,0,0,,,1,10
"Barbara Boxer","16:50, 6 November 2014","16:33, 6 November 2014",11/6/2014 16:32:28,11/6/2014 16:49:57,1048576,5,"California",3,"Democratic",1993,,"Chair - Environment & Public Works; Ethics",313244,37253956,"W",0,17,80,1,0,,,2,11
"Barbara Mikulski","13:17, 7 November 2014","06:06, 7 November 2014",11/7/2014 06:05:07,11/7/2014 13:17:39,25952256,5,"Maryland",3,"Democratic",1987,,"Chair - Appropriations",300308,5773552,"S",0,19,25,1,0,,,1,74
"Ben Cardin","NO","16:59, 6 November 2014",11/6/2014 16:58:41,,,5,"Maryland",1,"Democratic",2007,,,199700,5773552,"S",0,7,55,0,0,,,1,23
"Bernie Sanders","NO","16:54, 7 November 2014",11/7/2014 16:53:55,,,5,"Vermont",1,"Independent (Democratic Socialist)",2007,,"Chair - Veterans' Affairs",250858,625741,"NE",0,2,52,1,0,,,1,80
"Bill Nelson","NO","05:48, 7 November 2014",11/7/2014 05:47:38,,,5,"Florida",1,"Democratic",2001,,,264321,18801310,"S",0,22,53,0,0,,,1,67
"Bob Casey, Jr.","20:33, 6 November 2014","18:47, 6 November 2014",11/6/2014 18:47:55,11/6/2014 20:32:46,6291456,5,"Pennsylvania",1,"Democratic",2007,,,249752,12702379,"NE",0,21,78,0,0,,,2,48
"Bob Corker","13:16, 7 November 2014","05:42, 7 November 2014",11/7/2014 05:41:05,11/7/2014 13:15:28,27262976,5,"Tennessee",1,"Republican",2007,,"Ranking - Foreign Relations",266068,6346105,"S",0,9,40,1,1,,,1,64
"Bob Menendez","NO","09:10, 7 November 2014",11/7/2014 09:10:48,,,5,"New Jersey",1,"Democratic",2006,,"Chair - Foreign Relations",367853,8791894,"NE",1,24,14,1,0,,,3,83
"Brian Schatz","NO","05:52, 7 November 2014",11/7/2014 05:52:01,,,5,"Hawaii",3,"Democratic",2012,,,147020,1360301,"W",0,15,27,0,0,,,1,68
"Carl Levin","20:18, 10 November 2014","17:12, 7 November 2014",11/7/2014 17:11:24,11/10/2014 20:18:05,270401536,5,"Michigan",2,"Democratic",1979,,"Chair - Armed Forces",281477,9883640,"MW",0,4,26,1,0,,,1,84
"Chris Coons","13:39, 7 November 2014","16:29, 6 November 2014",11/6/2014 16:28:06,11/7/2014 13:39:30,76283904,5,"Delaware",2,"Democratic",2010,,,168931,897934,"S",0,4,74,0,0,,,1,9
"Chris Murphy","20:30, 6 November 2014","16:23, 6 November 2014",11/6/2014 16:23:44,11/6/2014 20:30:35,14811136,5,"Connecticut",1,"Democratic",2013,,,26969,3574097,"NE",0,1,34,0,0,,,1,8
"Chuck Grassley","13:36, 7 November 2014","18:10, 6 November 2014",11/6/2014 18:10:46,11/7/2014 13:35:08,69861376,5,"Iowa",3,"Republican",1981,,"Ranking - Judciairy",277833,3046355,"MW",0,11,36,1,1,,,1,28
"Chuck Schumer","20:27, 6 November 2014","16:12, 6 November 2014",11/6/2014 16:12:49,11/6/2014 20:26:13,15204352,5,"New York",3,"Democratic",1999,"DCC Vice Chair & Policy Committee Chair",,368300,19378102,"NE",0,10,6,1,0,,,3,3
"Claire McCaskill","20:32, 6 November 2014","18:08, 6 November 2014",11/6/2014 18:08:35,11/6/2014 20:32:46,8650752,5,"Missouri",1,"Democratic",2007,,,185508,5988927,"MW",0,12,71,0,0,,,3,27
"Cory Booker","NO","23:09, 6 November 2014",11/6/2014 23:10:03,,,5,"New Jersey",2,"Democratic",2013,,,352603,8791894,"NE",0,11,94,0,0,,,3,75
"Dan Coats","13:48, 7 November 2014","05:47, 7 November 2014",11/7/2014 05:47:38,11/7/2014 13:48:14,28835840,5,"Indiana",3,"Republican",2011,,,157820,6483802,"MW",0,8,46,0,1,,,3,66
"David Vitter","13:40, 7 November 2014","05:25, 7 November 2014",11/7/2014 05:25:48,11/7/2014 13:39:30,29622272,5,"Louisiana",3,"Republican",2005,,"Ranking - Environment and Publics Works",422715,4533372,"S",0,4,92,1,1,,,3,60
"Dean Heller","13:29, 7 November 2014","05:21, 7 November 2014",11/7/2014 05:21:26,11/7/2014 13:28:35,29229056,5,"Nevada",1,"Republican",2011,,,177221,2700551,"W",0,10,41,0,1,,,1,58
"Deb Fischer","13:19, 7 November 2014","05:00, 7 November 2014",11/7/2014 04:59:35,11/7/2014 13:19:50,30015488,5,"Nebraska",1,"Republican",2013,,,139467,1826341,"MW",0,1,59,0,1,,,3,52
"Debbie Stabenow","21:27, 7 November 2014","16:16, 7 November 2014",11/7/2014 16:16:47,11/7/2014 21:26:59,18612224,5,"Michigan",1,"Democratic",2001,,"Chair - Agriculture, Nutrition, & Forestry",290847,9883640,"MW",0,8,66,1,0,,,3,76
"Dianne Feinstein","17:43, 7 November 2014","22:03, 6 November 2014",11/6/2014 22:02:20,11/7/2014 17:41:59,70778880,5,"California",1,"Democratic",1992,,"Chair - Intelligence",298727,37253956,"W",1,24,29,1,0,,,3,73
"Dick Durbin","13:15, 7 November 2014","05:06, 7 November 2014",11/7/2014 05:06:08,11/7/2014 13:15:28,29360128,5,"Illinois",2,"Democratic",1997,"Majority Whip",,277111,12830632,"MW",0,13,10,1,0,,,3,54
"Ed Markey","20:35, 6 November 2014","18:43, 6 November 2014",11/6/2014 18:43:32,11/6/2014 20:34:57,6684672,5,"Massachusetts",2,"Democratic",2013,,,258905,6547629,"NE",0,9,15,0,0,,,3,46
"Elizabeth Warren","NO","08:57, 6 November 2014",11/6/2014 08:55:54,,,5,"Massachusetts",1,"Democratic",2013,,,271980,6547629,"NE",1,24,58,0,0,,,2,22
"Harry Reid","20:07, 6 November 2014","11:23, 6 November 2014",11/6/2014 11:22:16,11/6/2014 20:06:33,31457280,5,"Nevada",3,"Democratic",1987,"Majority Leader",,279208,2700551,"W",0,5,50,1,0,,,4,37
"Heidi Heitkamp","20:26, 6 November 2014","18:16, 6 November 2014",11/6/2014 18:15:09,11/6/2014 20:26:13,7864320,5,"North Dakota",1,"Democratic",2013,,,160521,672591,"MW",0,14,47,0,0,,,2,32
"Jack Reed","20:05, 6 November 2014","18:25, 6 November 2014",11/6/2014 18:26:04,11/6/2014 20:04:22,5898240,5,"Rhode Island",2,"Democratic",1997,,,26686,1052567,"NE",0,4,17,0,0,,,4,38
"Jay Rockefeller","23:29, 6 November 2014","18:39, 6 November 2014",11/6/2014 18:39:10,11/6/2014 23:29:43,17432576,5,"West Virginia",2,"Democratic",1985,,"Chair - Commerce, Science & Transporation",246790,1852994,"S",0,18,88,1,0,,,3,44
"Jeanne Shaheen","13:35, 7 November 2014","16:15, 6 November 2014",11/6/2014 16:15:00,11/7/2014 13:35:08,76808192,5,"New Hampshire",2,"Democratic",2009,,,189844,1316470,"NE",0,11,9,0,0,,,1,4
"Jeff Flake","13:42, 7 November 2014","05:36, 7 November 2014",11/7/2014 05:36:43,11/7/2014 13:41:41,29097984,5,"Arizona",1,"Republican",2013,,,191709,6392017,"W",0,12,19,0,1,,,3,63
"Jeff Merkley","13:49, 7 November 2014","18:11, 6 November 2014",11/6/2014 18:10:46,11/7/2014 13:48:14,70647808,5,"Oregon",2,"Democratic",2009,,,232469,3831074,"W",0,3,60,0,0,,,1,29
"Jeff Sessions","20:49, 6 November 2014","16:35, 6 November 2014",11/6/2014 16:34:39,11/6/2014 20:48:04,15204352,5,"Alabama",2,"Republican",1997,,"Ranking - Budget",212158,4779736,"S",0,20,75,1,1,,,1,12
"Jerry Moran","17:51, 10 November 2014","17:39, 7 November 2014",11/7/2014 17:39:48,11/10/2014 17:51:44,259915776,5,"Kansas",3,"Republican",2011,"NRSC Chair",,156071,2853118,"MW",0,9,91,1,1,,,3,96
"Jim Inhofe","NO","08:51, 6 November 2014",11/6/2014 08:51:32,,,5,"Oklahoma",2,"Republican",1994,,"Ranking - Armed Services",279401,3751351,"S",1,25,43,1,1,,,2,19
"Jim Risch","NO","17:16, 7 November 2014",11/7/2014 17:15:46,,,5,"Idaho",2,"Republican",2009,,,138548,1567582,"W",0,18,31,0,1,,,1,86
"Joe Donnelly","NO","17:25, 7 November 2014",11/7/2014 17:24:30,,,5,"Indiana",1,"Democratic",2013,,,323183,6483802,"MW",0,16,1,0,0,,,1,91
"Joe Manchin","NO","17:14, 7 November 2014",11/7/2014 17:13:35,,,5,"West Virginia",1,"Democratic",2010,,,240087,1852994,"S",0,15,96,0,0,,,1,85
"John Barrasso","21:31, 7 November 2014","17:35, 7 November 2014",11/7/2014 17:35:26,11/7/2014 21:31:21,14155776,5,"Wyoming",1,"Republican",2007,"Republican Policy Committee Chair",,157457,563626,"W",0,19,57,1,1,,,3,94
"John Boozman","20:27, 10 November 2014","16:37, 6 November 2014",11/6/2014 16:36:50,11/10/2014 20:26:50,359399424,5,"Arkansas",3,"Republican",2011,,,198243,2915918,"S",0,22,90,0,1,,,4,13
"John Cornyn","17:50, 10 November 2014","17:42, 7 November 2014",11/7/2014 17:41:59,11/10/2014 17:49:33,259653632,5,"Texas",2,"Republican",2003,"Minority Whip",,196963,25145561,"S",0,11,63,1,1,,,3,98
"John Hoeven","22:12, 7 November 2014","16:58, 7 November 2014",11/7/2014 16:58:17,11/7/2014 22:12:52,18874368,5,"North Dakota",3,"Republican",2011,,,130790,672591,"MW",0,12,86,0,1,,,1,81
"John McCain","17:56, 7 November 2014","09:32, 7 November 2014",11/7/2014 09:32:39,11/7/2014 17:55:05,30146560,5,"Arizona",3,"Republican",1987,,,631299,6392017,"W",1,25,56,0,1,,,1,93
"John Thune","NO","17:27, 7 November 2014",11/7/2014 17:26:41,,,5,"South Dakota",3,"Republican",2005,"Republican Conference Chair","Ranking - Commerce",200924,814180,"MW",0,1,83,1,1,,,1,92
"John Walsh","20:26, 6 November 2014","18:17, 6 November 2014",11/6/2014 18:17:20,11/6/2014 20:26:13,7733248,5,"Montana",2,"Democratic",2014,,,34029,989415,"W",0,10,85,0,0,,,4,33
"Johnny Isakson","17:51, 10 November 2014","17:40, 7 November 2014",11/7/2014 17:39:48,11/10/2014 17:51:44,259915776,5,"Georgia",3,"Republican",2005,,,173732,9687653,"S",0,21,30,0,1,,,3,97
"Jon Tester","20:47, 6 November 2014","18:49, 6 November 2014",11/6/2014 18:47:55,11/6/2014 20:48:04,7208960,5,"Montana",1,"Democratic",2007,,,164250,989415,"W",0,20,33,0,0,,,4,50
"Kay Hagan","NO","16:21, 7 November 2014",11/7/2014 16:21:09,,,5,"North Carolina",2,"Democratic",2009,,,209877,9535483,"S",0,3,12,0,0,,,1,78
"Kelly Ayotte","23:05, 7 November 2014","17:08, 7 November 2014",11/7/2014 17:07:02,11/7/2014 23:05:18,21495808,5,"New Hampshire",3,"Republican",2011,,,196871,1316470,"NE",0,7,93,0,1,,,3,82
"Kirsten Gillibrand","02:45, 8 November 2014","18:15, 6 November 2014",11/6/2014 18:15:09,11/8/2014 02:45:56,117047296,5,"New York",1,"Democratic",2009,,,274110,19378102,"NE",0,22,35,0,0,,,3,31
"Lamar Alexander","06:49, 7 November 2014","16:50, 6 November 2014",11/6/2014 16:49:57,11/7/2014 06:48:48,50331648,5,"Tennessee",2,"Republican",2003,,"Ranking - Health, Education, Labor & Pensions",322481,6346105,"S",0,18,69,1,1,,,3,18
"Lindsey Graham","13:14, 7 November 2014","05:11, 7 November 2014",11/7/2014 05:10:30,11/7/2014 13:13:17,28966912,5,"South Carolina",2,"Republican",2003,,,212097,4625364,"S",0,17,20,0,1,,,3,55
"Lisa Murkowski","NO","05:57, 7 November 2014",11/7/2014 05:56:23,,,5,"Alaska",3,"Republican",2002,,"Ranking - Energy & Natural Resources",272033,710231,"W",0,7,24,1,1,,,1,70
"Marco Rubio","12:43, 7 November 2014","21:23, 6 November 2014",11/6/2014 21:23:01,11/7/2014 12:42:42,55181312,5,"Florida",3,"Republican",2011,,,263040,18801310,"S",1,25,77,0,1,,,3,59
"Maria Cantwell","13:19, 7 November 2014","05:29, 7 November 2014",11/7/2014 05:27:59,11/7/2014 13:19:50,28311552,5,"Washington",1,"Democratic",2001,,"Chair - Small Business & Entrepreneurship",218204,6724540,"W",0,6,4,1,0,,,1,62
"Mark Begich","NO","16:43, 6 November 2014",11/6/2014 16:43:24,,,5,"Alaska",2,"Democratic",2009,,,193183,710231,"W",0,5,67,0,0,,,1,15
"Mark Kirk","05:13, 11 November 2014","05:02, 7 November 2014",11/7/2014 05:01:46,11/11/2014 05:13:18,346292224,5,"Illinois",3,"Republican",2010,,,218416,12830632,"MW",1,23,73,0,1,,,1,53
"Mark Pryor","20:33, 6 November 2014","16:48, 6 November 2014",11/6/2014 16:47:46,11/6/2014 20:32:46,13500416,5,"Arkansas",2,"Democratic",2003,,,177736,2915918,"S",0,21,72,0,0,,,2,17
"Mark Udall","20:36, 6 November 2014","18:48, 6 November 2014",11/6/2014 18:47:55,11/6/2014 20:34:57,6422528,5,"Colorado",2,"Democratic",2009,,,147441,5029196,"W",0,13,38,0,0,,,1,49
"Mark Warner","13:16, 7 November 2014","05:55, 7 November 2014",11/7/2014 05:54:12,11/7/2014 13:15:28,26476544,5,"Virginia",2,"Democratic",2009,,,246922,8001024,"S",0,18,16,0,0,,,1,69
"Martin Heinrich","13:49, 7 November 2014","16:55, 6 November 2014",11/6/2014 16:54:19,11/7/2014 13:48:14,75235328,5,"New Mexico",1,"Democratic",2013,,,167735,2059179,"W",0,3,76,0,0,,,3,21
"Mary Landrieu","18:48, 6 November 2014","18:20, 6 November 2014",11/6/2014 18:19:31,11/6/2014 18:47:55,1703936,5,"Louisiana",2,"Democratic",1997,,"Chair - Natural Resources",285584,4533372,"S",0,7,28,1,0,,,4,35
"Mazie Hirono","20:29, 6 November 2014","18:21, 6 November 2014",11/6/2014 18:21:42,11/6/2014 20:28:24,7602176,5,"Hawaii",1,"Democratic",2013,,,183788,1360301,"W",0,1,22,0,0,,,4,36
"Michael Bennet","06:04, 7 November 2014","05:59, 7 November 2014",11/7/2014 05:58:34,11/7/2014 06:02:56,262144,5,"Colorado",3,"Democratic",2009,"DSCC Chair",,172632,5029196,"W",0,14,97,1,0,,,3,71
"Mike Crapo","NO","17:37, 7 November 2014",11/7/2014 17:37:37,,,5,"Idaho",3,"Republican",1999,,"Ranking - Banking, Housing, & Urban Affairs",166313,1567582,"W",0,20,13,1,1,,,1,95
"Mike Enzi","NO","16:52, 7 November 2014",11/7/2014 16:51:44,,,5,"Wyoming",2,"Republican",1997,,,160159,563626,"W",0,22,7,0,1,,,1,79
"Mike Johanns","NO","17:23, 7 November 2014",11/7/2014 17:22:19,,,5,"Nebraska",2,"Republican",2009,,,231398,1826341,"MW",0,5,98,0,1,,,1,90
"Mike Lee","13:17, 7 November 2014","16:21, 6 November 2014",11/6/2014 16:21:33,11/7/2014 13:17:39,75366400,5,"Utah",3,"Republican",2011,,,31298,2763885,"W",0,19,81,0,1,,,3,7
"Mitch McConnell","NO","09:09, 6 November 2014",11/6/2014 09:09:01,,,5,"Kentucky",2,"Republican",1985,"Minority Leader",,282892,4339367,"S",0,14,61,1,1,,,1,2
"Orrin Hatch","NO","16:18, 7 November 2014",11/7/2014 16:18:58,,,5,"Utah",1,"Republican",1977,,"Ranking - Finance",279203,2763885,"W",0,14,2,1,1,,,3,77
"Pat Roberts","20:26, 10 November 2014","05:13, 7 November 2014",11/7/2014 05:12:41,11/10/2014 20:26:50,314048512,5,"Kansas",2,"Republican",1997,,,154240,2853118,"MW",0,5,3,0,1,,,3,56
"Pat Toomey","17:01, 6 November 2014","16:39, 6 November 2014",11/6/2014 16:39:01,11/6/2014 17:00:52,1310720,5,"Pennsylvania",3,"Republican",2011,,,224815,12702379,"NE",0,13,87,0,1,,,3,14
"Patrick Leahy","14:16, 12 November 2014","06:02, 7 November 2014",11/7/2014 06:02:56,11/12/2014 14:16:51,461635584,5,"Vermont",3,"Democratic",1975,"President Pro Tempore","Chair - Judiciary",218555,625741,"NE",0,20,89,1,0,,,3,72
"Patty Murray","20:31, 6 November 2014","18:13, 6 November 2014",11/6/2014 18:12:57,11/6/2014 20:30:35,8257536,5,"Washington",3,"Democratic",1993,"Democratic Conference Secretary","Chair - Budget",199702,6724540,"W",0,16,49,1,0,,,2,30
"Rand Paul","18:39, 6 November 2014","10:32, 6 November 2014",11/6/2014 10:32:01,11/6/2014 18:39:10,29229056,5,"Kentucky",3,"Republican",2011,,,385218,4339367,"S",1,25,23,0,1,,,3,41
"Richard Blumenthal","20:33, 10 November 2014","17:46, 7 November 2014",11/7/2014 17:46:21,11/10/2014 20:33:23,269221888,5,"Connecticut",3,"Democratic",2011,,,302412,3574097,"NE",0,10,51,0,0,,,1,100
"Richard Burr","20:35, 6 November 2014","16:19, 6 November 2014",11/6/2014 16:19:22,11/6/2014 20:34:57,15335424,5,"North Carolina",3,"Republican",2005,,"Ranking - Veterans' Affairs",213365,9535483,"S",0,9,70,1,1,,,2,6
"Richard Shelby","NO","17:02, 6 November 2014",11/6/2014 17:03:03,,,5,"Alabama",3,"Republican",1987,,"Ranking - Appropriations",209610,4779736,"S",0,23,99,1,1,,,3,25
"Rob Portman","20:44, 6 November 2014","18:18, 6 November 2014",11/6/2014 18:17:20,11/6/2014 20:43:41,8781824,5,"Ohio",3,"Republican",2011,,,396029,11536504,"MW",0,8,5,0,1,,,2,34
"Roger Wicker","17:51, 10 November 2014","17:21, 7 November 2014",11/7/2014 17:20:08,11/10/2014 17:51:44,261095424,5,"Mississippi",1,"Republican",2007,,,138774,2967297,"S",0,13,54,0,1,,,1,89
"Ron Johnson","22:35, 6 November 2014","18:35, 6 November 2014",11/6/2014 18:34:48,11/6/2014 22:35:06,14417920,5,"Wisconsin",3,"Republican",2011,,,30687,5686986,"MW",0,23,18,0,1,,,4,43
"Ron Wyden","19:07, 6 November 2014","16:53, 6 November 2014",11/6/2014 16:52:08,11/6/2014 19:07:34,8126464,5,"Oregon",3,"Democratic",1996,,"Chair - Finance",252810,3831074,"W",0,15,8,1,0,,,4,20
"Roy Blunt","20:31, 6 November 2014","17:00, 6 November 2014",11/6/2014 17:00:52,11/6/2014 20:30:35,12582912,5,"Missouri",3,"Republican",2011,"Republican Conference Vice Chair",,191135,5988927,"MW",0,12,32,1,1,,,2,24
"Saxby Chambliss","13:18, 7 November 2014","16:17, 6 November 2014",11/6/2014 16:17:11,11/7/2014 13:17:39,75628544,5,"Georgia",2,"Republican",2003,,"Ranking - Intelligence",193829,9687653,"S",0,6,44,1,1,,,1,5
"Sheldon Whitehouse","20:51, 6 November 2014","18:29, 6 November 2014",11/6/2014 18:28:15,11/6/2014 20:50:15,8519680,5,"Rhode Island",1,"Democratic",2007,,,163700,1052567,"NE",0,2,39,0,0,,,3,40
"Sherrod Brown","13:32, 7 November 2014","04:53, 7 November 2014",11/7/2014 04:53:02,11/7/2014 13:32:57,31195136,5,"Ohio",1,"Democratic",2007,,,229033,11536504,"MW",0,16,79,0,0,,,3,51
"Susan Collins","13:18, 7 November 2014","16:04, 6 November 2014",11/6/2014 16:04:04,11/7/2014 13:17:39,76414976,5,"Maine",2,"Republican",1997,,,262550,1328361,"NE",0,2,21,0,1,,,4,1
"Tammy Baldwin","NO","17:44, 7 November 2014",11/7/2014 17:44:10,,,5,"Wisconsin",1,"Democratic",2013,,,219047,5686986,"MW",1,23,45,0,0,,,1,99
"Ted Cruz","18:51, 6 November 2014","10:06, 6 November 2014",11/6/2014 10:05:48,11/6/2014 18:50:06,31457280,5,"Texas",1,"Republican",2013,,,352005,25145561,"S",1,24,95,0,1,,,1,26
"Thad Cochran","13:31, 7 November 2014","16:46, 6 November 2014",11/6/2014 16:45:35,11/7/2014 13:30:46,74711040,5,"Mississippi",2,"Republican",1978,,"Ranking - Agriculture, Nutrition, & Forestry",191442,2967297,"S",0,16,62,1,1,,,3,16
"Tim Johnson","NO","05:44, 7 November 2014",11/7/2014 05:43:16,,,5,"South Dakota",2,"Democratic",1997,,"Chair - Banking, Housing, & Urban Affairs",30392,814180,"MW",0,2,82,1,0,,,1,65
"Tim Kaine","20:28, 6 November 2014","18:27, 6 November 2014",11/6/2014 18:26:04,11/6/2014 20:28:24,7340032,5,"Virginia",1,"Democratic",2013,,,276726,8001024,"S",0,6,68,0,0,,,3,39
"Tim Scott","13:49, 7 November 2014","05:14, 7 November 2014",11/7/2014 05:14:52,11/7/2014 13:48:14,30801920,5,"South Carolina",3,"Republican",2013,,,212444,4625364,"S",0,3,37,0,1,,,3,57
"Tom Carper","13:14, 7 November 2014","18:45, 6 November 2014",11/6/2014 18:45:44,11/7/2014 13:13:17,66453504,5,"Delaware",1,"Democratic",2001,,"Chair - Homeland Security & Governmental Affairs",218073,897934,"S",0,17,48,1,0,,,1,47
"Tom Coburn","19:07, 6 November 2014","18:41, 6 November 2014",11/6/2014 18:41:21,11/6/2014 19:07:34,1572864,5,"Oklahoma",3,"Republican",2005,,"Ranking - Homeland Security",337029,3751351,"S",0,15,65,1,1,,,4,45
"Tom Harkin","NO","17:20, 7 November 2014",11/7/2014 17:20:08,,,5,"Iowa",2,"Democratic",1985,,"Chair - Health, Education, Labor & Pensions",284160,3046355,"MW",0,6,100,1,0,,,3,88
"Tom Udall","07:02, 7 November 2014","05:27, 7 November 2014",11/7/2014 05:27:59,11/7/2014 07:01:55,5636096,5,"New Mexico",2,"Democratic",2009,,,135487,2059179,"W",0,21,11,0,0,,,3,61
"Al Franken","19:40, 15 July 2014","19:39, 15 July 2014",7/15/2014 19:39:13,7/15/2014 19:39:13,0,1,"Minnesota",2,"Democratic-Farmer-Labor",2009,,,337187,5303925,"MW",0,15,,0,0,,,2,
"Amy Klobuchar","02:47, 14 July 2014","22:03, 13 July 2014",7/13/2014 22:02:00,7/14/2014 02:45:59,17039360,1,"Minnesota",1,"Democratic-Farmer-Labor",2007,,,200691,5303925,"MW",0,21,,0,0,,,4,
"Angus King","20:05, 15 July 2014","20:35, 8 July 2014",7/8/2014 20:34:23,7/15/2014 20:05:26,603062272,1,"Maine",1,"Independent",2013,,,192119,1328361,"NE",0,24,,0,0,,,1,
"Barbara Boxer","22:16, 10 July 2014","21:22, 10 July 2014",7/10/2014 21:21:40,7/10/2014 22:16:17,3276800,1,"California",3,"Democratic",1993,,"Chair - Environment & Public Works; Ethics",313244,37253956,"W",0,2,,1,0,,,2,
"Barbara Mikulski","NO","20:09, 7 July 2014",7/7/2014 20:08:34,,,1,"Maryland",3,"Democratic",1987,,"Chair - Appropriations",300308,5773552,"S",0,13,,1,0,,,1,
"Ben Cardin","20:11, 15 July 2014","20:08, 15 July 2014",7/15/2014 20:07:37,7/15/2014 20:11:59,262144,1,"Maryland",1,"Democratic",2007,,,199700,5773552,"S",0,19,,0,0,,,3,
"Bernie Sanders","00:04, 12 July 2014","21:15, 11 July 2014",7/11/2014 21:14:43,7/12/2014 00:02:56,10092544,1,"Vermont",1,"Independent (Democratic Socialist)",2007,,"Chair - Veterans' Affairs",250858,625741,"NE",0,5,,1,0,,,3,
"Bill Nelson","19:53, 15 July 2014","19:50, 15 July 2014",7/15/2014 19:50:08,7/15/2014 19:52:19,131072,1,"Florida",1,"Democratic",2001,,,264321,18801310,"S",0,10,,0,0,,,1,
"Bob Casey, Jr.","21:35, 8 July 2014","21:34, 8 July 2014",7/8/2014 21:33:22,7/8/2014 21:35:33,131072,1,"Pennsylvania",1,"Democratic",2007,,,249752,12702379,"NE",0,20,,0,0,,,4,
"Bob Corker","22:24, 11 July 2014","21:12, 11 July 2014",7/11/2014 21:12:32,7/11/2014 22:24:37,4325376,1,"Tennessee",1,"Republican",2007,,"Ranking - Foreign Relations",266068,6346105,"S",0,5,,1,1,,,4,
"Bob Menendez","NO","21:14, 11 July 2014",7/11/2014 21:14:43,,,1,"New Jersey",1,"Democratic",2006,,"Chair - Foreign Relations",367853,8791894,"NE",1,5,,1,0,,,1,
"Brian Schatz","20:07, 15 July 2014","20:03, 15 July 2014",7/15/2014 20:03:15,7/15/2014 20:07:37,262144,1,"Hawaii",3,"Democratic",2012,,,147020,1360301,"W",0,4,,0,0,,,2,
"Carl Levin","20:26, 15 July 2014","19:31, 15 July 2014",7/15/2014 19:30:28,7/15/2014 20:25:05,3276800,1,"Michigan",2,"Democratic",1979,,"Chair - Armed Forces",281477,9883640,"MW",0,25,,1,0,,,3,
"Chris Coons","20:30, 15 July 2014","19:19, 15 July 2014",7/15/2014 19:19:33,7/15/2014 20:29:27,4194304,1,"Delaware",2,"Democratic",2010,,,168931,897934,"S",0,3,,0,0,,,1,
"Chris Murphy","20:48, 8 July 2014","20:37, 8 July 2014",7/8/2014 20:36:34,7/8/2014 20:47:30,655360,1,"Connecticut",1,"Democratic",2013,,,26969,3574097,"NE",0,24,,0,0,,,4,
"Chuck Grassley","20:01, 7 July 2014","20:01, 7 July 2014",7/7/2014 20:02:01,7/7/2014 20:02:01,0,1,"Iowa",3,"Republican",1981,,"Ranking - Judciairy",277833,3046355,"MW",0,13,,1,1,,,4,
"Chuck Schumer","20:09, 15 July 2014","21:35, 9 July 2014",7/9/2014 21:35:10,7/15/2014 20:09:48,513277952,1,"New York",3,"Democratic",1999,"DCC Vice Chair & Policy Committee Chair",,368300,19378102,"NE",0,23,,1,0,,,2,
"Claire McCaskill","19:33, 15 July 2014","19:17, 15 July 2014",7/15/2014 19:17:22,7/15/2014 19:32:40,917504,1,"Missouri",1,"Democratic",2007,,,185508,5988927,"MW",0,3,,0,0,,,4,
"Cory Booker","NO","09:05, 12 July 2014",7/12/2014 09:04:41,,,1,"New Jersey",2,"Democratic",2013,,,352603,8791894,"NE",0,7,,0,0,,,1,
"Dan Coats","09:23, 10 July 2014","21:23, 9 July 2014",7/9/2014 21:22:03,7/10/2014 09:22:57,43253760,1,"Indiana",3,"Republican",2011,,,157820,6483802,"MW",0,14,,0,1,,,3,
"David Vitter","20:24, 15 July 2014","06:25, 14 July 2014",7/14/2014 06:24:26,7/15/2014 20:22:54,136708096,1,"Louisiana",3,"Republican",2005,,"Ranking - Environment and Publics Works",422715,4533372,"S",0,17,,1,1,,,2,
"Dean Heller","20:23, 15 July 2014","19:23, 15 July 2014",7/15/2014 19:23:55,7/15/2014 20:22:54,3538944,1,"Nevada",1,"Republican",2011,,,177221,2700551,"W",0,9,,0,1,,,1,
"Deb Fischer","09:14, 11 July 2014","08:42, 11 July 2014",7/11/2014 08:41:03,7/11/2014 09:13:49,1966080,1,"Nebraska",1,"Republican",2013,,,139467,1826341,"MW",0,1,,0,1,,,2,
"Debbie Stabenow","20:04, 15 July 2014","08:35, 13 July 2014",7/13/2014 08:35:54,7/15/2014 20:03:15,214040576,1,"Michigan",1,"Democratic",2001,,"Chair - Agriculture, Nutrition, & Forestry",290847,9883640,"MW",0,12,,1,0,,,1,
"Dianne Feinstein","22:19, 13 July 2014","22:01, 13 July 2014",7/13/2014 22:02:00,7/13/2014 22:19:28,1048576,1,"California",1,"Democratic",1992,,"Chair - Intelligence",298727,37253956,"W",1,21,,1,0,,,4,
"Dick Durbin","02:52, 14 July 2014","09:13, 12 July 2014",7/12/2014 09:13:26,7/14/2014 02:52:32,149946368,1,"Illinois",2,"Democratic",1997,"Majority Whip",,277111,12830632,"MW",0,11,,1,0,,,4,
"Ed Markey","06:25, 14 July 2014","06:17, 14 July 2014",7/14/2014 06:17:53,7/14/2014 06:24:26,393216,1,"Massachusetts",2,"Democratic",2013,,,258905,6547629,"NE",0,6,,0,0,,,4,
"Elizabeth Warren","21:01, 11 July 2014","21:00, 11 July 2014",7/11/2014 20:59:26,7/11/2014 21:01:37,131072,1,"Massachusetts",1,"Democratic",2013,,,271980,6547629,"NE",1,22,,0,0,,,4,
"Harry Reid","02:48, 14 July 2014","08:42, 13 July 2014",7/13/2014 08:42:27,7/14/2014 02:48:10,65142784,1,"Nevada",3,"Democratic",1987,"Majority Leader",,279208,2700551,"W",0,12,,1,0,,,2,
"Heidi Heitkamp","20:17, 15 July 2014","19:57, 15 July 2014",7/15/2014 19:56:41,7/15/2014 20:16:21,1179648,1,"North Dakota",1,"Democratic",2013,,,160521,672591,"MW",0,19,,0,0,,,3,
"Jack Reed","20:30, 15 July 2014","06:16, 14 July 2014",7/14/2014 06:15:42,7/15/2014 20:29:27,137625600,1,"Rhode Island",2,"Democratic",1997,,,26686,1052567,"NE",0,6,,0,0,,,1,
"Jay Rockefeller","20:10, 15 July 2014","08:43, 10 July 2014",7/10/2014 08:43:38,7/15/2014 20:09:48,473169920,1,"West Virginia",2,"Democratic",1985,,"Chair - Commerce, Science & Transporation",246790,1852994,"S",0,8,,1,0,,,1,
"Jeanne Shaheen","22:03, 10 July 2014","21:20, 10 July 2014",7/10/2014 21:19:29,7/10/2014 22:03:10,2621440,1,"New Hampshire",2,"Democratic",2009,,,189844,1316470,"NE",0,2,,0,0,,,1,
"Jeff Flake","20:28, 15 July 2014","09:07, 12 July 2014",7/12/2014 09:06:53,7/15/2014 20:27:16,300023808,1,"Arizona",1,"Republican",2013,,,191709,6392017,"W",0,11,,0,1,,,1,
"Jeff Merkley","20:27, 15 July 2014","09:16, 12 July 2014",7/12/2014 09:15:37,7/15/2014 20:27:16,299499520,1,"Oregon",2,"Democratic",2009,,,232469,3831074,"W",0,11,,0,0,,,1,
"Jeff Sessions","20:25, 15 July 2014","22:05, 13 July 2014",7/13/2014 22:04:11,7/15/2014 20:25:05,166854656,1,"Alabama",2,"Republican",1997,,"Ranking - Budget",212158,4779736,"S",0,21,,1,1,,,1,
"Jerry Moran","22:25, 11 July 2014","21:10, 11 July 2014",7/11/2014 21:10:21,7/11/2014 22:24:37,4456448,1,"Kansas",3,"Republican",2011,"NRSC Chair",,156071,2853118,"MW",0,5,,1,1,,,2,
"Jim Inhofe","20:12, 15 July 2014","21:03, 11 July 2014",7/11/2014 21:03:48,7/15/2014 20:11:59,342491136,1,"Oklahoma",2,"Republican",1994,,"Ranking - Armed Services",279401,3751351,"S",1,22,,1,1,,,3,
"Jim Risch","20:05, 15 July 2014","06:28, 14 July 2014",7/14/2014 06:28:48,7/15/2014 20:05:26,135397376,1,"Idaho",2,"Republican",2009,,,138548,1567582,"W",0,17,,0,1,,,1,
"Joe Donnelly","20:03, 15 July 2014","19:24, 15 July 2014",7/15/2014 19:23:55,7/15/2014 20:03:15,2359296,1,"Indiana",1,"Democratic",2013,,,323183,6483802,"MW",0,9,,0,0,,,2,
"Joe Manchin","20:26, 15 July 2014","19:42, 15 July 2014",7/15/2014 19:41:24,7/15/2014 20:25:05,2621440,1,"West Virginia",1,"Democratic",2010,,,240087,1852994,"S",0,16,,0,0,,,1,
"John Barrasso","20:33, 15 July 2014","19:29, 15 July 2014",7/15/2014 19:28:17,7/15/2014 20:33:50,3932160,1,"Wyoming",1,"Republican",2007,"Republican Policy Committee Chair",,157457,563626,"W",0,25,,1,1,,,1,
"John Boozman","20:18, 15 July 2014","19:16, 15 July 2014",7/15/2014 19:15:11,7/15/2014 20:18:32,3801088,1,"Arkansas",3,"Republican",2011,,,198243,2915918,"S",0,3,,0,1,,,4,
"John Cornyn","20:03, 15 July 2014","20:02, 15 July 2014",7/15/2014 20:01:04,7/15/2014 20:03:15,131072,1,"Texas",2,"Republican",2003,"Minority Whip",,196963,25145561,"S",0,19,,1,1,,,2,
"John Hoeven","19:59, 15 July 2014","19:58, 15 July 2014",7/15/2014 19:58:52,7/15/2014 19:58:52,0,1,"North Dakota",3,"Republican",2011,,,130790,672591,"MW",0,4,,0,1,,,2,
"John McCain","20:06, 15 July 2014","20:05, 15 July 2014",7/15/2014 20:05:26,7/15/2014 20:05:26,0,1,"Arizona",3,"Republican",1987,,,631299,6392017,"W",1,18,,0,1,,,2,
"John Thune","10:39, 9 July 2014","20:33, 8 July 2014",7/8/2014 20:32:12,7/9/2014 10:39:48,50855936,1,"South Dakota",3,"Republican",2005,"Republican Conference Chair","Ranking - Commerce",200924,814180,"MW",0,24,,1,1,,,3,
"John Walsh","09:19, 9 July 2014","20:30, 8 July 2014",7/8/2014 20:30:01,7/9/2014 09:18:59,46137344,1,"Montana",2,"Democratic",2014,,,34029,989415,"W",0,24,,0,0,,,2,
"Johnny Isakson","20:24, 15 July 2014","21:59, 13 July 2014",7/13/2014 21:59:48,7/15/2014 20:22:54,166985728,1,"Georgia",3,"Republican",2005,,,173732,9687653,"S",0,21,,0,1,,,1,
"Jon Tester","14:00, 10 July 2014","21:20, 9 July 2014",7/9/2014 21:19:52,7/10/2014 14:00:23,60030976,1,"Montana",1,"Democratic",2007,,,164250,989415,"W",0,14,,0,0,,,1,
"Kay Hagan","NO","21:31, 9 July 2014",7/9/2014 21:30:48,,,1,"North Carolina",2,"Democratic",2009,,,209877,9535483,"S",0,23,,0,0,,,3,
"Kelly Ayotte","NO","20:20, 7 July 2014",7/7/2014 20:19:29,,,1,"New Hampshire",3,"Republican",2011,,,196871,1316470,"NE",0,22,,0,1,,,1,
"Kirsten Gillibrand","20:15, 15 July 2014","19:44, 15 July 2014",7/15/2014 19:43:35,7/15/2014 20:14:10,1835008,1,"New York",1,"Democratic",2009,,,274110,19378102,"NE",0,16,,0,0,,,3,
"Lamar Alexander","11:54, 12 July 2014","09:03, 12 July 2014",7/12/2014 09:02:30,7/12/2014 11:52:54,10223616,1,"Tennessee",2,"Republican",2003,,"Ranking - Health, Education, Labor & Pensions",322481,6346105,"S",0,7,,1,1,,,4,
"Lindsey Graham","19:28, 15 July 2014","19:27, 15 July 2014",7/15/2014 19:26:06,7/15/2014 19:28:17,131072,1,"South Carolina",2,"Republican",2003,,,212097,4625364,"S",0,25,,0,1,,,4,
"Lisa Murkowski","08:03, 14 July 2014","6:26, 14 July 2014",7/14/2014 06:26:37,7/14/2014 08:02:44,5767168,1,"Alaska",3,"Republican",2002,,"Ranking - Energy & Natural Resources",272033,710231,"W",0,17,,1,1,,,4,
"Marco Rubio","07:18, 14 July 2014","06:21, 14 July 2014",7/14/2014 06:20:04,7/14/2014 07:19:03,3538944,1,"Florida",3,"Republican",2011,,,263040,18801310,"S",1,6,,0,1,,,3,
"Maria Cantwell","19:48, 15 July 2014","19:45, 15 July 2014",7/15/2014 19:45:46,7/15/2014 19:47:57,131072,1,"Washington",1,"Democratic",2001,,"Chair - Small Business & Entrepreneurship",218204,6724540,"W",0,10,,1,0,,,4,
"Mark Begich","08:08, 14 July 2014","06:18, 14 July 2014",7/14/2014 06:17:53,7/14/2014 08:07:07,6553600,1,"Alaska",2,"Democratic",2009,,,193183,710231,"W",0,6,,0,0,,,2,
"Mark Kirk","19:43, 15 July 2014","19:43, 15 July 2014",7/15/2014 19:43:35,7/15/2014 19:43:35,0,1,"Illinois",3,"Republican",2010,,,218416,12830632,"MW",1,16,,0,1,,,2,
"Mark Pryor","20:19, 15 July 2014","19:58, 15 July 2014",7/15/2014 19:58:52,7/15/2014 20:18:32,1179648,1,"Arkansas",2,"Democratic",2003,,,177736,2915918,"S",0,19,,0,0,,,2,
"Mark Udall","16:33, 12 July 2014","08:48, 11 July 2014",7/11/2014 08:47:36,7/12/2014 16:32:31,114294784,1,"Colorado",2,"Democratic",2009,,,147441,5029196,"W",0,1,,0,0,,,3,
"Mark Warner","05:49, 10 July 2014","21:32, 9 July 2014",7/9/2014 21:32:59,7/10/2014 05:48:52,29753344,1,"Virginia",2,"Democratic",2009,,,246922,8001024,"S",0,23,,0,0,,,4,
"Martin Heinrich","20:19, 15 July 2014","19:55, 15 July 2014",7/15/2014 19:54:30,7/15/2014 20:18:32,1441792,1,"New Mexico",1,"Democratic",2013,,,167735,2059179,"W",0,4,,0,0,,,3,
"Mary Landrieu","21:19, 10 July 2014","21:17, 10 July 2014",7/10/2014 21:17:18,7/10/2014 21:19:29,131072,1,"Louisiana",2,"Democratic",1997,,"Chair - Natural Resources",285584,4533372,"S",0,2,,1,0,,,4,
"Mazie Hirono","19:38, 15 July 2014","19:37, 15 July 2014",7/15/2014 19:37:02,7/15/2014 19:37:02,0,1,"Hawaii",1,"Democratic",2013,,,183788,1360301,"W",0,15,,0,0,,,4,
"Michael Bennet","20:08, 15 July 2014","21:28, 9 July 2014",7/9/2014 21:28:37,7/15/2014 20:07:37,513540096,1,"Colorado",3,"Democratic",2009,"DSCC Chair",,172632,5029196,"W",0,14,,1,0,,,4,
"Mike Crapo","20:16, 15 July 2014","20:10, 15 July 2014",7/15/2014 20:09:48,7/15/2014 20:16:21,393216,1,"Idaho",3,"Republican",1999,,"Ranking - Banking, Housing, & Urban Affairs",166313,1567582,"W",0,4,,1,1,,,3,
"Mike Enzi","20:10, 15 July 2014","21:37, 9 July 2014",7/9/2014 21:37:21,7/15/2014 20:09:48,513146880,1,"Wyoming",2,"Republican",1997,,,160159,563626,"W",0,23,,0,1,,,1,
"Mike Johanns","20:20, 15 July 2014","19:47, 15 July 2014",7/15/2014 19:47:57,7/15/2014 20:20:43,1966080,1,"Nebraska",2,"Republican",2009,,,231398,1826341,"MW",0,10,,0,1,,,1,
"Mike Lee","20:07, 15 July 2014","21:17, 9 July 2014",7/9/2014 21:17:41,7/15/2014 20:07:37,514195456,1,"Utah",3,"Republican",2011,,,31298,2763885,"W",0,14,,0,1,,,2,
"Mitch McConnell","20:04, 15 July 2014","20:04, 15 July 2014",7/15/2014 20:03:15,7/15/2014 20:03:15,0,1,"Kentucky",2,"Republican",1985,"Minority Leader",,282892,4339367,"S",0,18,,1,1,,,2,
"Orrin Hatch","19:37, 15 July 2014","19:26, 15 July 2014",7/15/2014 19:26:06,7/15/2014 19:37:02,655360,1,"Utah",1,"Republican",1977,,"Ranking - Finance",279203,2763885,"W",0,25,,1,1,,,2,
"Pat Roberts","19:49, 15 July 2014","19:48, 15 July 2014",7/15/2014 19:47:57,7/15/2014 19:47:57,0,1,"Kansas",2,"Republican",1997,,,154240,2853118,"MW",0,10,,0,1,,,4,
"Pat Toomey","20:17, 15 July 2014","20:01, 15 July 2014",7/15/2014 20:01:04,7/15/2014 20:16:21,917504,1,"Pennsylvania",3,"Republican",2011,,,224815,12702379,"NE",0,18,,0,1,,,3,
"Patrick Leahy","20:31, 15 July 2014","19:21, 15 July 2014",7/15/2014 19:21:44,7/15/2014 20:31:39,4194304,1,"Vermont",3,"Democratic",1975,"President Pro Tempore","Chair - Judiciary",218555,625741,"NE",0,9,,1,0,,,3,
"Patty Murray","20:30, 7 July 2014","19:59, 7 July 2014",7/7/2014 19:59:50,7/7/2014 20:30:25,1835008,1,"Washington",3,"Democratic",1993,"Democratic Conference Secretary","Chair - Budget",199702,6724540,"W",0,13,,1,0,,,2,
"Rand Paul","21:02, 11 July 2014","20:59, 11 July 2014",7/11/2014 20:59:26,7/11/2014 21:01:37,131072,1,"Kentucky",3,"Republican",2011,,,385218,4339367,"S",1,13,,0,1,,,3,
"Richard Blumenthal","21:55, 8 July 2014","21:42, 8 July 2014",7/8/2014 21:42:07,7/8/2014 21:55:13,786432,1,"Connecticut",3,"Democratic",2011,,,302412,3574097,"NE",0,20,,0,0,,,3,
"Richard Burr","09:34, 14 July 2014","06:23, 14 July 2014",7/14/2014 06:22:15,7/14/2014 09:34:29,11534336,1,"North Carolina",3,"Republican",2005,,"Ranking - Veterans' Affairs",213365,9535483,"S",0,17,,1,1,,,3,
"Richard Shelby","09:18, 10 July 2014","08:47, 10 July 2014",7/10/2014 08:48:00,7/10/2014 09:18:35,1835008,1,"Alabama",3,"Republican",1987,,"Ranking - Appropriations",209610,4779736,"S",0,8,,1,1,,,3,
"Rob Portman","20:39, 15 July 2014","20:18, 15 July 2014",7/15/2014 20:18:32,7/15/2014 20:38:12,1179648,1,"Ohio",3,"Republican",2011,,,396029,11536504,"MW",0,18,,0,1,,,3,
"Roger Wicker","20:15, 15 July 2014","08:33, 13 July 2014",7/13/2014 08:33:43,7/15/2014 20:14:10,214827008,1,"Mississippi",1,"Republican",2007,,,138774,2967297,"S",0,12,,0,1,,,3,
"Ron Johnson","10:10, 13 July 2014","08:40, 13 July 2014",7/13/2014 08:40:16,7/13/2014 10:09:50,5373952,1,"Wisconsin",3,"Republican",2011,,,30687,5686986,"MW",0,12,,0,1,,,4,
"Ron Wyden","20:13, 15 July 2014","09:00, 12 July 2014",7/12/2014 09:00:19,7/15/2014 20:11:59,299499520,1,"Oregon",3,"Democratic",1996,,"Chair - Finance",252810,3831074,"W",0,7,,1,0,,,3,
"Roy Blunt","20:01, 15 July 2014","19:36, 15 July 2014",7/15/2014 19:37:02,7/15/2014 20:01:04,1441792,1,"Missouri",3,"Republican",2011,"Republican Conference Vice Chair",,191135,5988927,"MW",0,15,,1,1,,,3,
"Saxby Chambliss","20:34, 15 July 2014","19:33, 15 July 2014",7/15/2014 19:32:40,7/15/2014 20:33:50,3670016,1,"Georgia",2,"Republican",2003,,"Ranking - Intelligence",193829,9687653,"S",0,15,,1,1,,,1,
"Sheldon Whitehouse","NO","09:01, 12 July 2014",7/12/2014 09:00:19,,,1,"Rhode Island",1,"Democratic",2007,,,163700,1052567,"NE",0,7,,0,0,,,2,
"Sherrod Brown","21:38, 8 July 2014","21:37, 8 July 2014",7/8/2014 21:37:44,7/8/2014 21:37:44,0,1,"Ohio",1,"Democratic",2007,,,229033,11536504,"MW",0,20,,0,0,,,2,
"Susan Collins","08:53, 11 July 2014","08:50, 11 July 2014",7/11/2014 08:49:48,7/11/2014 08:51:59,131072,1,"Maine",2,"Republican",1997,,,262550,1328361,"NE",0,1,,0,1,,,4,
"Tammy Baldwin","16:22, 12 July 2014","21:06, 11 July 2014",7/11/2014 21:05:59,7/12/2014 16:21:36,69337088,1,"Wisconsin",1,"Democratic",2013,,,219047,5686986,"MW",1,8,,0,0,,,2,
"Ted Cruz","20:29, 15 July 2014","19:15, 15 July 2014",7/15/2014 19:15:11,7/15/2014 20:29:27,4456448,1,"Texas",1,"Republican",2013,,,352005,25145561,"S",1,3,,0,1,,,1,
"Thad Cochran","19:36, 15 July 2014","19:22, 15 July 2014",7/15/2014 19:21:44,7/15/2014 19:37:02,917504,1,"Mississippi",2,"Republican",1978,,"Ranking - Agriculture, Nutrition, & Forestry",191442,2967297,"S",0,9,,1,1,,,4,
"Tim Johnson","08:52, 10 July 2014","08:44, 10 July 2014",7/10/2014 08:43:38,7/10/2014 08:52:22,524288,1,"South Dakota",2,"Democratic",1997,,"Chair - Banking, Housing, & Urban Affairs",30392,814180,"MW",0,8,,1,0,,,4,
"Tim Kaine","08:56, 16 July 2014","20:28, 7 July 2014",7/7/2014 20:28:14,7/16/2014 08:56:34,736100352,1,"Virginia",1,"Democratic",2013,,,276726,8001024,"S",0,22,,0,0,,,2,
"Tim Scott","20:11, 15 July 2014","21:15, 10 July 2014",7/10/2014 21:15:07,7/15/2014 20:11:59,428212224,1,"South Carolina",3,"Republican",2013,,,212444,4625364,"S",0,2,,0,1,,,3,
"Tom Carper","02:51, 14 July 2014","09:14, 12 July 2014",7/12/2014 09:13:26,7/14/2014 02:50:21,149815296,1,"Delaware",1,"Democratic",2001,,"Chair - Homeland Security & Governmental Affairs",218073,897934,"S",0,11,,1,0,,,4,
"Tom Coburn","NO","08:41, 11 July 2014",7/11/2014 08:41:03,,,1,"Oklahoma",3,"Republican",2005,,"Ranking - Homeland Security",337029,3751351,"S",0,1,,1,1,,,1,
"Tom Harkin","20:06, 15 July 2014","21:32, 8 July 2014",7/8/2014 21:31:11,7/15/2014 20:05:26,599654400,1,"Iowa",2,"Democratic",1985,,"Chair - Health, Education, Labor & Pensions",284160,3046355,"MW",0,20,,1,0,,,1,
"Tom Udall","19:40, 15 July 2014","19:40, 15 July 2014",7/15/2014 19:39:13,7/15/2014 19:39:13,0,1,"New Mexico",2,"Democratic",2009,,,135487,2059179,"W",0,16,,0,0,,,4,
"Al Franken","19:55, 13 August 2014","19:12, 13 August 2014",8/13/2014 19:12:32,8/13/2014 19:54:03,2490368,2,"Minnesota",2,"Democratic-Farmer-Labor",2009,,,337187,5303925,"MW",,15,,0,0,,,3,
"Amy Klobuchar","NO","10:15, 15 August 2014",8/15/2014 10:14:21,,,2,"Minnesota",1,"Democratic-Farmer-Labor",2007,,,200691,5303925,"MW",,21,,0,0,,,1,
"Angus King","NO","07:35, 15 August 2014",8/15/2014 07:34:53,,,2,"Maine",1,"Independent",2013,,,192119,1328361,"NE",,24,,0,0,,,3,
"Barbara Boxer","NO","14:29, 13 August 2014",8/13/2014 14:28:33,,,2,"California",3,"Democratic",1993,,"Chair - Environment & Public Works; Ethics",313244,37253956,"W",,2,,1,0,,,3,
"Barbara Mikulski","NO","10:20, 15 August 2014",8/15/2014 10:20:55,,,2,"Maryland",3,"Democratic",1987,,"Chair - Appropriations",300308,5773552,"S",,13,,1,0,,,3,
"Ben Cardin","NO","10:18, 15 August 2014",8/15/2014 10:18:44,,,2,"Maryland",1,"Democratic",2007,,,199700,5773552,"S",,19,,0,0,,,1,
"Bernie Sanders","NO","09:15, 16 August 2014",8/16/2014 09:14:59,,,2,"Vermont",1,"Independent (Democratic Socialist)",2007,,"Chair - Veterans' Affairs",250858,625741,"NE",,5,,1,0,,,1,
"Bill Nelson","NO","08:56, 13 August 2014",8/13/2014 08:56:30,,,2,"Florida",1,"Democratic",2001,,,264321,18801310,"S",,10,,0,0,,,3,
"Bob Casey, Jr.","NO","21:32, 16 August 2014",8/16/2014 21:31:10,,,2,"Pennsylvania",1,"Democratic",2007,,,249752,12702379,"NE",,20,,0,0,,,1,
"Bob Corker","NO","13:28, 16 August 2014",8/16/2014 13:28:23,,,2,"Tennessee",1,"Republican",2007,,"Ranking - Foreign Relations",266068,6346105,"S",,5,,1,1,,,1,
"Bob Menendez","NO","09:24, 16 August 2014",8/16/2014 09:23:43,,,2,"New Jersey",1,"Democratic",2006,,"Chair - Foreign Relations",367853,8791894,"NE",,5,,1,0,,,3,
"Brian Schatz","NO","14:22, 14 August 2014",8/14/2014 14:21:36,,,2,"Hawaii",3,"Democratic",2012,,,147020,1360301,"W",,4,,0,0,,,3,
"Carl Levin","NO","10:22, 15 August 2014",8/15/2014 10:20:55,,,2,"Michigan",2,"Democratic",1979,,"Chair - Armed Forces",281477,9883640,"MW",,25,,1,0,,,1,
"Chris Coons","NO","19:17, 13 August 2014",8/13/2014 19:16:54,,,2,"Delaware",2,"Democratic",2010,,,168931,897934,"S",,3,,0,0,,,3,
"Chris Murphy","NO","09:18, 16 August 2014",8/16/2014 09:17:10,,,2,"Connecticut",1,"Democratic",2013,,,26969,3574097,"NE",,24,,0,0,,,1,
"Chuck Grassley","NO","09:09, 16 August 2014",8/16/2014 09:08:26,,,2,"Iowa",3,"Republican",1981,,"Ranking - Judciairy",277833,3046355,"MW",,13,,1,1,,,1,
"Chuck Schumer","NO","21:26, 16 August 2014",8/16/2014 21:26:48,,,2,"New York",3,"Democratic",1999,"DCC Vice Chair & Policy Committee Chair",,368300,19378102,"NE",,23,,1,0,,,3,
"Claire McCaskill","NO","08:59, 13 August 2014",8/13/2014 08:58:41,,,2,"Missouri",1,"Democratic",2007,,,185508,5988927,"MW",,3,,0,0,,,1,
"Cory Booker","NO","09:28, 16 August 2014",8/16/2014 09:28:05,,,2,"New Jersey",2,"Democratic",2013,,,352603,8791894,"NE",,7,,0,0,,,3,
"Dan Coats","NO","10:40, 13 August 2014",8/13/2014 10:39:10,,,2,"Indiana",3,"Republican",2011,,,157820,6483802,"MW",,14,,0,1,,,1,
"David Vitter","13:42, 15 August 2014","19:32, 13 August 2014",8/13/2014 19:32:12,8/15/2014 13:41:53,151781376,2,"Louisiana",3,"Republican",2005,,"Ranking - Environment and Publics Works",422715,4533372,"S",,17,,1,1,,,3,
"Dean Heller","14:41, 15 August 2014","14:33, 15 August 2014",8/15/2014 14:32:08,8/15/2014 14:40:52,524288,2,"Nevada",1,"Republican",2011,,,177221,2700551,"W",,9,,0,1,,,3,
"Deb Fischer","21:15, 16 August 2014","20:26, 15 August 2014",8/15/2014 20:26:02,8/16/2014 21:15:53,89391104,2,"Nebraska",1,"Republican",2013,,,139467,1826341,"MW",,1,,0,1,,,3,
"Debbie Stabenow","00:54, 17 August 2014","14:20, 14 August 2014",8/14/2014 14:19:25,8/17/2014 00:54:20,210894848,2,"Michigan",1,"Democratic",2001,,"Chair - Agriculture, Nutrition, & Forestry",290847,9883640,"MW",,12,,1,0,,,3,
"Dianne Feinstein","NO","14:13, 14 August 2014",8/14/2014 14:12:52,,,2,"California",1,"Democratic",1992,,"Chair - Intelligence",298727,37253956,"W",,21,,1,0,,,1,
"Dick Durbin","23:06, 22 August 2014","16:08, 16 August 2014",8/16/2014 16:07:52,8/22/2014 23:04:56,543424512,2,"Illinois",2,"Democratic",1997,"Majority Whip",,277111,12830632,"MW",,11,,1,0,,,1,
"Ed Markey","NO","09:06, 13 August 2014",8/13/2014 09:05:14,,,2,"Massachusetts",2,"Democratic",2013,,,258905,6547629,"NE",,6,,0,0,,,1,
"Elizabeth Warren","17:18, 14 August 2014","14:26, 14 August 2014",8/14/2014 14:25:58,8/14/2014 17:18:33,10354688,2,"Massachusetts",1,"Democratic",2013,,,271980,6547629,"NE",,22,,0,0,,,1,
"Harry Reid","11:06, 13 August 2014","09:08, 13 August 2014",8/13/2014 09:07:25,8/13/2014 11:05:23,7077888,2,"Nevada",3,"Democratic",1987,"Majority Leader",,279208,2700551,"W",,12,,1,0,,,3,
"Heidi Heitkamp","NO","14:31, 13 August 2014",8/13/2014 14:30:44,,,2,"North Dakota",1,"Democratic",2013,,,160521,672591,"MW",,19,,0,0,,,1,
"Jack Reed","NO","19:55, 15 August 2014",8/15/2014 19:55:27,,,2,"Rhode Island",2,"Democratic",1997,,,26686,1052567,"NE",,6,,0,0,,,3,
"Jay Rockefeller","NO","23:32, 14 August 2014",8/14/2014 23:32:06,,,2,"West Virginia",2,"Democratic",1985,,"Chair - Commerce, Science & Transporation",246790,1852994,"S",,8,,1,0,,,3,
"Jeanne Shaheen","NO","20:21, 15 August 2014",8/15/2014 20:21:39,,,2,"New Hampshire",2,"Democratic",2009,,,189844,1316470,"NE",,2,,0,0,,,3,
"Jeff Flake","03:32, 16 August 2014","20:28, 15 August 2014",8/15/2014 20:28:13,8/16/2014 03:32:01,25427968,2,"Arizona",1,"Republican",2013,,,191709,6392017,"W",,11,,0,1,,,3,
"Jeff Merkley","NO","11:51, 14 August 2014",8/14/2014 11:50:52,,,2,"Oregon",2,"Democratic",2009,,,232469,3831074,"W",,11,,0,0,,,3,
"Jeff Sessions","18:15, 16 August 2014","09:11, 16 August 2014",8/16/2014 09:10:37,8/16/2014 18:14:34,32636928,2,"Alabama",2,"Republican",1997,,"Ranking - Budget",212158,4779736,"S",,21,,1,1,,,3,
"Jerry Moran","NO","14:36, 15 August 2014",8/15/2014 14:36:30,,,2,"Kansas",3,"Republican",2011,"NRSC Chair",,156071,2853118,"MW",,5,,1,1,,,3,
"Jim Inhofe","NO","14:31, 15 August 2014",8/15/2014 14:29:57,,,2,"Oklahoma",2,"Republican",1994,,"Ranking - Armed Services",279401,3751351,"S",,22,,1,1,,,1,
"Jim Risch","NO","20:29, 15 August 2014",8/15/2014 20:28:13,,,2,"Idaho",2,"Republican",2009,,,138548,1567582,"W",,17,,0,1,,,3,
"Joe Donnelly","14:13, 3 October 2014","14:23, 13 August 2014",8/13/2014 14:22:00,10/3/2014 14:12:54,4405854208,2,"Indiana",1,"Democratic",2013,,,323183,6483802,"MW",,9,,0,0,,,3,
"Joe Manchin","NO","09:18, 14 August 2014",8/14/2014 09:17:57,,,2,"West Virginia",1,"Democratic",2010,,,240087,1852994,"S",,16,,0,0,,,3,
"John Barrasso","NO","09:15, 14 August 2014",8/14/2014 09:15:46,,,2,"Wyoming",1,"Republican",2007,"Republican Policy Committee Chair",,157457,563626,"W",,25,,1,1,,,3,
"John Boozman","NO","14:56, 13 August 2014",8/13/2014 14:56:57,,,2,"Arkansas",3,"Republican",2011,,,198243,2915918,"S",,3,,0,1,,,1,
"John Cornyn","NO","10:38, 13 August 2014",8/13/2014 10:36:59,,,2,"Texas",2,"Republican",2003,"Minority Whip",,196963,25145561,"S",,19,,1,1,,,3,
"John Hoeven","14:59, 15 August 2014","23:37, 14 August 2014",8/14/2014 23:36:28,8/15/2014 14:58:21,55312384,2,"North Dakota",3,"Republican",2011,,,130790,672591,"MW",,4,,0,1,,,3,
"John McCain","02:20, 21 August 2014","20:08, 15 August 2014",8/15/2014 20:08:33,8/21/2014 02:20:09,454295552,2,"Arizona",3,"Republican",1987,,,631299,6392017,"W",,18,,0,1,,,3,
"John Thune","23:15, 17 August 2014","09:01, 16 August 2014",8/16/2014 09:01:53,8/17/2014 23:15:38,137625600,2,"South Dakota",3,"Republican",2005,"Republican Conference Chair","Ranking - Commerce",200924,814180,"MW",,24,,1,1,,,1,
"John Walsh","20:21, 14 August 2014","12:04, 14 August 2014",8/14/2014 12:03:59,8/14/2014 20:22:03,29884416,2,"Montana",2,"Democratic",2014,,,34029,989415,"W",,24,,0,0,,,3,
"Johnny Isakson","18:23, 16 August 2014","23:26, 14 August 2014",8/14/2014 23:25:33,8/16/2014 18:23:18,154664960,2,"Georgia",3,"Republican",2005,,,173732,9687653,"S",,21,,0,1,,,3,
"Jon Tester","15:33, 17 August 2014","09:03, 16 August 2014",8/16/2014 09:04:04,8/17/2014 15:32:31,109707264,2,"Montana",1,"Democratic",2007,,,164250,989415,"W",,14,,0,0,,,3,
"Kay Hagan","16:01, 11 September 2014","07:38, 15 August 2014",8/15/2014 07:37:04,9/11/2014 16:02:01,2363097088,2,"North Carolina",2,"Democratic",2009,,,209877,9535483,"S",,23,,0,0,,,1,
"Kelly Ayotte","NO","10:27, 13 August 2014",8/13/2014 10:26:04,,,2,"New Hampshire",3,"Republican",2011,,,196871,1316470,"NE",,22,,0,1,,,3,
"Kirsten Gillibrand","19:34, 7 September 2014","10:13, 15 August 2014",8/15/2014 10:12:10,9/7/2014 19:33:18,2020868096,2,"New York",1,"Democratic",2009,,,274110,19378102,"NE",,16,,0,0,,,1,
"Lamar Alexander","NO","14:17, 14 August 2014",8/14/2014 14:17:14,,,2,"Tennessee",2,"Republican",2003,,"Ranking - Health, Education, Labor & Pensions",322481,6346105,"S",,7,,1,1,,,1,
"Lindsey Graham","NO","10:24, 13 August 2014",8/13/2014 10:23:53,,,2,"South Carolina",2,"Republican",2003,,,212097,4625364,"S",,25,,0,1,,,1,
"Lisa Murkowski","18:33, 16 August 2014","09:21, 16 August 2014",8/16/2014 09:21:32,8/16/2014 18:32:02,33030144,2,"Alaska",3,"Republican",2002,,"Ranking - Energy & Natural Resources",272033,710231,"W",,17,,1,1,,,1,
"Marco Rubio","NO","09:05, 16 August 2014",8/16/2014 09:04:04,,,2,"Florida",3,"Republican",2011,,,263040,18801310,"S",,6,,0,1,,,1,
"Maria Cantwell","NO","19:15, 13 August 2014",8/13/2014 19:14:43,,,2,"Washington",1,"Democratic",2001,,"Chair - Small Business & Entrepreneurship",218204,6724540,"W",,10,,1,0,,,1,
"Mark Begich","14:38, 15 August 2014","14:20, 15 August 2014",8/15/2014 14:19:02,8/15/2014 14:38:41,1179648,2,"Alaska",2,"Democratic",2009,,,193183,710231,"W",,6,,0,0,,,3,
"Mark Kirk","NO","14:03, 14 August 2014",8/14/2014 14:01:56,,,2,"Illinois",3,"Republican",2010,,,218416,12830632,"MW",,16,,0,1,,,3,
"Mark Pryor","NO","16:10, 16 August 2014",8/16/2014 16:10:03,,,2,"Arkansas",2,"Democratic",2003,,,177736,2915918,"S",,19,,0,0,,,3,
"Mark Udall","16:20, 14 August 2014","09:00, 14 August 2014",8/14/2014 09:00:29,8/14/2014 16:19:34,26345472,2,"Colorado",2,"Democratic",2009,,,147441,5029196,"W",,1,,0,0,,,1,
"Mark Warner","NO","23:30, 14 August 2014",8/14/2014 23:29:55,,,2,"Virginia",2,"Democratic",2009,,,246922,8001024,"S",,23,,0,0,,,1,
"Martin Heinrich","NO","13:36, 16 August 2014",8/16/2014 13:34:57,,,2,"New Mexico",1,"Democratic",2013,,,167735,2059179,"W",,4,,0,0,,,1,
"Mary Landrieu","08:07, 15 August 2014","23:35, 14 August 2014",8/14/2014 23:34:17,8/15/2014 08:07:39,30801920,2,"Louisiana",2,"Democratic",1997,,"Chair - Natural Resources",285584,4533372,"S",,2,,1,0,,,1,
"Mazie Hirono","NO","09:22, 14 August 2014",8/14/2014 09:22:19,,,2,"Hawaii",1,"Democratic",2013,,,183788,1360301,"W",,15,,0,0,,,1,
"Michael Bennet","NO","10:43, 13 August 2014",8/13/2014 10:43:32,,,2,"Colorado",3,"Democratic",2009,"DSCC Chair",,172632,5029196,"W",,14,,1,0,,,1,
"Mike Crapo","NO","07:40, 15 August 2014",8/15/2014 07:39:15,,,2,"Idaho",3,"Republican",1999,,"Ranking - Banking, Housing, & Urban Affairs",166313,1567582,"W",,4,,1,1,,,1,
"Mike Enzi","NO","13:31, 16 August 2014",8/16/2014 13:30:34,,,2,"Wyoming",2,"Republican",1997,,,160159,563626,"W",,23,,0,1,,,3,
"Mike Johanns","NO","14:29, 14 August 2014",8/14/2014 14:28:09,,,2,"Nebraska",2,"Republican",2009,,,231398,1826341,"MW",,10,,0,1,,,3,
"Mike Lee","NO","21:23, 16 August 2014",8/16/2014 21:22:26,,,2,"Utah",3,"Republican",2011,,,31298,2763885,"W",,14,,0,1,,,3,
"Mitch McConnell","15:08, 14 August 2014","19:27, 13 August 2014",8/13/2014 19:27:50,8/14/2014 15:07:29,70778880,2,"Kentucky",2,"Republican",1985,"Minority Leader",,282892,4339367,"S",,18,,1,1,,,3,
"Orrin Hatch","NO","13:38, 16 August 2014",8/16/2014 13:37:08,,,2,"Utah",1,"Republican",1977,,"Ranking - Finance",279203,2763885,"W",,25,,1,1,,,3,
"Pat Roberts","13:38, 15 August 2014","15:05, 13 August 2014",8/13/2014 15:05:41,8/15/2014 13:37:31,167510016,2,"Kansas",2,"Republican",1997,,,154240,2853118,"MW",,10,,0,1,,,1,
"Pat Toomey","NO","14:53, 13 August 2014",8/13/2014 14:52:35,,,2,"Pennsylvania",3,"Republican",2011,,,224815,12702379,"NE",,18,,0,1,,,1,
"Patrick Leahy","NO","10:24, 15 August 2014",8/15/2014 10:23:06,,,2,"Vermont",3,"Democratic",1975,"President Pro Tempore","Chair - Judiciary",218555,625741,"NE",,9,,1,0,,,1,
"Patty Murray","NO","13:40, 16 August 2014",8/16/2014 13:39:19,,,2,"Washington",3,"Democratic",1993,"Democratic Conference Secretary","Chair - Budget",199702,6724540,"W",,13,,1,0,,,3,
"Rand Paul","NO","14:24, 15 August 2014",8/15/2014 14:23:24,,,2,"Kentucky",3,"Republican",2011,,,385218,4339367,"S",,13,,0,1,,,1,
"Richard Blumenthal","NO","21:18, 16 August 2014",8/16/2014 21:18:04,,,2,"Connecticut",3,"Democratic",2011,,,302412,3574097,"NE",,20,,0,0,,,1,
"Richard Burr","19:13, 16 August 2014","20:05, 15 August 2014",8/15/2014 20:04:11,8/16/2014 19:13:33,83361792,2,"North Carolina",3,"Republican",2005,,"Ranking - Veterans' Affairs",213365,9535483,"S",,17,,1,1,,,1,
"Richard Shelby","18:12, 26 October 2014","14:25, 15 August 2014",8/15/2014 14:25:35,10/26/2014 18:12:54,6234439680,2,"Alabama",3,"Republican",1987,,"Ranking - Appropriations",209610,4779736,"S",,8,,1,1,,,1,
"Rob Portman","NO","09:26, 16 August 2014",8/16/2014 09:25:54,,,2,"Ohio",3,"Republican",2011,,,396029,11536504,"MW",,18,,0,1,,,1,
"Roger Wicker","NO","19:59, 15 August 2014",8/15/2014 19:59:49,,,2,"Mississippi",1,"Republican",2007,,,138774,2967297,"S",,12,,0,1,,,1,
"Ron Johnson","13:07, 14 August 2014","11:57, 14 August 2014",8/14/2014 11:57:25,8/14/2014 13:07:20,4194304,2,"Wisconsin",3,"Republican",2011,,,30687,5686986,"MW",,12,,0,1,,,1,
"Ron Wyden","NO","14:32, 14 August 2014",8/14/2014 14:32:32,,,2,"Oregon",3,"Democratic",1996,,"Chair - Finance",252810,3831074,"W",,7,,1,0,,,1,
"Roy Blunt","13:33, 13 August 2014","08:54, 13 August 2014",8/13/2014 08:54:19,8/13/2014 13:33:56,16777216,2,"Missouri",3,"Republican",2011,"Republican Conference Vice Chair",,191135,5988927,"MW",,15,,1,1,,,1,
"Saxby Chambliss","NO","09:02, 14 August 2014",8/14/2014 09:02:40,,,2,"Georgia",2,"Republican",2003,,"Ranking - Intelligence",193829,9687653,"S",,15,,1,1,,,3,
"Sheldon Whitehouse","NO","11:47, 14 August 2014",8/14/2014 11:46:30,,,2,"Rhode Island",1,"Democratic",2007,,,163700,1052567,"NE",,7,,0,0,,,3,
"Sherrod Brown","NO","20:24, 15 August 2014",8/15/2014 20:23:51,,,2,"Ohio",1,"Democratic",2007,,,229033,11536504,"MW",,20,,0,0,,,3,
"Susan Collins","NO","12:01, 14 August 2014",8/14/2014 12:01:48,,,2,"Maine",2,"Republican",1997,,,262550,1328361,"NE",,1,,0,1,,,1,
"Tammy Baldwin","03:28, 17 August 2014","16:02, 16 August 2014",8/16/2014 16:01:18,8/17/2014 03:27:15,41156608,2,"Wisconsin",1,"Democratic",2013,,,219047,5686986,"MW",,8,,0,0,,,3,
"Ted Cruz","15:50, 13 August 2014","14:58, 13 August 2014",8/13/2014 14:56:57,8/13/2014 15:49:23,3145728,2,"Texas",1,"Republican",2013,,,352005,25145561,"S",,3,,0,1,,,3,
"Thad Cochran","NO","19:37, 13 August 2014",8/13/2014 19:36:34,,,2,"Mississippi",2,"Republican",1978,,"Ranking - Agriculture, Nutrition, & Forestry",191442,2967297,"S",,9,,1,1,,,1,
"Tim Johnson","NO","14:27, 15 August 2014",8/15/2014 14:27:46,,,2,"South Dakota",2,"Democratic",1997,,"Chair - Banking, Housing, & Urban Affairs",30392,814180,"MW",,8,,1,0,,,1,
"Tim Kaine","16:15, 14 August 2014","11:43, 14 August 2014",8/14/2014 11:42:08,8/14/2014 16:15:12,16384000,2,"Virginia",1,"Democratic",2013,,,276726,8001024,"S",,22,,0,0,,,3,
"Tim Scott","NO","09:00, 13 August 2014",8/13/2014 09:00:52,,,2,"South Carolina",3,"Republican",2013,,,212444,4625364,"S",,2,,0,1,,,1,
"Tom Carper","NO","10:29, 13 August 2014",8/13/2014 10:28:15,,,2,"Delaware",1,"Democratic",2001,,"Chair - Homeland Security & Governmental Affairs",218073,897934,"S",,11,,1,0,,,1,
"Tom Coburn","09:53, 28 August 2014","21:28, 16 August 2014",8/16/2014 21:28:59,8/28/2014 09:53:58,995098624,2,"Oklahoma",3,"Republican",2005,,"Ranking - Homeland Security",337029,3751351,"S",,1,,1,1,,,3,
"Tom Harkin","NO","13:42, 16 August 2014",8/16/2014 13:41:30,,,2,"Iowa",2,"Democratic",1985,,"Chair - Health, Education, Labor & Pensions",284160,3046355,"MW",,20,,1,0,,,3,
"Tom Udall","NO","11:50, 14 August 2014",8/14/2014 11:50:52,,,2,"New Mexico",2,"Democratic",2009,,,135487,2059179,"W",,16,,0,0,,,1,
"Al D'Amato","NO","11:08, 5 October 2014",10/5/2014 11:08:37,,,3,"New York",,"Republican",,,,,,,,,,,1,"1981-1999",1,1,
"Al Gore","NO","15:32, 10 October 2014",10/10/2014 15:30:59,,,3,"Tennessee",,"Democratic",,,,,,,,,,,0,"1985-1993",1,1,
"Alan Cranston","NO","15:41, 10 October 2014",10/10/2014 15:41:54,,,3,"California",,"Democratic",,,,,,,,,,,0,"1969-1993",0,3,
"Alan J. Dixon","NO","09:15, 10 October 2014",10/10/2014 09:15:14,,,3,"Illinois",,"Democratic",,,,,,,,,,,0,"1981-1993",0,3,
"Alan K. Simpson","NO","14:21, 3 October 2014",10/3/2014 14:21:38,,,3,"Wyoming",,"Republican",,,,,,,,,,,1,"1979-1997",1,3,
"Albert Gore Sr.","09:39, 13 October 2014","08:34, 12 October 2014",10/12/2014 08:32:57,10/13/2014 09:38:05,90308608,3,"Tennessee",,"Democratic",,,,,,,,,,,0,"1953-1971",0,1,
"Arlen Specter","NO","21:01, 7 October 2014",10/7/2014 21:02:01,,,3,"Pennsylvania",,"Republican, Democratic",,,,,,,,,,,0,"1981-2011",0,1,
"Barry Goldwater Sr.","NO","17:22, 3 October 2014",10/3/2014 17:22:57,,,3,"Arizona",,"Republican",,,,,,,,,,,1,"1953-1965, 1969-1987",0,1,
"Ben Nighthorse Campbell","NO","18:04, 6 October 2014",10/6/2014 18:03:17,,,3,"Colorado",,"Democratic,_Republican",,,,,,,,,,,0,"1993-2005",1,3,
"Bennett Johnston","NO","07:50, 9 October 2014",10/9/2014 07:50:26,,,3,"Louisiana",,"Democratic",,,,,,,,,,,0,"1972-1997",1,1,
"Berkeley L. Bunker","NO","09:21, 6 October 2014",10/6/2014 09:21:11,,,3,"Nevada",,"Democratic",,,,,,,,,,,0,"1940-1942",0,3,
"Bill Bradley","NO","09:14, 6 October 2014",10/6/2014 09:14:37,,,3,"New Jersey",,"Democratic",,,,,,,,,,,0,"1979-1997",1,3,
"Bill Brock","NO","09:21, 14 October 2014",10/14/2014 09:20:13,,,3,"Tennessee",,"Republican",,,,,,,,,,,1,"1971-1977",1,3,
"Bill Frist","NO","19:28, 8 October 2014",10/8/2014 19:27:42,,,3,"Tennessee",,"Republican",,,,,,,,,,,1,"1995-2007",1,1,
"Bob Graham","NO","19:29, 8 October 2014",10/8/2014 19:29:53,,,3,"Florida",,"Democratic",,,,,,,,,,,0,"1987-2005",1,1,
"Bob Kerrey","19:21, 3 October 2014","17:19, 3 October 2014",10/3/2014 17:18:35,10/3/2014 19:20:55,7340032,3,"Nebraska",,"Democratic",,,,,,,,,,,0,"1989-2001",1,1,
"Bob Krueger","09:41, 13 October 2014","08:25, 12 October 2014",10/12/2014 08:24:13,10/13/2014 09:40:17,90963968,3,"Texas",,"Democratic",,,,,,,,,,,0,"1993",1,3,
"Bob Packwood","NO","08:30, 7 October 2014",10/7/2014 08:30:32,,,3,"Oregon",,"Republican",,,,,,,,,,,1,"1969-1995",1,3,
"Brock Adams","NO","21:53, 8 October 2014",10/8/2014 21:54:03,,,3,"Washington",,"Democratic",,,,,,,,,,,0,"1987-1993",0,3,
"Carl Curtis","NO","07:44, 9 October 2014",10/9/2014 07:43:53,,,3,"Nebraska",,"Republican",,,,,,,,,,,1,"1955-1979",0,3,
"Carol Moseley-Braun","NO","20:28, 13 October 2014",10/13/2014 20:29:05,,,3,"Illinois",,"Democratic",,,,,,,,,,,0,"1993-1999",1,1,
"Charles H. Percy","NO","11:15, 14 October 2014",10/14/2014 11:16:00,,,3,"Illinois",,"Republican",,,,,,,,,,,1,"1967-1985",0,1,
"Chic Hecht","NO","11:45, 12 October 2014",10/12/2014 11:45:11,,,3,"Nevada",,"Republican",,,,,,,,,,,1,"1983-1989",0,3,
"Claiborne Pell","NO","20:28, 12 October 2014",10/12/2014 20:27:17,,,3,"Rhode Island",,"Democratic",,,,,,,,,,,0,"1961-1997",0,1,
"Clifford Hansen","NO","13:36, 13 October 2014",10/13/2014 13:36:12,,,3,"Wyoming",,"Republican",,,,,,,,,,,1,"1967-1978",0,1,
"Connie Mack III","12:35, 10 November 2014","19:25, 8 October 2014",10/8/2014 19:25:31,11/10/2014 12:34:58,2826567680,3,"Florida",,"Republican",,,,,,,,,,,1,"1989-2001",1,3,
"Craig L. Thomas","NO","19:13, 13 October 2014",10/13/2014 19:12:37,,,3,"Wyoming",,"Republican",,,,,,,,,,,1,"1995-2007",0,1,
"Dale Bumpers","09:42, 13 October 2014","21:59, 10 October 2014",10/10/2014 21:59:50,10/13/2014 09:42:28,214958080,3,"Arkansas",,"Democratic",,,,,,,,,,,0,"1975-1999",1,1,
"Dan Quayle","NO","20:22, 13 October 2014",10/13/2014 20:22:32,,,3,"Indiana",,"Republican",,,,,,,,,,,1,"1981-1989",1,1,
"Daniel Brewster","NO","15:34, 10 October 2014",10/10/2014 15:33:10,,,3,"Maryland",,"Democratic",,,,,,,,,,,0,"1963-1969",0,1,
"Daniel Inouye","NO","20:24, 13 October 2014",10/13/2014 20:24:43,,,3,"Hawaii",,"Democratic",,,,,,,,,,,0,"1963-2012",0,3,
"David Durenberger","12:34, 10 November 2014","08:20, 12 October 2014",10/12/2014 08:19:50,11/10/2014 12:34:58,2520907776,3,"Minnesota",,"Republican",,,,,,,,,,,1,"1978-1995",1,3,
"David L. Boren","NO","19:29, 10 October 2014",10/10/2014 19:29:06,,,3,"Oklahoma",,"Democratic",,,,,,,,,,,0,"1979-1994",1,3,
"Dick Clark","NO","14:17, 3 October 2014",10/3/2014 14:17:16,,,3,"Iowa",,"Democratic",,,,,,,,,,,0,"1973-1979",1,3,
"Don Nickles","NO","11:47, 12 October 2014",10/12/2014 11:47:22,,,3,"Oklahoma",,"Republican",,,,,,,,,,,1,"1981-2005",1,1,
"Donald S. Russell","13:11, 10 November 2014","11:13, 14 October 2014",10/14/2014 11:13:49,11/10/2014 13:09:55,2339766272,3,"South Carolina",,"Democratic",,,,,,,,,,,0,"1965-1966",0,3,
"Donald W. Riegle, Jr.","NO","20:27, 12 October 2014",10/12/2014 20:27:17,,,3,"Michigan",,"Democratic",,,,,,,,,,,0,"1976-1995",1,3,
"Edmund Muskie","NO","09:19, 14 October 2014",10/14/2014 09:18:02,,,3,"Maine",,"Democratic",,,,,,,,,,,0,"1959-1980",0,3,
"Edward Brooke","NO","22:16, 9 October 2014",10/9/2014 22:15:31,,,3,"Massachusetts",,"Republican",,,,,,,,,,,1,"1967-1979",1,1,
"Edward Gurney","NO","19:31, 8 October 2014",10/8/2014 19:32:04,,,3,"Florida",,"Republican",,,,,,,,,,,1,"1969-1974",0,3,
"Edwin L. Mechem","NO","08:24, 7 October 2014",10/7/2014 08:23:59,,,3,"New Mexico",,"Republican",,,,,,,,,,,1,"1962-1964",0,1,
"Eugene McCarthy","NO","09:27, 5 October 2014",10/5/2014 09:25:56,,,3,"Minnesota",,"Democratic-Farmer-Labor",,,,,,,,,,,0,"1959-1971",0,1,
"Frank Lausche","NO","15:43, 10 October 2014",10/10/2014 15:41:54,,,3,"Ohio",,"Democratic",,,,,,,,,,,0,"1957-1969",0,1,
"Frank Lautenberg","NO","09:13, 6 October 2014",10/6/2014 09:12:26,,,3,"New Jersey",,"Democratic",,,,,,,,,,,0,"1982-2001, 2003-2013",0,1,
"Fred Thompson","NO","14:46, 9 October 2014",10/9/2014 14:45:30,,,3,"Tennessee",,"Republican",,,,,,,,,,,1,"1994-2003",1,1,
"George J. Mitchell","NO","19:36, 8 October 2014",10/8/2014 19:36:26,,,3,"Maine",,"Democratic",,,,,,,,,,,0,"1980-1995",1,1,
"George Murphy","NO","21:14, 7 October 2014",10/7/2014 21:12:57,,,3,"California",,"Republican",,,,,,,,,,,1,"1965-1971",0,1,
"George Smathers","11:50, 5 October 2014","11:15, 5 October 2014",10/5/2014 11:15:10,10/5/2014 11:50:07,2097152,3,"Florida",,"Democratic",,,,,,,,,,,0,"1951-1969",0,3,
"Gordon H. Smith","NO","07:42, 9 October 2014",10/9/2014 07:41:42,,,3,"Oregon",,"Republican",,,,,,,,,,,1,"1997-2009",1,1,
"Gordon J. Humphrey","NO","09:09, 7 October 2014",10/7/2014 09:09:52,,,3,"New Hampshire",,"Republican",,,,,,,,,,,1,"1979-1990",1,1,
"H. John Heinz III","NO","21:08, 5 October 2014",10/5/2014 21:07:10,,,3,"Pennsylvania",,"Republican",,,,,,,,,,,1,"1977-1991",0,3,
"Harold Hughes","12:35, 10 November 2014","07:39, 9 October 2014",10/9/2014 07:39:31,11/10/2014 12:34:58,2782527488,3,"Iowa",,"Democratic",,,,,,,,,,,0,"1969-1975",0,3,
"Harris Wofford","NO","21:01, 5 October 2014",10/5/2014 21:00:37,,,3,"Pennsylvania",,"Democratic",,,,,,,,,,,0,"1991-1995",1,1,
"Harrison A. Williams","NO","18:02, 6 October 2014",10/6/2014 18:01:06,,,3,"New Jersey",,"Democratic",,,,,,,,,,,0,"1959-1982",0,3,
"Harrison Schmitt","NO","09:16, 6 October 2014",10/6/2014 09:16:49,,,3,"New Mexico",,"Republican",,,,,,,,,,,1,"1977-1983",1,1,
"Harry F. Byrd, Jr.","NO","18:00, 6 October 2014",10/6/2014 17:58:55,,,3,"Virginia",,"Democratic, Independent",,,,,,,,,,,0,"1965-1983",0,3,
"Henry Bellmon","09:37, 13 October 2014","19:33, 8 October 2014",10/8/2014 19:32:04,10/13/2014 09:35:54,396230656,3,"Oklahoma",,"Republican",,,,,,,,,,,1,"1969-1981",0,1,
"Herman Talmadge","NO","19:15, 13 October 2014",10/13/2014 19:14:48,,,3,"Georgia",,"Democratic",,,,,,,,,,,0,"1957-1981",0,1,
"Hiram Fong","NO","15:36, 10 October 2014",10/10/2014 15:35:21,,,3,"Hawaii",,"Republican",,,,,,,,,,,1,"1959-1977",0,3,
"Howard Cannon","NO","20:08, 6 October 2014",10/6/2014 20:07:48,,,3,"Nevada",,"Democratic",,,,,,,,,,,0,"1959-1983",0,3,
"Howard Metzenbaum","NO","09:08, 14 October 2014",10/14/2014 09:07:07,,,3,"Ohio",,"Democratic",,,,,,,,,,,0,"1974, 1976-1995",0,3,
"Howell Heflin","NO","09:36, 5 October 2014",10/5/2014 09:36:52,,,3,"Alabama",,"Democratic",,,,,,,,,,,0,"1979-1997",0,1,
"Hugh Mitchell","NO","08:32, 12 October 2014",10/12/2014 08:32:57,,,3,"Washington",,"Democratic",,,,,,,,,,,0,"1945-1946",0,1,
"Hugh Scott","NO","17:16, 7 October 2014",10/7/2014 17:17:01,,,3,"Pennsylvania",,"Republican",,,,,,,,,,,1,"1959-1977",0,3,
"J. James Exon","NO","13:45, 13 October 2014",10/13/2014 13:44:57,,,3,"Nebraska",,"Democratic",,,,,,,,,,,0,"1979-1997",0,3,
"J. William Fulbright","NO","09:32, 5 October 2014",10/5/2014 09:32:30,,,3,"Arkansas",,"Democratic",,,,,,,,,,,0,"1945-1974",0,3,
"Jack Miller","NO","11:42, 12 October 2014",10/12/2014 11:43:00,,,3,"Iowa",,"Republican",,,,,,,,,,,1,"1961-1973",0,1,
"Jake Garn","NO","20:30, 12 October 2014",10/12/2014 20:29:28,,,3,"Utah",,"Republican",,,,,,,,,,,1,"1974-1993",1,3,
"James A. McClure","12:32, 10 November 2014","14:11, 3 October 2014",10/3/2014 14:10:43,11/10/2014 12:32:47,3277324288,3,"Idaho",,"Republican",,,,,,,,,,,1,"1973-1991",0,3,
"James Abdnor","NO","08:33, 8 October 2014",10/8/2014 08:32:20,,,3,"South Dakota",,"Republican",,,,,,,,,,,1,"1981-1987",0,1,
"James Abourezk","NO","17:01, 12 October 2014",10/12/2014 17:01:57,,,3,"South Dakota",,"Democratic",,,,,,,,,,,0,"1973-1979",1,1,
"James B. Pearson","NO","13:50, 8 October 2014",10/8/2014 13:49:05,,,3,"Kansas",,"Republican",,,,,,,,,,,1,"1962-1978",0,1,
"James L. Buckley","NO","15:36, 14 October 2014",10/14/2014 15:35:58,,,3,"New York",,"Conservative",,,,,,,,,,,0,"1971-1977",1,3,
"Jeremiah Denton","NO","19:14, 5 October 2014",10/5/2014 19:13:35,,,3,"Alabama",,"Republican",,,,,,,,,,,1,"1981-1987",0,1,
"Jesse Helms","13:12, 5 October 2014","11:01, 5 October 2014",10/5/2014 11:02:04,10/5/2014 13:10:57,7733248,3,"North Carolina",,"Republican",,,,,,,,,,,1,"1973-2003",0,1,
"John A. Durkin","NO","17:14, 7 October 2014",10/7/2014 17:14:50,,,3,"New Hampshire",,"Democratic",,,,,,,,,,,0,"1975-1980",0,3,
"John Ashcroft","NO","14:26, 3 October 2014",10/3/2014 14:26:00,,,3,"Missouri",,"Republican",,,,,,,,,,,1,"1995-2001",1,3,
"John Breaux","NO","19:32, 10 October 2014",10/10/2014 19:31:17,,,3,"Louisiana",,"Democratic",,,,,,,,,,,0,"1987-2005",1,1,
"John C. Stennis","NO","09:16, 14 October 2014",10/14/2014 09:15:51,,,3,"Mississippi",,"Democratic",,,,,,,,,,,0,"1947-1989",0,1,
"John Chafee","NO","21:56, 8 October 2014",10/8/2014 21:56:14,,,3,"Rhode Island",,"Republican",,,,,,,,,,,1,"1976-1999",0,1,
"John Danforth","12:30, 10 November 2014","22:12, 9 October 2014",10/9/2014 22:11:08,11/10/2014 12:30:36,2729967616,3,"Missouri",,"Republican",,,,,,,,,,,1,"1976-1995",1,3,
"John Edwards","NO","09:34, 5 October 2014",10/5/2014 09:34:41,,,3,"North Carolina",,"Democratic",,,,,,,,,,,0,"1999-2005",1,3,
"John F. Seymour","NO","23:03, 14 October 2014",10/14/2014 23:03:47,,,3,"California",,"Republican",,,,,,,,,,,1,"1991-1992",1,1,
"John G. Beall Jr.","NO","14:14, 3 October 2014",10/3/2014 14:15:05,,,3,"Maryland",,"Republican",,,,,,,,,,,1,"1971-1977",0,1,
"John S. Cooper","NO","23:05, 14 October 2014",10/14/2014 23:05:59,,,3,"Kentucky",,"Republican",,,,,,,,,,,1,"1946-1949, 1952-1955, 1956-1973",0,1,
"John Tower","NO","11:10, 5 October 2014",10/5/2014 11:10:48,,,3,"Texas",,"Republican",,,,,,,,,,,1,"1961-1985",0,3,
"Joseph H. Ball","NO","22:59, 14 October 2014",10/14/2014 22:59:25,,,3,"Minnesota",,"Republican",,,,,,,,,,,1,"1940-1942, 1943-1949",0,1,
"Joseph S. Clark Jr.","NO","14:23, 3 October 2014",10/3/2014 14:23:49,,,3,"Pennsylvania",,"Democratic",,,,,,,,,,,0,"1957-1969",0,1,
"Joseph Tydings","NO","21:05, 5 October 2014",10/5/2014 21:04:59,,,3,"Maryland",,"Democratic",,,,,,,,,,,0,"1965-1971",1,1,
"Larry Craig","NO","09:40, 5 October 2014",10/5/2014 09:39:03,,,3,"Idaho",,"Republican",,,,,,,,,,,1,"1991-2009",1,3,
"Larry Pressler","23:49, 8 October 2014","10:06, 6 October 2014",10/6/2014 10:07:03,10/8/2014 23:49:50,222167040,3,"South Dakota",,"Republican",,,,,,,,,,,1,"1979-1997",1,1,
"Lauch Faircloth","12:22, 10 November 2014","14:20, 3 October 2014",10/3/2014 14:19:27,11/10/2014 12:21:52,3276144640,3,"North Carolina",,"Republican",,,,,,,,,,,1,"1993-1999",1,3,
"Lawton Chiles","NO","15:32, 9 October 2014",10/9/2014 15:31:22,,,3,"Florida",,"Democratic",,,,,,,,,,,0,"1971-1989",0,3,
"Lincoln Chafee","NO","17:10, 7 October 2014",10/7/2014 17:10:28,,,3,"Rhode Island",,"Republican",,,,,,,,,,,1,"1999-2007",1,3,
"Lowell P. Weicker, Jr.","NO","19:10, 5 October 2014",10/5/2014 19:09:13,,,3,"Connecticut",,"Republican",,,,,,,,,,,1,"1971-1989",1,1,
"Mack Mattingly","NO","11:03, 5 October 2014",10/5/2014 11:02:04,,,3,"Georgia",,"Republican",,,,,,,,,,,1,"1981-1987",1,3,
"Malcolm Wallop","12:30, 10 November 2014","23:01, 14 October 2014",10/14/2014 23:01:36,11/10/2014 12:30:36,2294939648,3,"Wyoming",,"Republican",,,,,,,,,,,1,"1977-1995",0,1,
"Mark Hatfield","NO","19:34, 10 October 2014",10/10/2014 19:33:28,,,3,"Oregon",,"Republican",,,,,,,,,,,1,"1967-1997",0,3,
"Marlow Cook","NO","20:55, 7 October 2014",10/7/2014 20:55:28,,,3,"Kentucky",,"Republican",,,,,,,,,,,1,"1968-1974",1,3,
"Maurice J. Murphy Jr.","12:20, 10 November 2014","17:21, 7 October 2014",10/7/2014 17:21:23,11/10/2014 12:19:41,2919497728,3,"New Hampshire",,"Republican",,,,,,,,,,,1,"1961-1962",0,3,
"Maurine B. Neuberger","NO","19:20, 13 October 2014",10/13/2014 19:19:11,,,3,"Oregon",,"Democratic",,,,,,,,,,,0,"1960-1967",0,1,
"Max Cleland","NO","11:17, 14 October 2014",10/14/2014 11:16:00,,,3,"Georgia",,"Democratic",,,,,,,,,,,0,"1997-2003",1,1,
"Mel Martinez","NO","20:34, 12 October 2014",10/12/2014 20:33:51,,,3,"Florida",,"Republican",,,,,,,,,,,1,"2005-2009",1,3,
"Mike DeWine","NO","08:27, 12 October 2014",10/12/2014 08:26:24,,,3,"Ohio",,"Republican",,,,,,,,,,,1,"1995-2007",1,1,
"Mike Gravel","NO","15:40, 10 October 2014",10/10/2014 15:39:43,,,3,"Alaska",,"Democratic",,,,,,,,,,,0,"1969-1981",1,1,
"Muriel Humphrey Brown","NO","19:08, 5 October 2014",10/5/2014 19:07:02,,,3,"Minnesota",,"Democratic",,,,,,,,,,,0,"1978",0,3,
"Nicholas F. Brady","NO","19:35, 8 October 2014",10/8/2014 19:34:15,,,3,"New Jersey",,"Republican",,,,,,,,,,,1,"1982",1,3,
"Paul G. Hatfield","NO","17:02, 12 October 2014",10/12/2014 17:01:57,,,3,"Montana",,"Democratic",,,,,,,,,,,0,"1978",0,1,
"Paul Laxalt","NO","15:30, 9 October 2014",10/9/2014 15:29:11,,,3,"Nevada",,"Republican",,,,,,,,,,,1,"1974-1987",1,3,
"Paul S. Trible, Jr.","09:32, 13 October 2014","08:43, 13 October 2014",10/13/2014 08:43:29,10/13/2014 09:31:32,2883584,3,"Virginia",,"Republican",,,,,,,,,,,1,"1983-1989",1,1,
"Paul Sarbanes","NO","13:52, 8 October 2014",10/8/2014 13:51:16,,,3,"Maryland",,"Democratic",,,,,,,,,,,0,"1977-2007",1,3,
"Paul Simon","NO","09:29, 5 October 2014",10/5/2014 09:28:07,,,3,"Illinois",,"Democratic",,,,,,,,,,,0,"1985-1997",0,3,
"Paul Tsongas","NO","17:18, 7 October 2014",10/7/2014 17:17:01,,,3,"Massachusetts",,"Democratic",,,,,,,,,,,0,"1979-1985",0,1,
"Paula Hawkins","NO","09:11, 6 October 2014",10/6/2014 09:10:15,,,3,"Florida",,"Republican",,,,,,,,,,,1,"1981-1987",0,1,
"Pete Domenici","NO","20:11, 6 October 2014",10/6/2014 20:09:59,,,3,"New Mexico",,"Republican",,,,,,,,,,,1,"1973-2009",1,1,
"Peter G. Fitzgerald","NO","19:17, 13 October 2014",10/13/2014 19:17:00,,,3,"Illinois",,"Republican",,,,,,,,,,,1,"1999-2005",1,3,
"Pierre Salinger","NO","09:38, 5 October 2014",10/5/2014 09:39:03,,,3,"California",,"Democratic",,,,,,,,,,,0,"1964",0,3,
"Quentin N. Burdick","NO","08:36, 13 October 2014",10/13/2014 08:36:55,,,3,"North Dakota",,"Democratic",,,,,,,,,,,0,"1960-1992",0,3,
"Ralph Yarborough","NO","08:48, 13 October 2014",10/13/2014 08:47:51,,,3,"Texas",,"Democratic",,,,,,,,,,,0,"1957-1971",0,1,
"Richard Bryan","NO","14:43, 9 October 2014",10/9/2014 14:43:19,,,3,"Nevada",,"Democratic",,,,,,,,,,,0,"1989-2001",1,3,
"Richard Stone","NO","14:40, 9 October 2014",10/9/2014 14:38:57,,,3,"Florida",,"Democratic",,,,,,,,,,,0,"1975-1981",1,3,
"Rick Santorum","NO","08:46, 13 October 2014",10/13/2014 08:45:40,,,3,"Pennsylvania",,"Republican",,,,,,,,,,,1,"1995-2007",1,3,
"Robert Byrd","NO","08:37, 8 October 2014",10/8/2014 08:36:42,,,3,"West Virginia",,"Democratic",,,,,,,,,,,0,"1959-2010",0,1,
"Robert C. Smith","NO","07:36, 9 October 2014",10/9/2014 07:35:09,,,3,"New Hampshire",,"Republican",,,,,,,,,,,1,"1990-2003",1,3,
"Robert Stafford","NO","20:15, 6 October 2014",10/6/2014 20:14:21,,,3,"Vermont",,"Republican",,,,,,,,,,,1,"1971-1989",0,3,
"Robert Torricelli","NO","20:52, 7 October 2014",10/7/2014 20:51:06,,,3,"New Jersey",,"Democratic",,,,,,,,,,,0,"1997-2003",1,3,
"Roger Jepsen","NO","19:30, 10 October 2014",10/10/2014 19:29:06,,,3,"Iowa",,"Republican",,,,,,,,,,,1,"1979-1985",1,1,
"Roman Hruska","NO","11:11, 14 October 2014",10/14/2014 11:11:38,,,3,"Nebraska",,"Republican",,,,,,,,,,,1,"1954-1976",0,3,
"Russell B. Long","NO","15:38, 10 October 2014",10/10/2014 15:37:32,,,3,"Louisiana",,"Democratic",,,,,,,,,,,0,"1948-1987",0,1,
"S. I. Hayakawa","12:21, 10 November 2014","22:00, 8 October 2014",10/8/2014 22:00:37,11/10/2014 12:21:52,2816475136,3,"California",,"Republican",,,,,,,,,,,1,"1977-1983",0,3,
"Sam Nunn","NO","20:32, 12 October 2014",10/12/2014 20:31:40,,,3,"Georgia",,"Democratic",,,,,,,,,,,0,"1972-1997",1,1,
"Sheila Frahm","NO","08:35, 8 October 2014",10/8/2014 08:34:31,,,3,"Kansas",,"Republican",,,,,,,,,,,1,"1996",1,1,
"Steve Symms","09:36, 13 October 2014","20:13, 6 October 2014",10/6/2014 20:12:10,10/13/2014 09:35:54,566624256,3,"Idaho",,"Republican",,,,,,,,,,,1,"1981-1993",1,3,
"Ted Stevens","NO","22:21, 9 October 2014",10/9/2014 22:22:04,,,3,"Alaska",,"Republican",,,,,,,,,,,1,"1968-2009",0,1,
"Terry Sanford","NO","22:18, 9 October 2014",10/9/2014 22:17:42,,,3,"North Carolina",,"Democratic",,,,,,,,,,,0,"1986-1993",0,3,
"Thomas J. McIntyre","NO","21:57, 10 October 2014",10/10/2014 21:57:38,,,3,"New Hampshire",,"Democratic",,,,,,,,,,,0,"1962-1979",0,1,
"Tim Hutchinson","NO","09:18, 14 October 2014",10/14/2014 09:18:02,,,3,"Arkansas",,"Republican",,,,,,,,,,,1,"1997-2003",1,1,
"Tom Daschle","NO","17:12, 7 October 2014",10/7/2014 17:12:39,,,3,"South Dakota",,"Democratic",,,,,,,,,,,0,"1987-2005",1,1,
"Walter Huddleston","NO","11:13, 5 October 2014",10/5/2014 11:12:59,,,3,"Kentucky",,"Democratic",,,,,,,,,,,0,"1973-1985",1,3,
"Walter Mondale","NO","13:49, 7 October 2014",10/7/2014 13:49:29,,,3,"Minnesota",,"Democratic-Farmer-Labor",,,,,,,,,,,0,"1964-1977",1,3,
"Warren Rudman","NO","19:11, 13 October 2014",10/13/2014 19:10:26,,,3,"New Hampshire",,"Republican",,,,,,,,,,,1,"1980-1993",0,1,
"Wayne Allard","NO","09:38, 3 October 2014",10/3/2014 09:37:39,,,3,"Colorado",,"Republican",,,,,,,,,,,1,"1997-2009",1,3,
"Wendell Anderson","NO","09:30, 3 October 2014",10/3/2014 09:28:55,,,3,"Minnesota",,"Democratic-Farmer-Labor",,,,,,,,,,,0,"1977-1978",1,3,
"Wendell H. Ford","NO","20:26, 13 October 2014",10/13/2014 20:26:54,,,3,"Kentucky",,"Democratic",,,,,,,,,,,0,"1974-1999",1,3,
"William B. Saxbe","NO","08:22, 7 October 2014",10/7/2014 08:21:48,,,3,"Ohio",,"Republican",,,,,,,,,,,1,"1969-1974",0,1,
"William Cohen","NO","14:44, 9 October 2014",10/9/2014 14:43:19,,,3,"Maine",,"Republican",,,,,,,,,,,1,"1979-1997",1,3,
"William Hathaway","NO","10:03, 6 October 2014",10/6/2014 10:02:41,,,3,"Maine",,"Democratic",,,,,,,,,,,0,"1973-1979",0,3,
"William L. Scott","NO","19:25, 10 October 2014",10/10/2014 19:24:43,,,3,"Virginia",,"Republican",,,,,,,,,,,1,"1973-1979",0,3,
"William Proxmire","NO","09:18, 6 October 2014",10/6/2014 09:19:00,,,3,"Wisconsin",,"Democratic",,,,,,,,,,,0,"1957-1989",0,1,
"William V. Roth Jr.","NO","17:24, 3 October 2014",10/3/2014 17:22:57,,,3,"Delaware",,"Republican",,,,,,,,,,,1,"1971-2001",0,3,
"Wyche Fowler","NO","15:40, 14 October 2014",10/14/2014 15:40:20,,,3,"Georgia",,"Democratic",,,,,,,,,,,0,"1987-1993",1,1,
"Al Franken","NO","05:06, 31 October 2014",10/31/2014 05:06:42,,,4,"Minnesota",2,"Democratic-Farmer-Labor",2009,,,337187,5303925,"MW",0,17,64,0,0,,,1,87
"Amy Klobuchar","16:31, 6 November 2014","17:31, 30 October 2014",10/30/2014 17:32:01,11/6/2014 16:30:17,601096192,4,"Minnesota",1,"Democratic-Farmer-Labor",2007,,,200691,5303925,"MW",0,19,42,0,0,,,3,42
"Angus King","22:30, 5 November 2014","15:17, 31 October 2014",10/31/2014 15:16:11,11/5/2014 22:28:56,457965568,4,"Maine",1,"Independent",2013,,,192119,1328361,"NE",0,8,84,0,0,,,4,10
"Barbara Boxer","NO","15:10, 31 October 2014",10/31/2014 15:09:38,,,4,"California",3,"Democratic",1993,,"Chair - Environment & Public Works; Ethics",313244,37253956,"W",0,17,80,1,0,,,3,11
"Barbara Mikulski","NO","15:52, 30 October 2014",10/30/2014 15:51:32,,,4,"Maryland",3,"Democratic",1987,,"Chair - Appropriations",300308,5773552,"S",0,19,25,1,0,,,4,74
"Ben Cardin","NO","04:50, 31 October 2014",10/31/2014 04:49:13,,,4,"Maryland",1,"Democratic",2007,,,199700,5773552,"S",0,7,55,0,0,,,3,23
"Bernie Sanders","04:56, 31 October 2014","04:46, 31 October 2014",10/31/2014 04:47:02,10/31/2014 04:55:46,524288,4,"Vermont",1,"Independent (Democratic Socialist)",2007,,"Chair - Veterans' Affairs",250858,625741,"NE",0,2,52,1,0,,,4,80
"Bill Nelson","04:57, 31 October 2014","04:47, 31 October 2014",10/31/2014 04:47:02,10/31/2014 04:57:58,655360,4,"Florida",1,"Democratic",2001,,,264321,18801310,"S",0,22,53,0,0,,,4,67
"Bob Casey, Jr.","16:03, 31 October 2014","15:06, 31 October 2014",10/31/2014 15:05:16,10/31/2014 16:02:03,3407872,4,"Pennsylvania",1,"Democratic",2007,,,249752,12702379,"NE",0,21,78,0,0,,,3,48
"Bob Corker","17:39, 30 October 2014","17:26, 30 October 2014",10/30/2014 17:25:28,10/30/2014 17:38:34,786432,4,"Tennessee",1,"Republican",2007,,"Ranking - Foreign Relations",266068,6346105,"S",0,9,40,1,1,,,4,64
"Bob Menendez","NO","08:27, 30 October 2014",10/30/2014 08:28:04,,,4,"New Jersey",1,"Democratic",2006,,"Chair - Foreign Relations",367853,8791894,"NE",1,24,14,1,0,,,2,83
"Brian Schatz","NO","17:02, 30 October 2014",10/30/2014 17:01:26,,,4,"Hawaii",3,"Democratic",2012,,,147020,1360301,"W",0,15,27,0,0,,,4,68
"Carl Levin","18:23, 30 October 2014","17:01, 30 October 2014",10/30/2014 17:01:26,10/30/2014 18:22:16,4849664,4,"Michigan",2,"Democratic",1979,,"Chair - Armed Forces",281477,9883640,"MW",0,4,26,1,0,,,4,84
"Chris Coons","05:26, 31 October 2014","05:25, 31 October 2014",10/31/2014 05:24:10,10/31/2014 05:26:21,131072,4,"Delaware",2,"Democratic",2010,,,168931,897934,"S",0,4,74,0,0,,,3,9
"Chris Murphy","05:04, 31 October 2014","17:15, 30 October 2014",10/30/2014 17:14:32,10/31/2014 05:04:31,42598400,4,"Connecticut",1,"Democratic",2013,,,26969,3574097,"NE",0,1,34,0,0,,,4,8
"Chuck Grassley","06:36, 7 November 2014","17:18, 30 October 2014",10/30/2014 17:18:54,11/7/2014 06:35:42,652607488,4,"Iowa",3,"Republican",1981,,"Ranking - Judciairy",277833,3046355,"MW",0,11,36,1,1,,,3,28
"Chuck Schumer","04:57, 31 October 2014","15:10, 30 October 2014",10/30/2014 15:10:01,10/31/2014 04:57:58,49676288,4,"New York",3,"Democratic",1999,"DCC Vice Chair & Policy Committee Chair",,368300,19378102,"NE",0,10,6,1,0,,,2,3
"Claire McCaskill","05:27, 31 October 2014","05:18, 31 October 2014",10/31/2014 05:17:37,10/31/2014 05:26:21,524288,4,"Missouri",1,"Democratic",2007,,,185508,5988927,"MW",0,12,71,0,0,,,2,27
"Cory Booker","15:37, 31 October 2014","15:35, 31 October 2014",10/31/2014 15:35:51,10/31/2014 15:38:02,131072,4,"New Jersey",2,"Democratic",2013,,,352603,8791894,"NE",0,11,94,0,0,,,2,75
"Dan Coats","06:48, 7 November 2014","17:43, 30 October 2014",10/30/2014 17:42:56,11/7/2014 06:48:48,651952128,4,"Indiana",3,"Republican",2011,,,157820,6483802,"MW",0,8,46,0,1,,,1,66
"David Vitter","06:40, 7 November 2014","15:32, 31 October 2014",10/31/2014 15:31:28,11/7/2014 06:40:04,572915712,4,"Louisiana",3,"Republican",2005,,"Ranking - Environment and Publics Works",422715,4533372,"S",0,4,92,1,1,,,2,60
"Dean Heller","23:42, 30 October 2014","17:29, 30 October 2014",10/30/2014 17:29:50,10/30/2014 23:41:12,22282240,4,"Nevada",1,"Republican",2011,,,177221,2700551,"W",0,10,41,0,1,,,3,58
"Deb Fischer","21:09, 31 October 2014","04:58, 31 October 2014",10/31/2014 04:57:58,10/31/2014 21:10:05,58327040,4,"Nebraska",1,"Republican",2013,,,139467,1826341,"MW",0,1,59,0,1,,,1,52
"Debbie Stabenow","06:48, 7 November 2014","05:11, 31 October 2014",10/31/2014 05:11:04,11/7/2014 06:48:48,610664448,4,"Michigan",1,"Democratic",2001,,"Chair - Agriculture, Nutrition, & Forestry",290847,9883640,"MW",0,8,66,1,0,,,1,76
"Dianne Feinstein","NO","10:07, 30 October 2014",10/30/2014 10:06:22,,,4,"California",1,"Democratic",1992,,"Chair - Intelligence",298727,37253956,"W",1,24,29,1,0,,,1,73
"Dick Durbin","NO","15:19, 30 October 2014",10/30/2014 15:18:46,,,4,"Illinois",2,"Democratic",1997,"Majority Whip",,277111,12830632,"MW",0,13,10,1,0,,,1,54
"Ed Markey","NO","15:30, 30 October 2014",10/30/2014 15:29:41,,,4,"Massachusetts",2,"Democratic",2013,,,258905,6547629,"NE",0,9,15,0,0,,,1,46
"Elizabeth Warren","20:24, 1 November 2014","21:55, 30 October 2014",10/30/2014 21:54:10,11/1/2014 20:23:48,167378944,4,"Massachusetts",1,"Democratic",2013,,,271980,6547629,"NE",1,24,58,0,0,,,3,22
"Harry Reid","23:10, 30 October 2014","17:50, 30 October 2014",10/30/2014 17:49:29,10/30/2014 23:10:37,19267584,4,"Nevada",3,"Democratic",1987,"Majority Leader",,279208,2700551,"W",0,5,50,1,0,,,1,37
"Heidi Heitkamp","18:11, 30 October 2014","17:44, 30 October 2014",10/30/2014 17:42:56,10/30/2014 18:11:20,1703936,4,"North Dakota",1,"Democratic",2013,,,160521,672591,"MW",0,14,47,0,0,,,4,32
"Jack Reed","06:41, 7 November 2014","15:35, 30 October 2014",10/30/2014 15:34:03,11/7/2014 06:40:04,659161088,4,"Rhode Island",2,"Democratic",1997,,,26686,1052567,"NE",0,4,17,0,0,,,1,38
"Jay Rockefeller","15:29, 31 October 2014","15:24, 31 October 2014",10/31/2014 15:24:55,10/31/2014 15:29:17,262144,4,"West Virginia",2,"Democratic",1985,,"Chair - Commerce, Science & Transporation",246790,1852994,"S",0,18,88,1,0,,,2,44
"Jeanne Shaheen","NO","15:17, 30 October 2014",10/30/2014 15:16:34,,,4,"New Hampshire",2,"Democratic",2009,,,189844,1316470,"NE",0,11,9,0,0,,,3,4
"Jeff Flake","06:44, 7 November 2014","15:40, 30 October 2014",10/30/2014 15:40:36,11/7/2014 06:44:26,659030016,4,"Arizona",1,"Republican",2013,,,191709,6392017,"W",0,12,19,0,1,,,2,63
"Jeff Merkley","06:50, 7 November 2014","04:59, 31 October 2014",10/31/2014 04:57:58,11/7/2014 06:50:59,611581952,4,"Oregon",2,"Democratic",2009,,,232469,3831074,"W",0,3,60,0,0,,,3,29
"Jeff Sessions","18:38, 31 October 2014","05:27, 31 October 2014",10/31/2014 05:26:21,10/31/2014 18:37:10,47448064,4,"Alabama",2,"Republican",1997,,"Ranking - Budget",212158,4779736,"S",0,20,75,1,1,,,4,12
"Jerry Moran","15:29, 31 October 2014","15:29, 31 October 2014",10/31/2014 15:29:17,10/31/2014 15:29:17,0,4,"Kansas",3,"Republican",2011,"NRSC Chair",,156071,2853118,"MW",0,9,91,1,1,,,2,96
"Jim Inhofe","19:03, 30 October 2014","10:33, 30 October 2014",10/30/2014 10:32:35,10/30/2014 19:03:46,30670848,4,"Oklahoma",2,"Republican",1994,,"Ranking - Armed Services",279401,3751351,"S",1,25,43,1,1,,,4,19
"Jim Risch","NO","17:10, 30 October 2014",10/30/2014 17:10:10,,,4,"Idaho",2,"Republican",2009,,,138548,1567582,"W",0,18,31,0,1,,,3,86
"Joe Donnelly","22:41, 30 October 2014","15:01, 30 October 2014",10/30/2014 15:01:17,10/30/2014 22:40:02,27525120,4,"Indiana",1,"Democratic",2013,,,323183,6483802,"MW",0,16,1,0,0,,,4,91
"Joe Manchin","16:47, 31 October 2014","15:39, 31 October 2014",10/31/2014 15:38:02,10/31/2014 16:47:56,4194304,4,"West Virginia",1,"Democratic",2010,,,240087,1852994,"S",0,15,96,0,0,,,4,85
"John Barrasso","16:33, 6 November 2014","04:54, 31 October 2014",10/31/2014 04:53:35,11/6/2014 16:32:28,560332800,4,"Wyoming",1,"Republican",2007,"Republican Policy Committee Chair",,157457,563626,"W",0,19,57,1,1,,,1,94
"John Boozman","18:09, 31 October 2014","15:27, 31 October 2014",10/31/2014 15:27:06,10/31/2014 18:08:46,9699328,4,"Arkansas",3,"Republican",2011,,,198243,2915918,"S",0,22,90,0,1,,,1,13
"John Cornyn","05:05, 31 October 2014","05:04, 31 October 2014",10/31/2014 05:04:31,10/31/2014 05:04:31,0,4,"Texas",2,"Republican",2003,"Minority Whip",,196963,25145561,"S",0,11,63,1,1,,,2,98
"John Hoeven","18:43, 31 October 2014","15:21, 31 October 2014",10/31/2014 15:20:33,10/31/2014 18:43:43,12189696,4,"North Dakota",3,"Republican",2011,,,130790,672591,"MW",0,12,86,0,1,,,3,81
"John McCain","01:45, 4 November 2014","21:52, 30 October 2014",10/30/2014 21:51:58,11/4/2014 01:44:09,359530496,4,"Arizona",3,"Republican",1987,,,631299,6392017,"W",1,25,56,0,1,,,3,93
"John Thune","21:11, 31 October 2014","15:15, 31 October 2014",10/31/2014 15:14:00,10/31/2014 21:10:05,21364736,4,"South Dakota",3,"Republican",2005,"Republican Conference Chair","Ranking - Commerce",200924,814180,"MW",0,1,83,1,1,,,4,92
"John Walsh","NO","15:19, 31 October 2014",10/31/2014 15:18:22,,,4,"Montana",2,"Democratic",2014,,,34029,989415,"W",0,10,85,0,0,,,1,33
"Johnny Isakson","23:52, 30 October 2014","17:08, 30 October 2014",10/30/2014 17:07:59,10/30/2014 23:52:07,24248320,4,"Georgia",3,"Republican",2005,,,173732,9687653,"S",0,21,30,0,1,,,2,97
"Jon Tester","17:42, 30 October 2014","17:14, 30 October 2014",10/30/2014 17:14:32,10/30/2014 17:42:56,1703936,4,"Montana",1,"Democratic",2007,,,164250,989415,"W",0,20,33,0,0,,,2,50
"Kay Hagan","15:34, 30 October 2014","15:22, 30 October 2014",10/30/2014 15:20:57,10/30/2014 15:34:03,786432,4,"North Carolina",2,"Democratic",2009,,,209877,9535483,"S",0,3,12,0,0,,,4,78
"Kelly Ayotte","16:05, 7 November 2014","15:33, 31 October 2014",10/31/2014 15:33:39,11/7/2014 16:05:52,606732288,4,"New Hampshire",3,"Republican",2011,,,196871,1316470,"NE",0,7,93,0,1,,,2,82
"Kirsten Gillibrand","16:52, 31 October 2014","17:16, 30 October 2014",10/30/2014 17:16:43,10/31/2014 16:52:18,84934656,4,"New York",1,"Democratic",2009,,,274110,19378102,"NE",0,22,35,0,0,,,2,31
"Lamar Alexander","13:14, 31 October 2014","05:15, 31 October 2014",10/31/2014 05:15:26,10/31/2014 13:13:51,28704768,4,"Tennessee",2,"Republican",2003,,"Ranking - Health, Education, Labor & Pensions",322481,6346105,"S",0,18,69,1,1,,,2,18
"Lindsey Graham","15:42, 30 October 2014","15:42, 30 October 2014",10/30/2014 15:42:47,10/30/2014 15:42:47,0,4,"South Carolina",2,"Republican",2003,,,212097,4625364,"S",0,17,20,0,1,,,2,55
"Lisa Murkowski","16:14, 30 October 2014","15:50, 30 October 2014",10/30/2014 15:49:21,10/30/2014 16:13:22,1441792,4,"Alaska",3,"Republican",2002,,"Ranking - Energy & Natural Resources",272033,710231,"W",0,7,24,1,1,,,4,70
"Marco Rubio","16:50, 31 October 2014","08:03, 31 October 2014",10/31/2014 08:03:39,10/31/2014 16:50:07,31588352,4,"Florida",3,"Republican",2011,,,263040,18801310,"S",1,25,77,0,1,,,2,59
"Maria Cantwell","06:19, 7 November 2014","15:07, 30 October 2014",10/30/2014 15:07:50,11/7/2014 06:18:13,659423232,4,"Washington",1,"Democratic",2001,,"Chair - Small Business & Entrepreneurship",218204,6724540,"W",0,6,4,1,0,,,3,62
"Mark Begich","05:26, 31 October 2014","05:13, 31 October 2014",10/31/2014 05:13:15,10/31/2014 05:26:21,786432,4,"Alaska",2,"Democratic",2009,,,193183,710231,"W",0,5,67,0,0,,,4,15
"Mark Kirk","19:15, 31 October 2014","22:22, 30 October 2014",10/30/2014 22:22:33,10/31/2014 19:14:18,75104256,4,"Illinois",3,"Republican",2010,,,218416,12830632,"MW",1,23,73,0,1,,,4,53
"Mark Pryor","16:14, 31 October 2014","05:21, 31 October 2014",10/31/2014 05:21:59,10/31/2014 16:12:59,39059456,4,"Arkansas",2,"Democratic",2003,,,177736,2915918,"S",0,21,72,0,0,,,3,17
"Mark Udall","17:28, 30 October 2014","17:24, 30 October 2014",10/30/2014 17:23:17,10/30/2014 17:27:39,262144,4,"Colorado",2,"Democratic",2009,,,147441,5029196,"W",0,13,38,0,0,,,3,49
"Mark Warner","NO","15:33, 30 October 2014",10/30/2014 15:34:03,,,4,"Virginia",2,"Democratic",2009,,,246922,8001024,"S",0,18,16,0,0,,,3,69
"Martin Heinrich","06:49, 7 November 2014","15:02, 31 October 2014",10/31/2014 15:03:04,11/7/2014 06:48:48,575143936,4,"New Mexico",1,"Democratic",2013,,,167735,2059179,"W",0,3,76,0,0,,,1,21
"Mary Landrieu","23:47, 30 October 2014","17:05, 30 October 2014",10/30/2014 17:05:48,10/30/2014 23:47:45,24117248,4,"Louisiana",2,"Democratic",1997,,"Chair - Natural Resources",285584,4533372,"S",0,7,28,1,0,,,1,35
"Mazie Hirono","21:14, 31 October 2014","15:46, 30 October 2014",10/30/2014 15:44:58,10/31/2014 21:14:27,106168320,4,"Hawaii",1,"Democratic",2013,,,183788,1360301,"W",0,1,22,0,0,,,1,36
"Michael Bennet","NO","15:42, 31 October 2014",10/31/2014 15:42:24,,,4,"Colorado",3,"Democratic",2009,"DSCC Chair",,172632,5029196,"W",0,14,97,1,0,,,1,71
"Mike Crapo","NO","15:25, 30 October 2014",10/30/2014 15:25:19,,,4,"Idaho",3,"Republican",1999,,"Ranking - Banking, Housing, & Urban Affairs",166313,1567582,"W",0,20,13,1,1,,,3,95
"Mike Enzi","NO","15:12, 30 October 2014",10/30/2014 15:12:12,,,4,"Wyoming",2,"Republican",1997,,,160159,563626,"W",0,22,7,0,1,,,3,79
"Mike Johanns","15:46, 31 October 2014","15:44, 31 October 2014",10/31/2014 15:44:35,10/31/2014 15:46:46,131072,4,"Nebraska",2,"Republican",2009,,,231398,1826341,"MW",0,5,98,0,1,,,4,90
"Mike Lee","16:53, 31 October 2014","15:12, 31 October 2014",10/31/2014 15:11:49,10/31/2014 16:52:18,6029312,4,"Utah",3,"Republican",2011,,,31298,2763885,"W",0,19,81,0,1,,,2,7
"Mitch McConnell","13:36, 31 October 2014","05:01, 31 October 2014",10/31/2014 05:00:09,10/31/2014 13:35:42,30932992,4,"Kentucky",2,"Republican",1985,"Minority Leader",,282892,4339367,"S",0,14,61,1,1,,,3,2
"Orrin Hatch","15:13, 30 October 2014","15:02, 30 October 2014",10/30/2014 15:01:17,10/30/2014 15:12:12,655360,4,"Utah",1,"Republican",1977,,"Ranking - Finance",279203,2763885,"W",0,14,2,1,1,,,2,77
"Pat Roberts","15:12, 30 October 2014","15:04, 30 October 2014",10/30/2014 15:03:28,10/30/2014 15:12:12,524288,4,"Kansas",2,"Republican",1997,,,154240,2853118,"MW",0,5,3,0,1,,,1,56
"Pat Toomey","NO","15:22, 31 October 2014",10/31/2014 15:22:44,,,4,"Pennsylvania",3,"Republican",2011,,,224815,12702379,"NE",0,13,87,0,1,,,2,14
"Patrick Leahy","NO","15:26, 31 October 2014",10/31/2014 15:24:55,,,4,"Vermont",3,"Democratic",1975,"President Pro Tempore","Chair - Judiciary",218555,625741,"NE",0,20,89,1,0,,,1,72
"Patty Murray","22:39, 30 October 2014","17:47, 30 October 2014",10/30/2014 17:47:18,10/30/2014 22:40:02,17563648,4,"Washington",3,"Democratic",1993,"Democratic Conference Secretary","Chair - Budget",199702,6724540,"W",0,16,49,1,0,,,4,30
"Rand Paul","NO","08:48, 30 October 2014",10/30/2014 08:47:44,,,4,"Kentucky",3,"Republican",2011,,,385218,4339367,"S",1,25,23,0,1,,,1,41
"Richard Blumenthal","04:56, 31 October 2014","04:44, 31 October 2014",10/31/2014 04:44:51,10/31/2014 04:55:46,655360,4,"Connecticut",3,"Democratic",2011,,,302412,3574097,"NE",0,10,51,0,0,,,4,100
"Richard Burr","19:36, 31 October 2014","05:17, 31 October 2014",10/31/2014 05:17:37,10/31/2014 19:36:08,51511296,4,"North Carolina",3,"Republican",2005,,"Ranking - Veterans' Affairs",213365,9535483,"S",0,9,70,1,1,,,3,6
"Richard Shelby","NO","08:48, 31 October 2014",10/31/2014 08:47:20,,,4,"Alabama",3,"Republican",1987,,"Ranking - Appropriations",209610,4779736,"S",0,23,99,1,1,,,2,25
"Rob Portman","23:54, 30 October 2014","15:08, 30 October 2014",10/30/2014 15:07:50,10/30/2014 23:54:19,31588352,4,"Ohio",3,"Republican",2011,,,396029,11536504,"MW",0,8,5,0,1,,,4,34
"Roger Wicker","04:58, 31 October 2014","04:48, 31 October 2014",10/31/2014 04:47:02,10/31/2014 04:57:58,655360,4,"Mississippi",1,"Republican",2007,,,138774,2967297,"S",0,13,54,0,1,,,4,89
"Ron Johnson","NO","08:37, 30 October 2014",10/30/2014 08:36:48,,,4,"Wisconsin",3,"Republican",2011,,,30687,5686986,"MW",0,23,18,0,1,,,1,43
"Ron Wyden","NO","15:14, 30 October 2014",10/30/2014 15:14:23,,,4,"Oregon",3,"Democratic",1996,,"Chair - Finance",252810,3831074,"W",0,15,8,1,0,,,1,20
"Roy Blunt","06:45, 7 November 2014","17:13, 30 October 2014",10/30/2014 17:12:21,11/7/2014 06:44:26,653524992,4,"Missouri",3,"Republican",2011,"Republican Conference Vice Chair",,191135,5988927,"MW",0,12,32,1,1,,,3,24
"Saxby Chambliss","NO","17:37, 30 October 2014",10/30/2014 17:36:23,,,4,"Georgia",2,"Republican",2003,,"Ranking - Intelligence",193829,9687653,"S",0,6,44,1,1,,,3,5
"Sheldon Whitehouse","NO","17:25, 30 October 2014",10/30/2014 17:25:28,,,4,"Rhode Island",1,"Democratic",2007,,,163700,1052567,"NE",0,2,39,0,0,,,1,40
"Sherrod Brown","06:32, 7 November 2014","15:07, 31 October 2014",10/31/2014 15:07:27,11/7/2014 06:31:20,573833216,4,"Ohio",1,"Democratic",2007,,,229033,11536504,"MW",0,16,79,0,0,,,1,51
"Susan Collins","15:44, 30 October 2014","15:43, 30 October 2014",10/30/2014 15:42:47,10/30/2014 15:44:58,131072,4,"Maine",2,"Republican",1997,,,262550,1328361,"NE",0,2,21,0,1,,,2,1
"Tammy Baldwin","NO","10:39, 30 October 2014",10/30/2014 10:39:08,,,4,"Wisconsin",1,"Democratic",2013,,,219047,5686986,"MW",1,23,45,0,0,,,3,99
"Ted Cruz","16:09, 31 October 2014","08:37, 31 October 2014",10/31/2014 08:36:25,10/31/2014 16:08:37,27131904,4,"Texas",1,"Republican",2013,,,352005,25145561,"S",1,24,95,0,1,,,4,26
"Thad Cochran","06:33, 7 November 2014","05:03, 31 October 2014",10/31/2014 05:02:20,11/7/2014 06:33:31,610271232,4,"Mississippi",2,"Republican",1978,,"Ranking - Agriculture, Nutrition, & Forestry",191442,2967297,"S",0,16,62,1,1,,,1,16
"Tim Johnson","17:39, 4 November 2014","15:14, 31 October 2014",10/31/2014 15:14:00,11/4/2014 17:38:47,354287616,4,"South Dakota",2,"Democratic",1997,,"Chair - Banking, Housing, & Urban Affairs",30392,814180,"MW",0,2,82,1,0,,,3,65
"Tim Kaine","NO","05:14, 31 October 2014",10/31/2014 05:13:15,,,4,"Virginia",1,"Democratic",2013,,,276726,8001024,"S",0,6,68,0,0,,,2,39
"Tim Scott","17:21, 30 October 2014","17:20, 30 October 2014",10/30/2014 17:18:54,10/30/2014 17:21:06,131072,4,"South Carolina",3,"Republican",2013,,,212444,4625364,"S",0,3,37,0,1,,,2,57
"Tom Carper","NO","17:45, 30 October 2014",10/30/2014 17:45:07,,,4,"Delaware",1,"Democratic",2001,,"Chair - Homeland Security & Governmental Affairs",218073,897934,"S",0,17,48,1,0,,,4,47
"Tom Coburn","05:24, 31 October 2014","05:09, 31 October 2014",10/31/2014 05:08:53,10/31/2014 05:24:10,917504,4,"Oklahoma",3,"Republican",2005,,"Ranking - Homeland Security",337029,3751351,"S",0,15,65,1,1,,,1,45
"Tom Harkin","15:49, 31 October 2014","15:49, 31 October 2014",10/31/2014 15:48:57,10/31/2014 15:48:57,0,4,"Iowa",2,"Democratic",1985,,"Chair - Health, Education, Labor & Pensions",284160,3046355,"MW",0,6,100,1,0,,,2,88
"Tom Udall","15:21, 30 October 2014","15:21, 30 October 2014",10/30/2014 15:20:57,10/30/2014 15:20:57,0,4,"New Mexico",2,"Democratic",2009,,,135487,2059179,"W",0,21,11,0,0,,,2,61
