"Respnum","Month","Date","demog_age_list","demog_state","demog_state_region","gw_belief","believer_confidence","believer_cause","believer_problem","believer_immediacy","believer_factor_open","believer_factor_open_coded","believer_factor_glaciers","believer_factor_warmer","believer_factor_models","believer_factor_hurricane","believer_factor_algore","believer_factor_mildwint","believer_factor_polarbrs","believer_factor_droughts","nonbeliever_factor_open","nonbeliever_factor_open_coded","gw_noevidence","gw_scioverstate","gw_earthtoobig","gw_nattrend","gw_mediaoverstate","fftax_support_v1","gastax_support_v1","electrictax_support_v1","carbontax_revuse_v1","carbontax_revuseimpact","nuclear_support","worldviews_useconomy","worldviews_econimprove","demog_race","demog_relig","demog_relig_evang","demog_edu","demog_news","demog_polparty","demog_polviews","demog_income","demog_gender","Weight"
1,3,23,4,"CALIFORNIA",4,2,,,,,,,,,,,,,,,"""MY LIFE""",1,3,4,4,1,1,3,2,4,1,1,2,4,1,1,2,,4,1,1,2,5,2,0.06
2,3,24,3,"NEW JERSEY",1,1,1,1,1,1,"THE WEATHER CHANGES AND WEATHER DISASTERS",3,1,1,1,1,4,1,2,1,,,4,4,4,4,4,1,2,3,3,1,4,3,1,2,4,,4,1,3,2,2,1,1.375
3,4,3,4,"NEW JERSEY",1,2,,,,,,,,,,,,,,,"CAN NOT SAY",9,2,4,3,2,98,2,2,98,1,1,2,3,1,1,2,,4,2,1,3,4,1,0.365
4,3,18,2,"NEW JERSEY",1,2,,,,,,,,,,,,,,,"THE NEWS",4,2,98,3,3,3,98,3,3,6,,3,4,2,2,7,,3,1,1,3,,2,1.41
5,4,1,3,"CONNECTICUT",1,1,1,1,2,1,"WARS",8,2,1,2,2,1,3,2,1,,,2,2,3,3,1,3,3,3,98,,1,3,3,1,2,,2,1,4,3,2,1,1.395
6,3,31,4,"COLORADO",4,1,2,98,3,2,"PERSONAL EXPERIENCE",2,1,3,3,3,4,3,4,2,,,1,2,3,2,2,4,4,4,1,3,2,4,3,1,2,,3,1,4,3,,1,0.695
7,3,28,3,"CONNECTICUT",1,2,,,,,,,,,,,,,,,"WEATHER CHANGES HAPPEN NATURALLY",2,2,2,2,1,1,4,4,3,3,1,4,4,3,1,6,,3,1,2,2,4,2,0.8
8,4,4,4,"CONNETICUT",1,2,,,,,,,,,,,,,,,"SEEMS TO BALANCE OUT",2,4,4,4,4,1,4,4,4,4,3,4,4,2,1,1,1,4,1,2,2,,2,0.07
9,3,29,5,"CONNECTICUT",1,1,1,1,1,1,"RESEARCH",4,1,4,1,2,4,4,1,2,,,4,4,4,4,4,1,1,1,1,1,98,4,3,1,1,2,4,1,2,3,,1,0.695
10,3,21,3,"CONNECTICUT",1,2,,,,,,,,,,,,,,,"THE WEATHER IS THE SAME",1,2,2,2,2,1,3,3,3,2,3,1,4,3,1,2,,3,1,2,3,,1,1.045
11,3,23,4,"CONNECTICUT",1,2,,,,,,,,,,,,,,,"NATURAL CYCLES",2,1,3,98,1,2,4,4,4,2,3,4,3,3,1,98,,4,1,4,3,4,2,0.09
12,3,24,4,"ALABAMA",2,1,2,3,1,1,"MELTING ICE CAPS AND HOTTER SUMMERS",1,1,1,2,1,3,2,1,2,,,4,3,3,3,3,4,4,4,3,3,2,4,2,2,1,2,1,2,1,1,1,1,1.905
13,3,28,3,"ALABAMA",2,98,,,,,,,,,,,,,,,,,1,1,3,1,1,4,4,4,2,1,1,4,2,1,4,,4,3,2,1,4,2,0.44
14,4,3,3,"ALABAMA",2,1,1,1,1,1,"SCIENCE",4,1,2,1,1,2,1,1,1,,,4,4,4,4,4,1,1,1,1,1,3,1,1,1,1,2,5,2,1,5,6,1,0.645
15,3,30,2,"WASHINGTON",4,1,1,1,1,1,"DATA",4,1,1,4,4,2,1,3,2,,,4,4,4,4,4,1,1,1,1,1,4,4,3,1,2,,5,5,1,5,6,2,0.38
16,3,25,3,"WASHINGTON",4,1,1,1,1,1,"WEATHER PATTERNS",3,1,2,1,1,4,2,1,3,,,4,4,4,4,4,1,1,1,1,3,4,3,1,1,6,,5,2,1,5,6,1,0.645
17,3,22,3,"WASHINGTON",4,1,2,98,2,2,"MY OWN EXPERIENCES",2,2,2,4,4,4,2,4,2,,,3,3,3,4,3,3,4,4,1,3,3,2,3,1,2,,4,5,4,4,6,2,0.44
18,3,22,4,"MAINE",1,1,3,2,98,98,"ICEBERGS MELTING",1,1,1,3,98,4,2,4,3,,,4,4,2,98,98,1,3,3,1,98,2,2,98,1,1,1,2,2,4,3,2,2,0.76
19,4,1,4,"MAINE",1,1,1,2,2,2,"WHAT I HEARD",6,2,2,4,4,4,4,3,2,,,3,3,2,3,2,3,3,3,6,,3,4,1,1,1,2,3,1,2,2,,2,0.42
20,4,5,2,"MAINE",1,1,2,3,2,2,"POLAR ICE CAPS AND STORMS",1,1,4,3,1,4,4,1,3,,,4,4,4,3,4,2,4,4,4,1,4,3,3,1,1,2,4,5,1,4,4,1,1.525
21,3,23,4,"MAINE",1,2,,,,,,,,,,,,,,,"NO CHANGE AT ALL",1,2,2,2,2,2,3,3,3,6,,2,4,2,1,1,1,4,1,2,2,,1,0.345
22,3,21,2,"MAINE",1,1,1,1,1,1,"SCIENTIFIC DATA",4,1,3,1,2,1,4,4,2,,,4,4,4,4,4,2,2,2,1,1,1,3,1,1,7,,5,5,1,5,4,1,0.665
23,3,21,4,"IDAHO",4,1,2,3,2,98,"SEVERE WEATHER PATTERNS",3,2,2,2,2,4,3,2,2,,,4,3,4,3,3,2,3,2,1,3,2,4,2,1,1,1,2,1,2,2,2,1,1.035
24,3,23,3,"IDAHO",4,2,,,,,,,,,,,,,,,"SAME TEMPERATURES AS ALWAYS",1,3,2,2,2,2,4,4,4,1,98,2,4,2,1,1,2,2,2,2,1,2,1,1.385
25,3,25,4,"IDAHO",4,98,,,,,,,,,,,,,,,,,2,4,4,4,4,4,4,4,4,3,4,4,2,,,,,2,,,,2,0.55
26,3,20,4,"IDAHO",4,2,,,,,,,,,,,,,,,"PATTERNS",2,1,1,1,1,1,4,4,4,2,3,2,4,1,1,1,2,5,1,4,2,,2,0.01
27,4,3,3,"CALIFORNIA",4,1,2,1,1,1,"THE SNOW CAPS ARE MELTING",1,1,2,98,2,2,3,1,1,,,4,4,4,3,3,1,2,2,1,1,3,4,2,1,2,,4,2,2,2,5,2,0.41
28,3,25,3,"CALIFORNIA",4,1,1,1,1,1,"MELTING ICE",1,1,4,2,2,2,4,4,4,,,3,3,3,3,3,3,3,3,1,3,2,4,1,5,,,2,1,4,2,4,1,1.905
29,3,30,3,"TEXAS",2,1,2,3,2,1,"CRAZY WEATHER AND RISING TEMPATURES",3,2,1,2,1,4,4,2,1,,,3,3,3,3,3,4,4,4,1,3,2,3,3,9,2,,2,2,1,1,2,1,2.925
30,4,4,4,"TEXAS",2,2,,,,,,,,,,,,,,,"LOOKING BACK OVER THE YEARS THINGS GO IN CYCLES",2,2,2,3,2,2,4,4,4,6,,2,4,2,1,2,,2,1,2,1,,2,0.72
31,3,28,4,"TEXAS",2,98,,,,,,,,,,,,,,,,,1,98,3,1,1,4,4,4,1,1,1,4,3,1,,,2,1,3,,3,1,1.555
32,3,29,5,"NEW YORK",1,1,1,2,1,2,"PATTERNS OF AIR FLOW",10,1,2,1,2,1,3,1,3,,,4,4,4,4,4,4,4,4,1,2,1,4,2,1,1,2,1,1,4,3,6,2,1.04
33,3,27,4,"NEW YORK",1,1,2,1,1,2,"SHIFTING PLATES IN CALIFORNIA",10,1,2,1,2,1,2,1,2,,,4,4,3,3,3,98,4,4,1,3,4,3,1,2,1,1,5,1,1,1,4,2,0.66
34,3,22,3,"NEW YORK",1,98,,,,,,,,,,,,,,,,,4,2,1,1,2,4,4,4,1,3,4,3,3,2,1,2,3,1,3,3,,2,1.4
35,3,25,4,"PENNSYLVANIA",1,1,3,2,2,98,"SEASON MIXED UP",3,1,3,2,2,3,2,2,2,,,2,2,3,1,2,4,4,4,1,1,4,4,2,1,1,2,2,1,2,2,1,2,0.75
36,3,20,3,"PENNSLVANIA",1,98,,,,,,,,,,,,,,,,,3,2,3,2,2,2,4,4,4,3,98,3,3,1,2,,2,4,4,2,,1,1.345
37,3,22,3,"PENNSYLVANIA",1,1,1,1,1,1,"POLLUTION",8,1,1,1,1,2,1,2,1,,,3,3,4,4,3,4,4,4,4,3,4,4,2,2,1,2,2,98,,,1,2,1.73
38,3,21,3,"PENNSYLVANIA",1,1,2,1,2,1,"READING",6,2,2,2,1,2,4,4,2,,,3,4,4,3,4,3,2,3,1,1,3,4,3,1,1,2,5,2,4,4,6,1,0.645
39,4,3,4,"PENNSYLVANIA",1,1,1,3,1,1,"JUST LOOK AT ALL THE BAD WEATHER",3,1,1,4,1,4,3,1,4,,,4,4,4,3,4,4,4,4,1,3,4,3,3,1,1,1,2,1,1,4,2,2,0.76
40,3,29,3,"PENNSYLVANIA",1,1,1,3,1,1,"ITS GETTING HOTTER EVERY SUMMER AND SEASONS ARE SHRINKING NO MORE SPRING OR FALL",2,1,1,1,1,1,4,1,1,,,4,4,4,3,3,2,2,2,2,1,4,4,1,2,1,2,4,1,1,2,3,2,1.61
41,3,30,4,"PENNSYLVANIA",1,98,,,,,,,,,,,,,,,,,3,3,1,4,3,4,4,4,6,,4,3,2,1,2,,2,2,2,3,2,2,0.76
42,3,23,2,"PENNSYLVANIA",1,1,2,3,2,2,"NEWS REPORTS",6,2,3,1,3,4,4,2,3,,,4,4,3,3,2,4,4,4,1,3,4,4,3,1,2,,4,1,2,1,4,1,0.725
43,3,25,4,"OHIO",3,1,2,98,1,1,"CLIMATE CHANGES",2,2,2,98,98,2,2,98,2,,,4,3,98,3,3,98,98,98,1,3,98,3,1,,,,5,5,,5,3,1,0.975
44,3,18,3,"ILLINOIS",3,1,2,2,2,98,"WEATHER CHANGES",3,2,4,4,2,4,2,2,2,,,2,2,2,2,2,2,3,3,3,2,2,4,2,1,2,,5,1,1,3,4,1,0.665
45,3,24,4,"ILLINOIS",3,2,,,,,,,,,,,,,,,"NORMAL CHANGES IN SEASONS",1,1,2,98,1,1,2,2,2,1,3,3,4,2,1,1,1,5,5,3,2,,1,0.285
46,3,21,3,"ILLINOIS",3,2,,,,,,,,,,,,,,,"COLD",1,1,1,2,1,1,2,4,4,6,,1,4,2,1,1,2,5,1,4,1,1,1,0.665
47,3,31,2,"MINNESOTA",3,98,,,,,,,,,,,,,,,,,1,4,4,1,1,4,4,4,1,1,4,4,3,1,6,,5,1,1,2,5,2,0.36
48,3,18,3,"MINNESOTA",3,1,1,2,4,2,"NATURAL CAUSES TAKING PLACE",9,2,4,4,4,4,4,2,2,,,1,1,1,1,1,4,4,4,2,3,2,4,2,1,1,1,5,2,,,,2,0.37
49,3,23,3,"MINNESOTA",3,2,,,,,,,,,,,,,,,"CYCLES",2,1,98,98,1,1,4,4,4,6,,4,4,2,10,1,1,4,1,4,3,1,2,0.63
50,4,1,2,"MINNESOTA",3,2,,,,,,,,,,,,,,,"WINTERS GETTING COLDER",1,2,2,3,2,2,3,3,3,6,,4,2,1,1,98,,3,1,3,2,3,1,1.615
51,3,22,2,"MINNESOTA",3,98,,,,,,,,,,,,,,,,,2,3,3,4,2,4,4,4,1,3,1,3,3,1,1,1,3,2,2,2,3,2,2.14
52,3,30,2,"MINNESOTA",3,98,,,,,,,,,,,,,,,,,1,1,2,2,1,2,1,1,1,3,3,1,1,2,6,,2,1,1,5,1,1,2.015
53,3,28,2,"INDIANA",3,1,2,3,3,1,"MELTING",1,1,2,2,98,3,2,2,1,,,3,3,3,2,4,4,4,4,6,,2,4,3,1,2,,2,1,4,1,2,1,1.395
54,3,21,4,"INDIANA",3,1,1,2,2,1,"BAD WINTERS  AND POLAR MELTING",3,1,3,98,1,4,4,1,3,,,4,3,3,2,4,2,4,4,6,,4,4,1,2,1,2,2,1,1,4,1,2,1.38
55,3,30,5,"INDIANA",3,2,,,,,,,,,,,,,,,"WEATHER",1,1,2,2,2,1,4,4,4,2,3,2,4,3,1,1,2,4,5,2,3,2,2,0.08
56,3,28,3,"LOUISIANA",2,1,1,1,1,1,"HURRICANES ARE INCREASING IN AREA THEY COVER",3,1,1,4,1,1,1,2,1,,,4,2,4,4,2,4,4,4,1,3,1,2,1,2,1,2,3,5,1,3,2,1,1.715
57,3,22,3,"GEORGIA",2,2,,,,,,,,,,,,,,,"WEATHER PATTERNS",2,1,1,98,1,1,4,4,4,6,,1,4,2,1,1,1,3,1,4,2,6,1,1.055
58,3,21,3,"GEORGIA",2,98,,,,,,,,,,,,,,,,,3,3,3,3,2,3,3,3,1,2,3,4,3,1,6,,3,1,4,3,2,2,0.81
59,3,31,1,"MICHIGAN",3,98,,,,,,,,,,,,,,,,,2,2,3,1,1,4,4,4,2,3,4,2,1,1,1,2,3,1,2,3,3,2,2.14
60,4,4,2,"MICHIGAN",3,1,2,3,1,1,"GLACIERS MELTING",1,2,2,4,2,2,4,4,2,,,3,3,4,3,3,2,2,2,1,1,98,4,3,1,98,,5,4,4,3,5,1,0.635
61,3,22,3,"MICHIGAN",3,2,,,,,,,,,,,,,,,"CYCLES",2,1,1,4,98,98,1,1,98,98,,98,4,98,1,6,,3,6,98,98,6,1,1.055
62,3,21,4,"FLORIDA",2,98,,,,,,,,,,,,,,,,,1,2,3,1,1,1,3,2,1,3,1,3,1,1,1,2,4,1,2,2,6,2,0.08
63,3,30,3,"MICHIGAN",3,1,1,1,2,1,"OZONE",10,2,2,2,2,4,3,1,1,,,4,3,3,3,3,4,4,4,6,,4,4,2,1,6,,3,1,4,2,1,1,1.075
64,3,24,4,"MICHIGAN",3,1,1,3,1,98,"WEATHER",3,1,3,2,98,1,1,1,1,,,4,4,4,4,4,2,2,2,1,1,2,3,3,,,,4,5,,2,,2,0.2
65,4,1,4,"ALABAMA",2,1,2,3,2,2,"STATISTICAL REPORTS",4,2,2,2,4,4,4,1,1,,,4,1,98,1,1,4,4,4,1,3,98,4,3,1,1,1,4,1,4,2,2,2,0.11
66,3,28,3,"ALABAMA",2,2,,,,,,,,,,,,,,,"TEMPERATURES SEEM THE SAME TO ME",1,1,98,3,1,2,4,4,4,6,,4,4,2,1,2,,2,1,4,3,2,2,1.11
67,3,31,4,"NORTH CAROLINA",2,1,1,98,1,2,"YO CAN FEEL IT",2,2,2,4,2,2,3,2,3,,,4,3,3,1,98,2,4,4,5,1,98,4,3,10,6,,2,1,1,2,1,2,0.78
68,3,31,3,"NORTH CAROLINA",2,1,2,3,2,1,"TURNING AIR CONDITIONER ON EARLIER",2,2,2,98,2,98,2,2,3,,,4,4,4,1,4,4,4,4,2,3,98,4,2,1,1,1,4,5,1,2,,2,0.42
69,3,20,4,"WASHINGTON",4,1,2,3,1,1,"SHRINKING POLAR CAPS",1,1,1,2,4,2,4,1,1,,,4,3,4,3,2,3,3,3,1,1,4,3,1,1,1,2,5,2,4,4,,2,0.01
70,4,1,3,"ALABAMA",2,1,1,1,98,1,"WARMER TEMPERATURES",2,3,1,2,1,4,1,2,2,,,1,2,98,98,2,4,2,4,4,3,1,4,2,1,1,2,1,1,4,1,1,98,1.34
71,3,21,3,"ALABAMA",2,2,,,,,,,,,,,,,,,"NOT ENOUGH DATA",3,1,98,3,98,1,2,2,2,1,1,2,2,3,1,6,,5,5,4,2,6,1,0.645
72,4,4,3,"ALABAMA",2,1,1,98,1,2,"NOT SURE",10,2,1,1,4,4,98,4,4,,,4,4,3,3,2,3,4,4,5,2,3,98,2,1,1,2,2,1,1,4,1,2,1.11
73,3,25,4,"ALABAMA",2,2,,,,,,,,,,,,,,,"CYCLE",2,1,98,1,1,1,4,4,4,2,98,1,4,2,1,1,1,4,1,2,1,,2,0.07
74,3,21,4,"ALABAMA",2,1,1,98,1,1,"GLACIERS MELTING",1,1,1,98,1,4,1,1,1,,,3,2,98,4,4,1,3,3,1,1,4,4,2,1,2,,3,1,2,1,,2,0.42
75,3,22,1,"INDIANA",3,98,,,,,,,,,,,,,,,,,2,3,4,4,1,4,4,4,6,,4,4,1,1,1,2,3,1,3,2,1,1,1.885
76,3,18,3,"WISCONSIN",3,1,2,1,1,1,"DATA",4,2,2,1,2,2,2,2,2,,,3,3,4,4,4,2,2,2,1,1,2,2,3,1,98,,5,1,2,2,4,2,0.38
77,3,22,1,"MICHIGAN",3,1,2,1,1,1,"SEE THE WEATHER CHANGING",3,1,3,1,98,1,2,1,2,,,4,3,98,3,3,98,2,3,1,98,3,3,3,1,1,1,1,1,1,4,1,2,2.16
78,3,22,3,"MICHIGAN",3,1,2,3,2,2,"POLAR BEARS DISAPPEARING",7,2,3,3,1,3,3,1,2,,,3,3,3,4,4,2,2,2,1,1,1,4,1,1,1,2,4,1,1,5,4,1,0.715
79,4,5,3,"MICHIGAN",3,2,,,,,,,,,,,,,,,"THE LORD",6,2,2,2,2,2,3,3,3,3,3,2,4,2,1,1,1,2,1,4,4,1,2,1.1
80,4,3,2,"MICHIGAN",3,98,,,,,,,,,,,,,,,,,1,4,4,4,4,4,4,4,6,,98,4,2,1,6,,2,1,1,1,2,2,1.12
81,3,30,4,"KENTUCKY",2,1,1,1,2,1,"CHANGES IN WEATHER",3,1,1,2,2,98,1,1,1,,,3,3,3,3,3,3,4,3,6,,98,4,3,1,1,2,3,1,2,3,,2,0.42
82,3,29,4,"KENTUCKY",2,2,,,,,,,,,,,,,,,"LISTENING TO DEBATES",4,1,1,1,1,1,4,4,4,1,3,98,4,3,1,1,1,4,2,1,1,,1,0.345
83,4,4,3,"KENTUCKY",2,2,,,,,,,,,,,,,,,"NATURAL CYCLE OF THE EARTH",2,1,1,2,1,2,4,4,4,2,3,4,4,1,1,1,1,2,1,2,1,3,1,1.905
84,4,4,4,"VIRGINIA",2,1,2,1,2,1,"CHANGING WEATHER PATTERNS",3,4,2,98,1,98,2,98,2,,,98,2,2,1,2,4,4,4,6,,4,3,1,2,6,,1,1,1,4,1,2,1.63
85,4,4,5,"TEXAS",2,98,,,,,,,,,,,,,,,,,4,1,3,2,1,4,4,4,2,3,3,4,3,1,1,2,4,6,2,2,,1,0.695
86,3,22,4,"TEXAS",2,2,,,,,,,,,,,,,,,"WHERE I LIVE IT IS ALWAYS WARM",1,1,3,3,1,2,4,4,4,6,,4,3,3,1,2,,2,1,2,1,4,2,0.74
87,3,22,3,"MARYLAND",2,2,,,,,,,,,,,,,,,"DO NOT KNOW",9,1,2,3,3,1,4,4,4,6,,4,4,2,10,6,,4,3,2,1,6,2,0.61
88,4,5,3,"MARYLAND",2,1,1,3,1,1,"NEWS",6,1,1,1,1,98,2,98,1,,,4,4,4,4,4,1,1,1,1,1,1,3,1,1,1,2,3,2,1,5,,2,0.77
89,3,23,3,"MARYLAND",2,2,,,,,,,,,,,,,,,"ICE STORMS",1,1,4,4,2,1,3,3,3,6,,2,4,2,1,3,,4,4,4,3,,2,0.42
90,3,25,4,"MARYLAND",2,1,1,2,3,2,"GLACIERS MELTING",1,1,4,4,4,1,4,4,4,,,1,1,3,2,3,4,4,4,1,1,2,4,2,1,1,1,3,1,2,1,,1,0.695
91,4,4,1,"MARYLAND",2,2,,,,,,,,,,,,,,,"COLDER WINTERS AND MILDER SUMMERS",1,2,2,1,1,2,4,4,4,1,3,1,3,3,1,2,,4,4,1,4,3,1,2.065
92,3,22,3,"MARYLAND",2,98,,,,,,,,,,,,,,,,,3,3,4,2,3,2,4,4,2,3,4,3,3,1,2,,4,5,2,1,3,2,0.98
93,3,31,3,"DELAWARE",2,2,,,,,,,,,,,,,,,"NATURAL CYCLE",2,2,3,2,1,1,4,3,3,1,2,2,4,3,1,1,1,4,5,2,2,5,2,0.42
94,3,28,4,"DELAWARE",2,1,1,1,1,1,"READING",6,1,2,1,2,2,2,1,2,,,4,3,4,3,3,2,2,3,1,1,2,3,3,1,2,,5,1,4,2,6,1,0.295
95,3,28,3,"DELAWARE",2,98,,,,,,,,,,,,,,,,,98,4,4,4,1,4,4,98,6,,1,4,3,1,2,,4,2,3,98,6,1,0.705
96,4,4,1,"DELAWARE",2,98,,,,,,,,,,,,,,,,,3,4,4,2,2,4,4,4,6,,4,4,2,1,6,,3,1,4,4,2,2,1.62
97,3,25,4,"DELAWARE",2,2,,,,,,,,,,,,,,,"NOT MAN MADE",2,2,1,1,1,1,4,4,4,6,,1,4,1,1,1,1,5,2,4,1,,1,0.285
98,3,27,3,"COLORADO",4,1,2,2,3,2,"WEATHER STATISTICS AND PATTERNS",4,2,2,2,2,4,2,2,2,,,2,98,98,1,1,4,4,4,2,2,1,4,3,1,2,,2,1,2,3,4,1,1.365
99,3,18,3,"COLORADO",4,1,1,1,1,1,"CHANGE IN WEATER",3,1,1,2,2,2,2,2,2,,,4,4,4,4,4,2,2,3,1,3,2,3,3,9,6,,5,1,98,4,4,2,1.91
100,3,22,4,"COLORADO",4,2,,,,,,,,,,,,,,,"BELIEVES  IN NATURAL PATTERNS",2,2,1,2,1,2,4,4,4,1,3,1,3,2,1,1,2,4,4,4,1,5,2,0.06
101,3,24,4,"WEST VIRGINIA",2,2,,,,,,,,,,,,,,,"HISTORY OF THE EARTH",2,2,1,2,2,2,4,4,4,6,,1,4,3,1,1,1,5,1,2,1,6,1,0.295
102,3,30,4,"WEST VIRGINIA",2,1,2,3,2,2,"POLLUTION, DEPLETING OZONE LAYER",8,2,2,4,2,4,3,2,2,,,2,3,3,3,2,4,4,4,1,3,4,4,2,1,2,,3,1,1,2,3,1,1.255
103,4,5,2,"WEST VIRGINIA",2,1,1,1,1,1,"HOTTER SUMMERS AND COLDER WINTERS",2,1,2,3,2,2,3,1,2,,,4,4,4,4,4,1,1,1,1,1,1,4,3,1,2,,2,1,1,4,,1,2.155
104,3,18,4,"WEST VIRGINIA",2,2,,,,,,,,,,,,,,,"SCIENTIFIC DATA",5,1,2,1,1,2,4,4,4,2,3,4,4,2,1,1,1,2,1,1,4,2,2,0.76
105,4,1,3,"WEST VIRGINIA",2,2,,,,,,,,,,,,,,,"REAL COLD WINTERS",1,1,1,1,2,1,4,4,4,6,,4,4,2,1,1,1,2,1,2,1,,2,1.07
106,3,27,3,"WEST VIRGINIA",2,1,1,1,1,1,"WARMER SUMMERS",2,1,2,2,2,1,3,3,2,,,1,2,2,2,1,4,4,4,1,1,4,4,98,1,1,2,4,2,1,5,4,2,0.44
107,3,22,4,"WEST VIRGINIA",2,2,,,,,,,,,,,,,,,"EARTH CHANGES NORMALLY",2,1,1,4,1,1,4,4,4,6,,1,4,3,1,6,,2,1,4,1,1,2,0.75
108,3,31,4,"WEST VIRGINIA",2,1,1,1,1,1,"TOO MANY PEOPLE AND CHEMICALS",13,1,1,3,2,4,2,1,3,,,4,4,4,4,4,4,4,4,6,,2,4,2,1,2,,3,1,1,1,1,2,0.45
109,3,25,2,"WEST VIRGINIA",2,2,,,,,,,,,,,,,,,"WINTERS ARE COLDER THAN EVER",1,2,2,4,3,2,2,4,4,1,3,2,3,1,1,6,,2,1,98,98,4,1,2.175
110,3,29,3,"FLORIDA",2,1,1,3,1,1,"PEOPLE",8,1,1,1,1,98,2,1,1,,,4,4,4,3,4,3,4,4,6,,1,2,1,1,1,2,3,1,2,3,3,2,1.33
111,4,4,4,"FLORIDA",2,98,,,,,,,,,,,,,,,,,1,1,2,1,1,4,4,4,6,,1,4,3,1,1,1,2,1,2,1,,1,0.995
112,3,25,1,"FLORIDA",2,1,2,1,2,1,"NOT SURE",10,2,2,4,4,4,2,2,2,,,2,2,98,3,2,2,2,2,6,,98,2,98,5,6,,5,5,1,1,,2,1.7
113,3,30,4,"WYOMING",4,1,3,3,4,2,"NATURAL PATTERNS",9,3,4,4,2,1,4,1,4,,,4,2,2,1,1,3,4,1,6,,1,4,3,1,1,2,4,6,4,3,1,2,0.1
114,3,30,3,"NEBRASKA",3,2,,,,,,,,,,,,,,,"DO NOT BELIEVE IN IT",8,1,1,2,98,2,4,4,4,6,,4,3,3,1,2,,3,1,2,1,3,2,1.34
115,3,22,4,"NEBRASKA",3,2,,,,,,,,,,,,,,,"EARTHS NATURAL CYCLES",2,2,2,98,1,2,3,4,3,4,98,4,4,2,10,1,2,2,1,2,1,1,2,0.75
116,3,21,3,"ILLINOIS",3,1,3,2,3,2,"DO NOT BELIEVE INFORMATION",10,4,4,4,4,4,4,4,3,,,1,1,2,2,1,4,4,4,1,3,4,4,3,1,1,2,3,1,1,1,4,1,1.065
117,3,30,3,"ILLINIOS",3,2,,,,,,,,,,,,,,,"SUMMERS ARE COOLER AND LESS SNOW",1,4,1,3,1,1,4,4,4,6,,2,4,2,1,6,,3,1,1,3,,2,0.77
118,4,1,3,"CALIFORNIA",4,2,,,,,,,,,,,,,,,"SCIENCE BLOWN OUT OF PROPORTION",4,1,1,98,1,1,4,4,4,5,1,4,4,3,2,1,1,3,2,4,3,1,1,1.705
119,4,1,3,"CALIFORNIA",4,2,,,,,,,,,,,,,,,"NO CHANGE",1,2,2,2,2,2,3,3,3,6,,3,3,1,1,2,,3,1,2,3,1,2,0.8
120,4,1,1,"CALIFORNIA",4,98,,,,,,,,,,,,,,,,,3,4,4,2,3,4,4,4,1,3,3,3,1,1,6,,3,5,4,4,2,2,1.62
121,4,5,3,"CALIFORNIA",4,1,1,3,1,1,"EXPERIENCE",2,1,1,1,1,1,4,1,1,,,4,4,4,4,4,1,1,2,1,1,4,3,3,1,2,,3,5,3,5,6,2,0.79
122,3,25,4,"CALIFORNIA",4,2,,,,,,,,,,,,,,,"COLDEST SUMMER AND WINTER IS EXTRA COLD",1,1,1,2,1,1,4,4,4,3,3,4,4,2,1,2,,2,1,1,1,,1,0.995
123,3,29,3,"CALIFORNIA",4,1,1,1,1,1,"RECEDEING COASTLINE",11,2,1,2,2,3,2,2,2,,,4,4,3,3,4,2,3,2,1,1,1,3,1,1,2,,4,1,1,4,4,1,0.725
124,3,24,2,"MISSOURI",3,1,2,2,3,2,"NEWSPAPER ARTICLES",6,1,2,1,3,4,3,4,4,,,3,3,2,1,2,4,4,4,6,,1,4,1,1,6,,5,2,1,3,5,1,0.635
125,3,22,4,"MISSOURI",3,1,1,2,2,1,"DIFFERENCE IN WINTERS",3,2,2,1,2,2,1,4,2,,,4,4,4,2,3,4,4,4,6,,2,4,2,1,1,2,5,5,1,4,3,1,0.845
126,3,18,4,"MISSOURI",3,98,,,,,,,,,,,,,,,,,2,2,3,3,2,3,3,4,6,,4,3,1,2,1,2,2,1,1,3,,2,1.35
127,4,1,4,"MISSOURI",3,1,1,1,1,1,"ICE MELTING",1,1,1,2,1,3,1,1,1,,,98,3,4,3,3,3,3,4,6,,3,3,2,1,1,1,3,1,2,3,3,2,0.98
128,3,27,5,"MISSOURI",3,2,,,,,,,,,,,,,,,"IT IS CYCLICAL",2,1,1,3,1,1,4,4,4,6,,1,4,2,,6,,3,6,,3,,2,0.9
129,3,28,4,"NEW YORK",1,1,1,3,1,1,"SCIENTIFIC REPORTS",4,1,4,1,3,1,4,3,3,,,4,4,4,4,4,1,3,2,1,1,1,3,1,1,1,2,4,1,1,4,5,1,0.335
130,3,30,2,"NEW YORK",1,1,1,1,1,1,"WHAT I WAS TAUGHT",4,1,3,3,1,4,4,1,1,,,4,3,3,4,2,4,3,3,1,1,3,3,1,10,1,2,4,1,4,4,6,2,1.24
131,4,3,2,"INDIANA",3,2,,,,,,,,,,,,,,,"WEATHER IS IN A CYCLE THAT REALLY HAS NOT CHANGED",2,1,1,2,1,1,4,4,4,2,2,4,4,98,1,1,1,3,3,4,2,3,2,1.34
132,3,20,4,"INDIANA",3,1,1,1,1,1,"SCIENTIFIC STUDIES",4,1,1,1,2,3,1,1,2,,,4,4,4,3,98,4,4,4,1,3,3,4,3,1,1,2,4,1,1,5,5,1,0.335
133,3,25,2,"LOUISIANA",2,1,2,98,2,2,"WARMER TEMPERATURES",2,1,1,2,1,4,4,2,3,,,2,3,2,1,2,4,4,2,2,98,4,4,2,1,1,1,3,1,2,1,3,2,1.34
134,4,1,2,"IOWA",3,1,1,3,2,2,"WEATHER",3,1,1,1,2,4,1,1,2,,,4,4,3,4,4,4,4,4,1,3,98,3,3,,,,,1,,98,,2,0.91
135,3,18,4,"IOWA",3,1,1,1,2,1,"NEWS ARTICLES",6,2,1,2,2,4,4,3,3,,,4,3,3,3,4,4,4,4,1,3,4,4,2,1,1,2,2,1,4,1,,2,0.72
136,4,4,2,"MINNESOTA",3,1,2,3,1,1,"SCUBA DIVING IN CORAL REEFS",10,1,4,2,2,4,4,1,2,,,3,3,3,3,3,2,2,3,1,1,98,3,3,1,1,1,3,5,2,3,6,2,0.79
137,3,23,3,"MINNESOTA",3,1,2,1,2,1,"TELEVISION AND NEWSPAPERS",6,2,4,4,2,3,4,1,2,,,4,4,4,4,4,1,2,2,98,,2,4,1,1,2,,3,1,4,4,5,1,1.035
138,3,25,3,"MINNESOTA",3,98,,,,,,,,,,,,,,,,,3,3,98,2,98,4,4,4,2,3,4,4,2,1,1,98,2,1,4,3,1,2,1.11
139,4,5,3,"CALIFORNIA",4,2,,,,,,,,,,,,,,,"NOT SURE",9,2,3,3,2,3,3,3,3,1,3,3,3,1,1,2,,3,5,4,2,4,1,1.065
140,3,25,1,"CALIFORNIA",4,1,1,1,1,1,"SPACE EXPLORATION",8,1,1,1,2,98,3,1,1,,,4,4,1,4,4,4,4,4,1,1,1,4,3,9,2,,2,1,1,3,,1,3.685
141,3,31,3,"CALIFORNIA",4,1,1,3,1,1,"WINTERS ARE GETTING HOT",2,1,2,98,2,1,1,1,1,,,4,4,4,3,98,1,1,98,1,1,98,4,98,1,6,,5,1,1,4,,2,0.37
142,3,22,4,"OHIO",3,1,1,1,2,2,"READING",6,3,4,4,4,4,2,4,4,,,3,2,2,2,1,4,4,4,1,3,1,3,3,1,2,,4,2,4,1,5,1,0.335
143,4,1,3,"OHIO",3,2,,,,,,,,,,,,,,,"NO REASON",8,2,2,3,2,2,3,3,2,3,3,3,4,3,2,6,,2,2,1,2,2,1,2.015
144,3,31,4,"OHIO",3,1,1,1,1,1,"MELTING POLAR ICE CAPS",1,1,2,2,1,2,4,2,2,,,4,3,98,4,98,98,4,3,1,1,98,4,98,1,1,2,4,2,1,3,2,2,0.11
145,3,21,3,"OHIO",3,98,,,,,,,,,,,,,,,,,2,2,2,2,2,3,4,3,6,,3,3,3,1,2,,3,1,4,3,,2,0.77
146,4,5,3,"OHIO",3,1,2,2,1,1,"WEATHER PATTERNS ARE BECOMING HOTTER IN THE SUMMER MONTHS",3,2,2,4,1,4,4,2,2,,,2,2,1,4,4,4,4,4,4,1,4,4,2,2,6,,2,1,1,3,1,2,1.73
147,3,18,3,"OHIO",3,2,,,,,,,,,,,,,,,"EARTHS NATURAL CYCLE",2,2,1,2,2,1,3,4,3,3,98,4,4,2,1,1,1,4,5,2,3,,2,0.42
148,3,24,4,"OHIO",3,2,,,,,,,,,,,,,,,"I HAVE SEEN THE NATURAL CYCLES THROUGH MY LIFE",2,1,1,1,1,1,2,4,2,2,1,2,4,2,1,6,,2,1,2,1,1,1,1.025
149,4,4,4,"ALABAMA",2,98,,,,,,,,,,,,,,,,,98,2,98,2,98,3,4,4,98,,4,4,3,1,1,1,3,1,2,2,98,2,0.42
150,4,5,3,"ALABAMA",2,2,,,,,,,,,,,,,,,"GOD MAKES THE EARTH, WEATHER AND ALL CREATURES",6,1,1,1,1,1,4,4,4,2,3,4,4,2,2,1,1,1,2,1,1,1,2,1.98
151,3,25,3,"ALABAMA",2,1,2,2,2,2,"TEMPERATURE CHANGES",2,2,2,2,1,4,2,4,1,,,4,98,3,2,2,98,4,4,2,1,1,4,1,1,6,,2,1,2,1,6,2,1.08
152,3,28,3,"ALABAMA",2,98,,,,,,,,,,,,,,,,,1,3,3,2,1,4,4,4,6,,4,4,3,1,1,1,4,5,2,1,4,2,0.45
153,3,30,3,"NORTH CAROLINA",2,98,,,,,,,,,,,,,,,,,1,1,1,1,1,4,4,4,4,3,1,4,2,1,2,,4,1,2,3,,2,0.42
154,3,21,4,"NORTH CAROLINA",2,1,1,1,1,1,"THE OVER-WHELMING EVIDENCE FROM THE SCIENTISTS",4,1,3,1,2,2,3,2,2,,,4,4,4,4,4,1,1,1,1,3,1,3,3,1,3,,5,1,1,4,5,1,0.275
155,4,4,4,"LOUISIANA",2,1,2,1,2,2,"WEATHER",3,1,3,2,2,98,4,1,1,,,1,4,4,4,4,4,4,4,6,,4,3,3,1,1,1,3,1,1,98,,2,0.42
156,3,30,1,"NEW YORK",1,2,,,,,,,,,,,,,,,"NO EVIDENCE",3,1,1,1,4,1,4,4,4,1,3,4,4,2,10,6,,3,1,1,4,4,2,1.63
157,3,31,4,"FLORIDA",2,1,2,3,2,1,"TOO MANY HURRICANES",3,2,1,1,1,4,4,2,2,,,3,3,3,3,3,2,3,2,2,3,2,3,3,1,2,,3,2,2,1,3,1,1.255
158,4,3,4,"FLORIDA",2,1,1,1,1,1,"PERSONAL OBSERVATIONS",2,1,1,3,2,4,2,1,3,,,4,4,4,4,4,2,4,4,1,3,4,3,2,1,1,1,2,2,2,1,3,1,1.555
159,3,24,4,"FLORIDA",2,1,1,2,2,2,"WEATHER CHANGES",3,2,1,3,2,4,1,2,3,,,3,3,3,2,3,3,3,3,98,,98,4,98,1,1,1,3,2,2,3,,2,0.42
160,4,1,3,"NEW YORK",1,1,2,2,3,2,"THE MEDIA",6,3,2,2,3,2,4,4,4,,,3,2,1,2,2,3,3,3,6,,2,3,1,1,2,,5,5,2,3,6,1,0.645
161,3,24,5,"FLORIDA",2,98,,,,,,,,,,,,,,,,,1,3,98,1,1,4,4,4,2,3,4,4,3,1,1,2,3,1,4,3,2,2,0.81
162,3,22,4,"WASHINGTON",4,1,1,3,1,1,"BURNING OF FOSSIL FUELS",8,1,1,1,4,2,4,1,2,,,4,4,4,3,1,2,2,2,1,1,1,4,3,1,6,,3,6,1,2,1,2,0.45
163,4,5,1,"WASHINGTON",4,1,1,3,1,1,"NEWS",6,1,3,2,3,98,3,1,4,,,4,4,4,4,4,3,3,4,6,,4,4,3,2,,,2,6,4,5,,1,2.785
164,3,31,4,"WASHINGTON",4,1,1,1,1,1,"SCIENCE",4,1,98,1,2,4,4,1,1,,,4,4,4,4,4,4,4,4,6,,4,4,3,,7,,5,5,,,,2,0.14
165,3,25,3,"WASHINGTON",4,1,2,3,2,2,"SCIENTIFIC EVIDENCE",4,2,98,2,2,4,98,3,2,,,3,98,3,98,2,3,3,3,1,1,98,3,1,1,2,,3,1,4,2,,2,0.78
166,3,22,4,"WASHINGTON",4,98,,,,,,,,,,,,,,,,,98,2,2,3,3,4,3,4,6,,98,3,98,1,1,2,2,1,,,,2,0.72
167,3,31,4,"WASHINGTON",4,2,,,,,,,,,,,,,,,"THE EARTHS NATURAL PATTERNS",2,2,2,98,1,1,3,3,3,98,,4,4,2,1,1,1,5,5,4,3,5,1,0.275
168,3,24,3,"WASHINGTON",4,1,1,1,2,1,"RESEARCH",4,1,4,4,2,2,4,2,2,,,3,3,3,3,3,2,2,2,1,1,3,4,1,1,,,5,1,4,3,5,1,0.625
169,3,31,4,"WASHINGTON",4,98,,,,,,,,,,,,,,,,,2,2,98,2,2,3,4,4,6,,2,4,2,1,1,1,2,5,2,1,3,1,1.555
170,3,22,4,"WASHINGTON",4,2,,,,,,,,,,,,,,,"CYCLES",2,1,1,1,1,1,4,4,4,6,,1,4,3,1,2,,3,1,2,2,4,2,0.44
171,3,23,3,"TEXAS",2,2,,,,,,,,,,,,,,,"NOT ENOUGHT MOVEMENT IN THE SUN",9,1,3,3,3,2,4,2,3,2,3,4,3,2,1,6,,4,5,4,3,2,2,0.46
172,3,23,2,"TEXAS",2,98,,,,,,,,,,,,,,,,,98,2,2,2,2,4,4,4,3,3,4,4,2,2,1,2,3,1,1,4,5,2,2.2
173,3,18,3,"FLORIDA",2,1,2,1,1,1,"OZONE BEING DEPLETED BY POLLUTION",8,2,3,4,1,2,4,1,1,,,3,3,4,4,3,2,2,2,1,1,4,3,3,1,2,,5,5,1,3,2,2,0.4
174,3,18,3,"RHODE ISLAND",1,2,,,,,,,,,,,,,,,"WEATHER",1,1,1,2,3,1,4,4,4,4,2,2,4,2,1,2,,2,1,98,1,1,2,1.1
175,3,27,3,"RHODE ISLAND",1,1,2,1,1,2,"MELTING",1,1,1,2,2,1,2,1,2,,,4,4,4,4,4,3,3,2,1,1,4,2,1,1,,,3,5,4,4,6,1,1.055
176,3,18,3,"RHODE ISLAND",1,1,2,3,2,2,"TOO HOT",2,2,3,4,2,4,3,1,2,,,3,3,3,3,3,3,3,3,6,,3,2,1,1,1,2,3,3,2,3,3,1,1.615
177,3,28,3,"RHODE ISLAND",1,2,,,,,,,,,,,,,,,"SNOWING",1,1,1,98,1,1,4,4,4,6,,4,4,2,1,2,,2,5,4,3,4,2,1.1
178,4,4,3,"GEORGIA",2,1,1,3,1,1,"TEMPERATURE HAS BEEN WARMER IN THE SUMMER AND MORE SEVERE WINTERS",2,1,1,1,1,4,4,1,1,,,4,4,4,4,4,2,3,2,1,3,4,2,1,2,1,2,4,1,1,3,4,1,1.355
179,3,27,4,"GEORGIA",2,1,2,2,4,2,"OBSERVATION AND WHAT I HAVE READ",2,2,2,2,2,4,2,2,2,,,2,98,3,2,1,4,4,4,1,2,98,4,2,1,1,1,5,1,2,3,5,1,0.275
180,3,30,4,"GEORGIA",2,1,2,2,4,2,"NEWSPAPER",6,3,2,2,2,4,1,4,2,,,1,1,1,1,1,3,3,3,98,,98,4,3,1,6,,3,2,4,2,3,1,1.255
181,4,5,4,"OKLAHOMA",2,2,,,,,,,,,,,,,,,"NO EVIDENCE",3,1,2,3,3,2,3,3,2,3,98,3,3,2,1,1,2,3,1,4,2,3,2,0.98
182,3,25,3,"MONTANA",4,98,,,,,,,,,,,,,,,,,2,3,3,98,2,4,3,4,98,,3,4,3,1,6,,2,2,4,98,,2,1.07
183,3,31,2,"MONTANA",4,1,1,3,1,1,"CLIMATE",2,1,1,1,1,1,1,1,1,,,4,4,4,4,4,1,1,1,1,3,3,4,3,1,6,,2,5,2,4,2,1,1.395
184,3,25,3,"MONTANA",4,1,98,2,3,2,"NOT SURE",10,98,4,4,4,4,4,4,4,,,1,1,1,4,1,4,4,4,1,2,4,4,2,1,1,2,2,1,2,3,5,2,1.06
185,3,24,4,"MONTANA",4,1,2,3,1,1,"THE SUMMERS ARE HOTTER",2,4,2,2,3,98,2,2,2,,,3,2,3,3,2,3,3,4,6,,3,4,2,1,1,1,3,1,4,3,,2,0.42
186,4,3,3,"CALIFORNIA",4,1,2,3,1,1,"SEVERE WEATHER CHANGES",3,1,1,1,1,3,4,2,1,,,4,4,4,3,3,2,4,2,1,3,2,3,1,9,2,,4,5,1,4,6,1,3.245
187,3,28,3,"CALIFORNIA",4,2,,,,,,,,,,,,,,,"PEOPLE LIE",9,2,2,3,3,2,3,4,3,6,,3,2,1,1,1,2,2,1,2,3,2,1,1.395
188,3,22,3,"CALIFORNIA",4,1,1,1,1,1,"MELTING",1,1,3,2,1,2,3,2,3,,,4,4,4,3,4,1,1,1,1,1,2,4,1,1,1,2,5,2,1,4,,1,0.635
189,4,4,2,"TENNESSEE",2,1,2,3,2,2,"COMBINATION OF NATURAL TRENDS AND MANS NEGLECT",9,2,2,3,2,4,3,2,2,,,3,2,3,3,2,2,4,2,2,3,2,3,3,1,1,1,2,1,2,3,2,1,1.395
190,3,20,2,"TEXAS",2,2,,,,,,,,,,,,,,,"GOD'S NATURAL WAY",6,2,2,2,1,1,4,4,4,2,2,4,4,2,1,2,,3,1,2,1,,2,0.78
191,3,24,4,"MARYLAND",2,1,1,1,3,1,"THE TEMPERATURE",2,1,1,2,1,4,4,1,2,,,3,3,3,3,3,2,3,3,3,3,3,4,1,1,2,,2,1,1,3,2,1,1.035
192,3,22,3,"MARYLAND",2,1,2,1,2,1,"STATE OF CLIMATE AROUND THE WORLD",3,2,2,2,2,1,2,1,1,,,4,4,2,4,2,4,1,4,1,1,4,4,3,2,1,2,3,5,1,3,4,2,1.42
193,3,28,3,"MARYLAND",2,1,2,2,2,2,"EARTH CYCLES AND PATTERNS",9,1,2,3,3,4,3,1,3,,,3,3,4,1,3,3,4,4,1,3,4,3,3,1,1,1,3,1,2,1,3,1,1.615
194,4,5,3,"MARYLAND",2,1,1,1,2,1,"LESS SNOW AND LESS COLD TEMPERATURES",2,2,2,1,2,1,1,2,1,,,4,4,3,3,3,2,2,2,1,3,4,3,1,1,3,,4,1,1,4,5,2,0.41
195,3,30,4,"MARYLAND",2,1,1,3,3,2,"WHAT I HEAR AND READ",6,2,1,4,4,4,2,4,4,,,2,3,4,3,3,3,3,3,2,3,98,4,2,1,6,,5,2,4,2,2,1,0.325
196,3,31,2,"MASSACHUSETTS",1,1,2,1,2,1,"MELTING ICEBERGS",1,1,3,2,2,2,3,1,2,,,3,3,4,4,3,2,2,2,1,3,1,3,1,1,2,,4,5,1,3,6,1,0.715
197,3,27,5,"MASSACHUSETTS",1,98,,,,,,,,,,,,,,,,,4,4,2,2,3,4,4,4,6,,4,3,3,1,2,,4,1,2,2,,1,0.695
198,3,25,2,"WISCONSIN",3,2,,,,,,,,,,,,,,,"NATURAL CYCLES",2,1,1,3,2,1,4,4,4,6,,1,4,1,1,2,,3,1,4,2,,1,1.055
199,3,18,4,"MISSOURI",3,1,2,3,2,98,"CHANGE IN WEATER",3,2,2,2,2,4,2,2,2,,,2,98,98,2,3,3,4,4,6,,3,3,3,1,1,2,2,1,2,2,3,2,1.28
200,3,22,3,"MISSOURRI",3,2,,,,,,,,,,,,,,,"EARTH CYCLES",2,2,2,98,1,2,4,4,4,2,3,98,4,2,1,6,,5,2,4,2,2,2,0.4
201,3,18,4,"MISSOURI",3,2,,,,,,,,,,,,,,,"GOD MADE THE DIFFERENT WEATHER PATTERNS",6,2,2,2,1,1,4,4,4,2,98,4,4,2,1,1,1,2,1,2,1,,2,0.72
202,3,25,2,"MISSOURI",3,1,1,1,1,1,"WINTER IS SHORTER",3,2,2,2,2,2,1,1,1,,,4,4,2,2,3,4,4,4,1,1,2,4,2,1,6,,2,1,4,4,3,2,1.64
203,3,23,4,"OHIO",3,1,4,2,4,2,"NOT SURE",10,4,4,4,4,4,4,4,4,,,1,1,1,1,1,4,4,4,6,,1,4,3,1,1,2,2,1,2,1,2,1,1.035
204,3,23,3,"OHIO",3,1,1,1,1,1,"REASERCH",4,1,1,2,1,3,2,2,2,,,4,4,4,4,4,2,2,2,1,1,3,4,1,1,1,2,4,1,1,3,5,2,0.41
205,4,1,4,"OHIO",3,98,,,,,,,,,,,,,,,,,2,1,3,3,1,2,3,3,1,3,1,3,1,1,1,2,3,2,4,3,98,1,0.695
206,4,1,3,"TENNESSEE",2,98,,,,,,,,,,,,,,,,,2,3,4,2,2,4,4,4,6,,2,4,3,1,1,98,2,2,4,2,4,2,1.09
207,4,1,1,"TENNESSEE",2,98,,,,,,,,,,,,,,,,,3,2,2,2,2,4,4,4,1,3,2,2,3,1,1,1,3,1,1,3,2,2,1.62
208,4,1,3,"TENNESSEE",2,1,2,2,2,2,"RESEARCH ON THE NET",4,4,1,1,1,4,4,1,1,,,3,1,1,1,1,4,4,4,3,3,4,4,2,1,1,2,3,5,4,2,1,2,0.81
209,4,5,3,"TENNESSEE",2,1,1,1,1,1,"PLAYED WITH MOTHER NATURE",8,1,1,4,1,1,1,1,3,,,1,4,1,1,1,4,4,4,6,,4,4,2,5,5,,5,2,,4,2,1,1.205
210,3,23,3,"CALIFORNIA",4,1,1,1,1,1,"INCREASING DROUGHTS AND WILDFIRES",3,2,1,2,2,2,2,2,1,,,4,4,4,4,4,1,2,2,1,1,1,4,2,5,2,,3,5,4,3,,2,1.3
211,3,23,4,"WASHINGTON",4,1,1,3,1,2,"SCIENTIFIC EVIDENCE",4,1,4,2,2,2,4,2,2,,,4,4,4,4,4,1,1,3,1,1,2,3,1,1,,,4,4,1,5,,2,0.07
212,3,27,1,"WASHINGTON",4,1,2,1,1,1,"FLOODING",3,2,1,4,3,98,1,1,3,,,4,4,4,4,4,4,4,4,98,,4,4,3,1,6,,,5,3,5,2,1,1.895
213,3,30,3,"TEXAS",2,1,2,3,2,2,"THE NEWS",6,2,2,2,1,4,2,3,2,,,2,3,98,98,2,3,3,3,6,,3,4,2,2,1,2,5,1,1,98,,2,0.99
214,3,20,3,"VIRGINIA",2,1,1,3,2,2,"RESEARCH",4,1,4,1,3,4,3,3,3,,,3,98,98,2,1,3,3,3,6,,1,2,1,1,2,,3,1,2,2,6,1,1.055
215,3,31,4,"UTAH",4,1,1,3,1,2,"ICECAPS ARE MELTING",1,1,1,2,2,3,2,2,3,,,4,3,4,4,4,2,3,2,1,1,1,4,2,1,2,,2,2,1,3,3,2,1.28
216,3,29,2,"UTAH",4,2,,,,,,,,,,,,,,,"CLIMATE",8,4,1,2,2,1,4,4,4,6,,98,3,1,1,2,,3,3,2,2,6,1,1.865
217,3,29,3,"OHIO",3,2,,,,,,,,,,,,,,,"WEATHER",1,2,3,4,2,2,4,4,2,6,,2,2,3,1,1,,3,1,4,1,,1,1.045
218,4,3,3,"OHIO",3,2,,,,,,,,,,,,,,,"WEATHER",1,1,1,3,3,1,4,4,4,6,,4,4,3,1,1,2,4,1,1,4,3,1,1.255
219,3,23,3,"GEORGIA",2,1,1,3,1,1,"WHAT PEOPLE SAY",6,1,1,1,98,2,1,1,1,,,4,4,4,3,3,4,3,3,1,2,2,3,1,2,1,2,5,1,1,5,,1,1.265
220,3,29,1,"GEORGIA",2,2,,,,,,,,,,,,,,,"GOVERNMENT PROPAGANDA",7,1,3,3,1,2,4,4,4,6,,3,4,2,2,1,1,2,1,1,3,1,2,2.54
221,3,22,1,"ARKANSAS",2,1,2,3,2,1,"LISTENING",6,1,2,1,1,1,4,1,2,,,3,3,4,3,3,3,2,2,1,1,4,3,1,,,,,,,,,1,1.985
222,3,18,3,"ARIZONA",4,1,1,2,4,1,"COMBINATION OF THINGS",10,1,4,1,1,4,4,1,1,,,2,1,2,2,3,2,4,1,6,,2,4,2,1,1,2,4,4,1,4,6,2,0.43
223,3,29,4,"WISCONSIN",3,1,2,1,1,1,"MELTING OF THE ICE CAPS",1,1,2,2,2,3,3,1,1,,,4,4,4,3,3,2,2,2,1,1,2,3,2,1,1,2,5,2,4,3,6,2,0.02
224,3,25,2,"PENNSYLVANIA",1,1,2,2,2,1,"IT IS WARMER",2,1,2,2,3,3,3,1,2,,,3,3,4,3,3,2,2,3,1,3,98,4,3,1,6,,3,5,1,3,,2,0.78
225,3,18,1,"KENTUCKY",2,98,,,,,,,,,,,,,,,,,3,3,4,2,2,4,4,4,6,,2,3,3,1,1,1,3,5,,3,2,2,1.62
226,4,3,3,"KENTUCKY",2,1,1,1,1,1,"SCIENTIFIC REPORTS",4,1,2,1,4,1,4,2,4,,,4,4,4,4,4,1,1,1,1,1,4,2,3,1,1,2,2,5,1,5,,2,1.07
227,4,3,3,"KENTTUCKY",2,1,1,1,1,1,"HISTORY",9,1,1,2,1,1,4,2,1,,,4,4,4,4,4,2,4,4,1,1,1,4,2,1,2,,5,2,,3,,1,0.635
228,4,5,1,"OREGON",4,2,,,,,,,,,,,,,,,"COLDER WINTERS",1,98,2,4,4,98,98,98,98,1,3,4,4,1,1,6,,2,1,4,3,3,2,2.44
229,3,22,3,"OREGON",4,98,,,,,,,,,,,,,,,,,2,2,3,3,3,4,4,4,6,,4,4,2,1,2,,2,1,1,2,2,1,1.385
230,3,21,4,"OREGON",4,1,1,1,1,1,"TEMPERATURE CHANGES  ALL OVER THE COUNTRY",2,1,3,2,1,4,4,1,2,,,4,4,4,4,4,2,2,4,1,1,4,3,2,1,1,1,2,1,4,2,1,2,0.75
231,3,27,4,"OREGON",4,2,,,,,,,,,,,,,,,"STILL COLD",1,2,2,3,2,2,4,3,3,6,,4,2,1,1,2,,2,3,1,3,2,2,0.76
232,3,18,2,"OREGON",4,1,1,1,1,1,"INCREASED CONCENTRATION CARBON DIOXIDE",10,1,3,1,3,3,2,2,2,,,4,4,4,4,4,2,1,2,1,1,1,3,1,1,,,5,3,1,4,6,1,0.655
233,3,25,3,"LOUISIANA",2,1,1,3,1,1,"COMMON SENSE",10,1,2,2,1,1,4,2,1,,,4,4,4,4,4,1,1,3,1,3,98,3,1,1,2,,5,2,1,5,,1,0.635
234,3,20,,"MEXICO",,,,,,,,,,,,,,,,,,,,,,,,,,,,,,,,,,,,,,,,,
235,3,21,2,"NEW MEXICO",4,1,2,1,1,1,"EXTREMELY HOT WEATHER",2,3,1,3,2,3,3,2,1,,,4,3,3,4,4,1,2,98,1,1,1,4,2,10,3,,2,1,,,,1,2.155
236,3,30,4,"MINNESOTA",3,98,,,,,,,,,,,,,,,,,2,4,4,4,3,4,4,4,4,3,98,3,3,1,98,,98,1,,98,,1,0.695
237,4,4,4,"MINNESOTA",3,1,3,2,3,2,"I DO NOT KNOW",10,3,4,4,4,4,4,4,4,,,3,1,3,2,1,4,4,4,6,,2,3,3,1,2,,2,1,,3,,2,0.72
238,3,30,3,"MINNESOTA",3,1,3,2,3,2,"MEDIA",6,2,4,4,3,4,4,2,4,,,2,2,2,2,2,4,4,4,6,,1,3,3,1,1,2,3,4,2,3,6,1,1.055
239,3,30,4,"MINNESOTA",3,1,3,3,2,2,"THINGS THAT I HAVE SEEN ON TV",6,1,4,4,3,4,4,1,4,,,4,2,4,2,2,4,4,4,6,,98,4,3,1,1,2,3,1,2,2,3,1,1.255
240,4,1,2,"MINNESOTA",3,98,,,,,,,,,,,,,,,,,4,4,98,4,4,4,4,4,1,1,4,4,3,1,1,1,3,1,,3,,2,0.78
241,3,22,3,"MINNESOTA",3,2,,,,,,,,,,,,,,,"COLD IN WINTER",1,3,2,2,2,2,3,3,3,6,,3,4,2,1,98,,3,1,4,3,2,1,1.085
242,4,1,3,"MINNESOTA",3,1,1,3,1,98,"POLAR ICE MELT",1,1,3,4,2,98,4,1,2,,,3,3,3,2,98,3,3,3,1,1,3,3,1,1,98,,3,1,1,4,2,2,0.81
243,3,25,3,"MINNESOTA",3,2,,,,,,,,,,,,,,,"JUST DO NOT THINK SO",8,2,3,3,2,2,3,3,4,3,3,4,4,3,1,,,3,5,1,2,2,2,0.82
244,4,4,4,"MASSACHUSETTS",1,2,,,,,,,,,,,,,,,"BECAUSE ITS STILL COLD",1,1,1,4,1,1,4,4,4,6,,4,4,3,1,2,,2,1,4,3,,2,0.72
245,4,5,4,"MASSACHUSETTS",1,2,,,,,,,,,,,,,,,"COLDER WINTERS",1,2,98,4,1,2,4,4,4,6,,2,3,1,1,2,,4,1,1,4,3,1,0.905
246,4,5,3,"MASSACHUSETTS",1,98,,,,,,,,,,,,,,,,,98,3,3,3,4,98,4,2,1,1,2,3,1,1,2,,4,1,4,4,6,2,0.44
247,3,25,3,"WASHINGTON",4,98,,,,,,,,,,,,,,,,,1,1,4,4,2,4,4,4,2,98,4,98,3,1,,,3,1,,,,1,1.045
248,4,4,3,"WASHINGTON",4,1,1,3,1,2,"SCIENCE AND NEWS",4,1,1,1,1,1,2,1,3,,,1,4,4,4,4,4,4,4,1,3,4,3,3,1,,,3,2,1,5,6,2,0.78
249,3,22,4,"WASHINGTON",4,1,1,1,1,1,"PERSONAL OBSERVATIONS",2,1,1,2,2,4,4,3,2,,,4,4,4,2,3,4,4,4,1,3,4,4,2,1,1,2,3,1,1,1,4,1,0.715
250,3,23,4,"WASHINGTON",4,2,,,,,,,,,,,,,,,"HAVE SEEN WEATHER CHANGES MY WHOLE LIFE",1,1,1,98,1,1,4,4,4,6,,4,3,3,1,2,,2,1,2,1,3,2,1.28
251,4,4,4,"WASHINGTON",4,98,,,,,,,,,,,,,,,,,2,2,3,2,2,3,4,4,6,,2,3,3,1,1,2,5,1,4,2,3,1,0.845
252,3,29,3,"CALIFORNIA",4,1,2,1,1,1,"OBSERVATIONS",2,1,1,,1,4,1,98,3,,,4,4,4,4,4,1,1,2,1,98,1,4,3,1,2,,5,6,1,98,6,1,0.645
253,3,30,1,"CALIFORNIA",4,1,2,1,2,1,"MAN'S MISUSE OF THE EARTH",8,1,1,2,1,4,4,2,1,,,3,3,4,3,3,3,3,2,1,3,2,3,2,9,2,,3,5,3,5,2,2,3.15
254,3,28,2,"CALIFORNIA",4,1,1,3,1,1,"CHANGES IN WILDLIFE BEHAVIOR",7,1,1,1,2,4,4,1,2,,,4,4,4,4,4,3,2,2,1,3,2,3,3,1,6,,4,5,1,5,6,1,0.715
255,3,23,4,"TEXAS",2,98,,,,,,,,,,,,,,,,,2,98,98,3,3,3,3,2,6,,98,3,1,1,2,,3,3,1,3,2,2,0.46
256,3,24,3,"TEXAS",2,1,1,3,1,98,"DATA",4,1,4,1,2,2,3,2,1,,,4,4,4,3,4,1,1,4,3,1,1,4,2,1,6,,5,5,4,3,4,1,0.655
257,4,5,2,"OHIO",3,1,1,2,3,1,"NOT SURE",10,2,4,1,2,4,2,3,3,,,1,1,2,2,2,1,2,3,1,1,1,4,2,1,1,1,4,2,2,3,6,1,0.715
258,3,29,3,"KENTUCKY",2,2,,,,,,,,,,,,,,,"TOO MUCH SPACE JUNK GOING UP",9,4,4,4,1,2,4,4,4,1,3,4,3,3,1,1,2,2,2,2,1,,1,1.345
259,4,1,4,"OHIO",3,2,,,,,,,,,,,,,,,"COLD WINTERS",1,1,1,1,1,1,4,4,4,6,,4,3,1,1,1,2,2,5,2,2,98,2,0.72
260,3,23,4,"OHIO",3,98,,,,,,,,,,,,,,,,,1,1,1,1,1,1,1,4,6,,1,4,2,1,98,,3,1,98,1,4,1,0.715
261,3,20,1,"OHIO",3,1,2,3,1,1,"ALTERED SEASONS",3,1,3,3,4,98,1,4,1,,,4,4,4,1,1,4,4,4,1,1,1,3,3,1,98,,2,5,4,3,3,1,2.715
262,3,24,4,"IOWA",3,1,1,1,1,1,"DESTROYING OF OZONE LAYER",10,3,3,1,1,4,1,1,2,,,4,1,1,4,4,4,4,4,1,3,4,3,1,1,6,,2,2,1,5,1,1,1.025
263,3,25,3,"IOWA",3,1,2,3,1,1,"SCIENTIFIC EVIDENCE",4,2,2,3,3,4,3,2,2,,,3,2,1,4,3,2,3,4,1,1,98,3,3,,1,1,3,1,4,2,,2,0.9
264,3,30,4,"IOWA",3,1,2,1,2,1,"WHAT WE READ AND HEAR ABOUT",6,1,3,4,2,4,2,1,2,,,3,3,3,4,3,98,2,3,1,1,2,3,1,1,1,1,3,1,2,2,,2,0.42
265,3,27,3,"NEW YORK",1,2,,,,,,,,,,,,,,,"NATURAL TRENDS OF TEMPERATURES",2,1,1,2,1,1,4,4,4,6,,1,4,2,1,3,,4,1,4,2,5,1,0.685
266,3,27,2,"NEW YORK",1,1,1,1,1,1,"MEDIA",6,1,3,1,4,1,1,1,1,,,4,4,4,4,4,2,2,2,1,1,4,3,1,1,7,,4,5,1,5,6,2,0.44
267,3,23,3,"NEW YORK",1,1,2,1,1,1,"TERRIBLE WEATHER CONDITIONS",3,2,2,2,1,3,3,2,1,,,4,3,3,4,3,2,4,3,1,1,2,4,2,1,6,,3,5,4,3,,2,0.77
268,3,28,3,"NEW YORK",1,1,1,1,1,1,"READING",6,1,1,1,2,1,3,1,1,,,4,4,4,3,4,2,2,2,1,1,4,4,2,1,2,,5,5,4,98,6,1,0.645
269,3,25,4,"NEW YORK",1,1,1,1,1,1,"NOT SURE",10,2,98,4,3,4,4,2,3,,,3,98,3,4,98,2,2,4,1,3,98,4,1,,2,,2,1,1,2,2,1,1.165
270,3,22,3,"MICHIGAN",3,98,,,,,,,,,,,,,,,,,2,1,98,1,1,4,4,4,2,98,4,3,2,1,6,,5,2,4,3,6,2,0.37
271,3,25,3,"MICHIGAN",3,2,,,,,,,,,,,,,,,"CYCLICAL TRENDS",2,1,1,1,1,1,4,4,4,1,3,1,4,2,1,1,1,2,3,2,1,,2,1.07
272,3,23,4,"MICHIGAN",3,2,,,,,,,,,,,,,,,"CYCLE",2,1,98,3,3,2,2,3,4,1,98,2,3,1,1,1,2,4,2,2,1,3,1,0.905
273,3,18,3,"MICHIGAN",3,1,1,3,1,1,"WARMER TEMPERATURES",2,1,1,2,3,4,4,1,4,,,4,4,4,4,3,4,4,4,6,,3,3,3,1,2,,4,1,1,4,4,2,0.45
274,3,25,3,"NEW YORK",1,1,1,1,1,1,"TEMPERATURES ARE GETTING HOTTER EVERY YEAR",2,1,1,1,1,4,1,1,1,,,4,1,1,4,4,4,4,4,1,3,4,4,2,1,6,,2,1,4,5,2,1,1.385
275,4,4,3,"NEW YORK",1,2,,,,,,,,,,,,,,,"NOT SURE",9,2,3,3,2,98,2,2,3,6,,4,3,3,1,2,,3,1,2,2,1,1,1.075
276,3,20,4,"NEW YORK",1,2,,,,,,,,,,,,,,,"SEVERE WINTERS",1,1,1,98,98,1,4,4,4,98,,3,4,1,1,1,2,2,1,2,3,98,2,0.72
277,3,21,3,"ARIZONA",4,2,,,,,,,,,,,,,,,"NONE",8,3,3,98,98,2,3,3,4,6,,1,3,1,1,,,5,2,2,3,,1,0.635
278,3,21,4,"ARIZONA",4,1,2,1,1,1,"PERSONAL OBSERVATIONS",2,1,1,2,98,2,1,98,2,,,4,2,4,4,2,2,2,2,1,1,2,3,1,2,1,2,5,4,1,,,1,0.915
279,3,30,3,"ARIZONA",4,1,1,2,3,2,"THE FACTS OF HISTORY",9,4,2,2,1,4,4,4,4,,,4,4,1,4,98,4,4,4,3,3,4,4,2,1,1,2,3,1,2,3,2,2,0.81
280,4,5,4,"ARIZONA",4,1,2,2,4,2,"TEMPERATURE",2,4,4,4,4,4,4,4,4,,,4,1,4,1,1,4,4,4,4,3,1,4,2,1,1,1,4,2,4,2,6,1,0.355
281,3,24,4,"ARIZONA",4,2,,,,,,,,,,,,,,,"DIFFERENT",9,1,1,2,1,1,4,4,2,1,3,3,4,2,1,1,2,3,1,2,2,6,2,0.43
282,3,22,4,"NEW YORK",1,1,2,2,2,1,"NOT SURE",10,1,4,2,4,4,4,2,2,,,4,4,4,2,4,1,1,3,1,3,4,3,1,,,,5,2,,,,1,0.415
283,3,24,3,"ARIZONA",4,1,2,3,2,98,"THE NEWS",6,2,4,4,3,4,3,1,3,,,2,2,98,2,3,3,3,3,6,,98,4,3,1,7,,3,3,4,1,1,2,0.8
284,3,18,3,"CALIFORNIA",4,1,2,1,3,2,"NEWS",6,1,4,2,98,4,4,1,2,,,3,4,4,4,3,4,4,4,2,,4,4,2,1,,,5,5,3,2,4,1,0.655
285,3,24,1,"CALIFORNIA",4,1,1,1,1,1,"ERODING BEACHES AND MANS NEGLECT OF THE ENVIRNONMENT",11,1,1,1,1,3,3,2,1,,,3,3,4,3,2,4,4,4,1,3,4,4,2,1,6,,5,5,4,5,5,1,1.435
286,3,24,3,"CALIFORNIA",4,2,,,,,,,,,,,,,,,"GOD CREATED THE WEATHER",6,1,1,2,1,1,4,4,4,2,98,4,4,2,9,2,,2,1,4,3,3,1,4.435
287,4,1,1,"CALIFORNIA",4,1,2,1,1,1,"WEATHER IS CHANGING",3,1,1,1,1,4,4,2,1,,,3,3,3,3,3,4,4,4,2,3,2,4,3,1,1,2,3,1,2,98,1,2,1.61
288,4,3,4,"CALIFORNIA",4,2,,,,,,,,,,,,,,,"SCIENTISTS THEORIES",3,1,1,1,1,1,4,4,4,1,3,1,4,2,1,1,1,5,5,3,98,4,1,0.305
289,3,25,3,"CALIFORNIA",4,1,1,1,1,1,"GLACIERS MELTING",1,1,4,1,4,4,4,1,4,,,4,4,4,4,4,4,4,4,1,1,1,4,3,1,2,,4,5,1,3,6,1,0.705
290,3,30,2,"CALIFORNIA",4,1,1,1,1,1,"WILDFIRES AND MUDSLIDES",3,1,2,2,1,2,2,2,1,,,4,4,4,4,4,1,2,2,1,1,1,4,1,1,2,,4,5,1,4,5,1,0.695
291,3,24,3,"VIRGINIA",2,2,,,,,,,,,,,,,,,"INCONSISTANT",9,2,2,98,2,2,98,4,4,6,,98,4,3,1,1,2,3,1,4,3,5,2,0.76
292,3,31,5,"VIRGINIA",2,1,1,3,4,1,"TEMPERATURE",2,2,1,1,1,98,4,3,2,,,4,1,4,1,1,4,4,4,1,1,4,4,3,,,,2,1,,3,,2,1.2
293,3,25,2,"VIRGINIA",2,1,2,2,3,2,"WEATHER",3,1,1,3,3,98,1,2,1,,,1,1,2,2,1,4,4,4,2,2,2,3,1,1,1,1,4,5,,1,3,1,1.265
294,3,27,4,"VIRGINIA",2,1,2,2,2,1,"READING",6,1,4,4,4,4,4,4,4,,,4,2,3,2,2,1,2,1,1,3,1,3,1,1,2,,4,1,2,2,4,1,0.365
295,3,30,4,"OREGON",4,1,2,3,2,2,"SHORT SEASONS",3,2,2,4,3,4,2,1,2,,,3,3,2,2,3,3,3,3,6,,3,3,3,1,2,,4,2,4,2,3,2,0.63
296,3,27,3,"OREGON",4,1,1,3,1,1,"COMPUTER CHARTS AND PERSONAL OBSERVATION",4,1,3,1,3,4,3,1,3,,,4,4,4,4,4,2,4,2,1,1,3,3,3,1,1,2,4,5,2,1,3,2,0.98
297,3,23,4,"OREGON",4,1,1,1,2,1,"LOCAL TEMPERATURE OBSERVATIONS",2,1,1,1,4,1,4,1,4,,,2,3,3,4,4,2,2,2,1,1,4,4,1,1,6,,2,1,1,2,3,2,1.28
298,3,29,4,"OREGON",4,2,,,,,,,,,,,,,,,"ICE CAPS",9,3,3,98,3,3,3,4,4,1,3,98,4,2,1,6,,3,1,4,3,1,2,0.45
299,3,18,3,"OREGON",4,1,2,3,2,1,"THE ICE MELTING",1,1,2,4,4,4,3,1,4,,,3,3,2,2,3,4,3,3,6,,4,3,3,1,1,1,3,2,4,2,4,2,0.8
300,3,31,1,"CALIFORNIA",4,2,,,,,,,,,,,,,,,"AVERAGE TWMPERATURES",1,3,2,3,3,2,4,4,4,6,,4,4,2,1,1,1,5,1,2,2,6,2,1.18
301,3,23,3,"CALIFORNIA",4,1,2,1,1,1,"WEATHER",3,1,1,2,4,4,2,3,2,,,2,2,3,98,2,2,2,2,1,1,98,3,1,9,1,1,2,4,98,2,2,2,2.65
302,3,25,4,"FLORIDA",2,98,,,,,,,,,,,,,,,,,2,2,2,2,2,2,2,4,2,1,4,4,2,1,2,,2,3,1,3,1,2,0.75
303,3,22,2,"FLORIDA",2,1,1,1,1,1,"HURRICANES",3,1,3,2,1,4,2,1,2,,,3,3,3,3,3,1,4,2,1,1,1,3,1,9,2,,2,1,1,3,4,2,3.43
304,3,22,3,"CALIFORNIA",4,98,,,,,,,,,,,,,,,,,3,3,4,2,3,4,4,4,6,,4,4,3,9,2,,2,1,4,3,1,2,3.64
305,3,21,2,"CALIFORNIA",4,1,1,1,1,1,"DROUGHTS CAUSING WILD FIRES AND PROLONGED RAIN CAUSING MUDSLIDES",3,2,1,1,1,4,3,2,1,,,4,4,4,3,4,4,4,4,1,1,4,3,1,1,2,,4,4,2,4,5,2,0.42
306,3,25,4,"PENNSYLVANIA",1,1,2,1,1,1,"POLAR ICE CAPS",1,1,2,2,2,4,4,2,4,,,4,3,4,3,4,4,4,4,1,3,2,4,3,1,2,,2,1,2,1,4,1,1.015
307,3,24,2,"PENNSYLVANIA",1,1,1,2,2,1,"RESEARCH",4,1,2,2,1,4,4,1,3,,,3,3,3,4,3,3,3,3,1,3,2,3,3,1,1,2,4,5,1,3,6,1,0.715
308,3,22,3,"PENNSYLVANIA",1,2,,,,,,,,,,,,,,,"NATURAL CREATION OF CYCLES",2,2,2,2,1,1,4,4,4,2,2,4,4,2,1,,,4,1,4,3,,2,0.42
309,3,22,4,"PENNSYLVANIA",1,2,,,,,,,,,,,,,,,"STILL COLD OUT",1,2,2,2,2,2,3,3,3,6,,2,4,3,1,2,,5,1,2,2,2,2,0.05
310,3,21,3,"PENNSYLVANIA",1,1,2,3,2,98,"READING AND LISTENING",6,2,2,4,1,4,1,1,3,,,3,3,3,3,2,4,4,4,1,3,1,2,3,1,,,2,1,,,,1,1.345
311,3,22,3,"PENNSYLVANIA",1,1,98,3,4,2,"NO PROOF",10,4,4,4,4,4,4,4,4,,,1,1,98,98,1,4,4,4,6,,4,4,2,1,1,1,1,1,3,5,1,1,1.625
312,3,27,2,"PENNSYLVANIA",1,1,2,2,2,2,"REPORTS I HAVEE READ",6,1,4,2,1,4,4,2,4,,,3,1,2,1,1,4,4,4,6,,2,4,2,1,1,2,4,3,2,2,6,2,0.44
313,4,4,4,"PENNSYLVANIA",1,2,,,,,,,,,,,,,,,"DURING MY YEARS I HAVE NOT SEEN MANY CHANGES",1,4,2,1,1,2,4,4,4,1,3,3,4,2,1,6,,1,1,4,1,2,1,1.285
314,3,30,2,"MISSOURI",3,2,,,,,,,,,,,,,,,"TOO MANY LIES",4,2,2,98,3,2,3,3,2,6,,2,4,1,1,1,1,5,3,,2,2,1,1.485
315,4,3,4,"INDIANA",3,1,1,3,2,98,"NEWS",6,2,4,4,2,1,4,1,2,,,4,3,98,4,4,4,4,4,1,2,4,4,2,1,1,2,2,1,1,4,2,2,0.76
316,3,18,4,"INDIANA",3,1,2,2,2,2,"IT IS THE WAY THE EARTH WAS CREATED",9,4,4,4,4,4,4,4,4,,,3,2,3,1,3,1,4,4,1,3,4,3,3,1,1,2,2,5,4,3,2,1,1.035
317,4,5,4,"NEW MEXICO",4,1,2,1,3,2,"TREES",14,1,1,2,2,98,1,2,1,,,1,2,3,3,1,4,4,4,6,,4,4,3,1,1,1,3,1,2,2,3,1,1.255
318,4,4,4,"NEW MEXICO",4,1,1,3,2,2,"TEMPERATURES",2,2,2,2,3,4,2,2,3,,,2,2,4,2,2,4,4,4,6,,4,4,2,10,1,2,5,1,4,98,3,2,0.57
319,3,28,3,"NEW MEXICO",4,1,2,3,1,1,"HOTTER CLIMATES AND SEVERE WEATHER",2,2,1,2,2,3,3,2,2,,,3,3,4,3,3,3,3,3,1,3,3,3,3,1,1,2,4,2,2,1,4,2,0.44
320,3,18,3,"OKLAHOMA",2,1,2,2,1,1,"ATMOSPHERIC CHANGES",10,98,1,4,2,4,1,98,1,,,2,2,3,2,2,4,4,4,98,,4,4,3,1,6,,3,5,1,1,98,2,0.78
321,4,4,3,"OKLAHOMA",2,1,1,2,1,1,"OBSERVATION",2,1,1,2,1,4,1,1,1,,,4,4,98,2,4,4,4,4,1,1,2,4,2,1,1,1,2,1,2,1,1,2,1.1
322,3,21,3,"OKLAHOMA",2,98,,,,,,,,,,,,,,,,,4,4,98,2,1,4,4,4,1,3,4,4,3,1,1,2,5,1,1,2,3,2,0.92
323,3,31,3,"NEW YORK",1,1,1,3,2,2,"WHAT I AM READING AND WATCHING ON TV",6,2,3,4,4,4,4,4,4,,,3,3,4,4,2,4,4,4,1,2,98,3,3,1,2,,4,1,1,2,,1,0.695
324,3,18,3,"NEW YORK",1,98,,,,,,,,,,,,,,,,,1,4,4,4,4,4,4,4,1,1,4,4,2,1,1,1,1,1,3,4,1,2,1.35
325,3,22,4,"MICHIGAN",3,2,,,,,,,,,,,,,,,"HOAX",9,1,1,1,1,1,4,4,4,6,,1,4,1,1,2,,4,2,2,2,3,1,0.905
326,4,4,4,"MICHIGAN",3,1,2,98,2,1,"READING",6,2,2,2,1,,2,2,2,,,2,98,98,98,98,4,4,4,2,1,4,4,3,1,1,1,2,1,1,2,3,2,1.28
327,3,30,3,"MISSISSIPPI",2,1,3,2,4,98,"SOMETHING TO DO WITH SPACE",10,2,2,3,1,4,2,2,2,,,3,3,2,3,3,3,2,2,3,2,4,4,2,2,1,2,1,1,1,3,1,1,2.265
328,4,1,4,"MISSISSIPPI",2,1,1,1,1,1,"HOTTER",2,1,1,1,1,98,1,1,1,,,1,4,4,4,4,4,3,4,6,,4,4,3,2,6,,1,1,1,1,2,1,1.915
329,4,5,4,"MISSISSIPPI",2,1,1,1,1,1,"PERSONAL OBSERVATION",2,1,2,1,1,3,4,1,3,,,4,4,4,4,4,2,2,4,2,1,4,3,2,2,6,,5,5,4,3,1,2,0.67
330,3,18,3,"ARIZONA",4,98,,,,,,,,,,,,,,,,,2,2,2,3,1,4,4,4,1,2,1,4,3,1,6,,2,1,4,2,98,1,1.345
331,3,23,3,"ARIZONA",4,1,3,3,2,1,"ICE GLACIERS MELING",1,1,2,2,2,98,98,2,1,,,4,4,4,98,4,98,1,4,1,2,4,4,3,1,2,,3,1,4,4,4,2,0.8
332,4,3,2,"NEW HAMPSHIRE",1,2,,,,,,,,,,,,,,,"RESEARCH",5,1,1,1,1,1,4,4,4,6,,4,4,2,1,1,1,5,5,2,2,5,2,0.36
333,3,27,4,"NEW HAMPSHIRE",1,1,2,3,2,2,"TOO MANY SPACE FLIGHTS GOING UP",8,2,2,2,2,4,3,2,2,,,3,3,3,3,3,4,4,4,1,3,4,3,3,1,2,,2,2,1,3,3,1,1.555
334,4,1,4,"NEW HAMPSHIRE",1,1,1,1,1,1,"WEATHER IS CHANGING",3,1,2,1,2,98,2,1,3,,,4,4,4,3,98,3,3,3,6,,3,4,3,1,98,,2,1,4,4,2,2,0.76
335,3,20,4,"NEW HAMPSHIRE",1,1,2,1,1,1,"RESPONSE OF FLORS AND FAUNA TO THE ENVIRONMENTAL SITUATION",14,1,3,1,2,2,4,1,2,,,4,4,4,4,4,2,1,1,1,1,2,3,1,1,1,2,4,2,1,1,5,1,0.335
336,3,18,3,"NEW HAMPSHIRE",1,2,,,,,,,,,,,,,,,"TEMPERATURE",1,2,2,2,1,1,4,4,4,6,,98,4,1,1,2,,3,1,2,2,4,2,0.79
337,3,30,3,"SOUTH DAKOTA",3,1,1,3,98,1,"WEATHER PATTERN OR EXTREME WEATHER EVENTS",3,1,4,1,1,1,1,1,1,,,4,4,4,3,4,1,1,1,1,1,4,3,1,10,6,,3,5,1,5,4,2,0.8
338,3,22,1,"KENTUCKY",2,1,2,1,1,1,"LA NINA FACTOR",3,1,3,1,2,1,2,2,3,,,4,4,4,4,4,98,2,2,1,3,4,4,1,1,1,2,3,5,1,5,2,1,1.895
339,3,28,3,"KENTUCKY",2,2,,,,,,,,,,,,,,,"NO CHANGE IN WEATHER",1,2,2,2,2,2,3,3,3,2,3,3,3,2,1,1,2,4,1,2,3,4,2,0.44
340,4,1,2,"KENTUCKY",2,2,,,,,,,,,,,,,,,"WEATHER IS STAYING ABOUT SAME",1,2,2,2,2,2,3,4,4,1,3,3,4,3,1,6,,3,1,1,2,6,1,1.865
341,3,24,3,"NEW YORK",1,1,1,1,1,1,"NEWS REPORTS",6,1,2,2,2,2,3,2,2,,,4,4,4,4,4,1,1,1,1,1,4,3,3,1,6,,5,5,3,4,3,2,0.93
342,3,22,4,"NEW YORK",1,98,,,,,,,,,,,,,,,,,1,1,2,1,1,4,4,4,6,,1,3,3,1,1,2,3,1,2,1,2,1,0.735
343,4,5,3,"NEW YORK",1,1,1,2,1,1,"OBSERVING",2,3,1,2,3,98,3,1,1,,,3,2,2,98,2,3,3,3,4,1,3,3,3,1,3,,5,1,2,3,,2,0.36
344,3,18,4,"NEW YORK",1,1,2,3,2,1,"THE WEATHER",3,2,3,4,2,98,2,1,2,,,3,3,2,3,3,3,4,3,6,,3,4,3,1,2,,4,1,4,3,4,2,0.09
345,3,28,3,"WISCONSIN",3,2,,,,,,,,,,,,,,,"NOT EXPERIENCING THE WARMTH",1,2,1,2,2,2,4,4,4,3,3,4,4,2,1,1,2,2,1,2,1,,1,1.355
346,3,23,2,"WISCONSIN",3,1,2,2,4,1,"HISTORY OF THE EARTH",9,2,2,2,3,3,4,98,3,,,4,2,2,1,1,4,4,4,6,,98,4,3,1,6,,4,3,3,3,6,1,0.715
347,3,30,4,"WISCONCIN",3,2,,,,,,,,,,,,,,,"COLDER WINTER",1,2,98,2,2,2,4,4,4,98,,4,4,2,10,2,,2,1,4,3,,1,1.025
348,3,24,3,"NEW JERSEY",1,1,2,2,2,1,"TEMPERATURE CHANGES",2,4,1,4,2,4,2,98,98,,,3,2,3,2,2,3,3,3,2,3,4,4,2,1,2,,3,1,,,6,1,1.065
349,3,29,2,"NEW JERSEY",1,1,2,2,2,2,"NEWS",6,2,2,2,3,2,3,4,2,,,4,2,3,2,2,4,4,4,6,,1,4,1,1,1,2,4,5,2,1,5,1,1.495
350,3,22,5,"NEW JERSEY",1,1,1,1,1,1,"CLIMATE",2,1,1,4,1,2,1,1,1,,,3,3,4,4,2,2,2,2,1,1,4,3,1,1,7,,4,2,4,5,3,2,0.98
351,3,22,4,"PENNSYLVANIA",1,1,1,3,1,98,"WARMER SUMMERS",2,4,1,2,3,3,4,2,2,,,4,4,4,4,3,4,4,4,1,3,4,4,2,1,1,98,1,1,1,5,2,2,1.01
352,4,3,3,"PENNSYLVANIA",1,1,1,1,2,1,"MELTING",1,1,2,1,3,3,3,2,2,,,4,3,4,3,3,2,2,2,1,1,1,2,1,2,1,2,5,98,1,3,6,1,1.275
353,3,28,2,"PENNSYLVANIA",1,1,1,3,2,1,"NEWS REPORTS",6,1,2,1,2,2,2,2,2,,,4,4,4,4,4,2,2,2,1,1,2,3,3,1,1,2,5,1,1,3,5,2,0.36
354,3,28,4,"PENNSYLVANIA",1,1,1,1,1,1,"WHATS HAPPENING IN THE ARCTIC AND ANTARCTIC",1,1,2,1,1,1,4,1,1,,,4,4,4,4,4,1,4,98,1,1,4,3,98,1,2,,3,2,1,2,2,2,0.46
355,3,31,2,"PENNSYLVANIA",1,1,2,1,2,1,"CRAZY WEATHER",3,1,3,2,1,3,2,2,3,,,2,3,4,2,2,2,4,3,1,1,3,3,3,1,1,2,3,4,2,3,4,1,1.075
356,3,31,2,"PENNSYLVANIA",1,2,,,,,,,,,,,,,,,"COLDER WINTERS",1,1,1,2,3,1,2,3,3,1,3,1,3,1,1,1,1,3,2,1,4,6,2,0.79
357,4,4,4,"PENNSYLVANIA",1,2,,,,,,,,,,,,,,,"WE ARE IN A NATURAL WARMING CYCLE",2,2,3,3,1,2,4,4,3,4,3,1,3,1,1,2,,5,1,2,1,,1,0.285
358,3,27,3,"PENNSYLVANIA",1,2,,,,,,,,,,,,,,,"THE LAST 2 YEARS WERE BRUTALLY COLD",1,1,98,3,98,1,3,3,3,3,3,2,4,2,1,6,,5,1,1,2,4,2,0.39
359,3,30,3,"PENNSYLVANIA",1,2,,,,,,,,,,,,,,,"WE JUST HAD THE COLDEST WINTER YET",1,1,2,3,1,2,4,4,4,6,,3,4,3,2,1,1,2,1,1,3,2,2,1.74
360,4,1,2,"PENNSYLVANIA",1,1,2,1,2,1,"REPORTS AND ARTICLES",4,2,2,2,3,3,2,2,3,,,3,3,4,3,4,4,4,3,6,,3,3,3,1,1,2,5,5,2,3,6,2,0.38
361,3,21,3,"PENNSYLVANIA",1,2,,,,,,,,,,,,,,,"NO PROOF",3,3,3,4,3,2,3,3,3,6,,4,4,3,1,2,,4,5,2,2,,2,0.43
362,3,20,3,"OHIO",3,1,2,98,1,1,"WEATHER PATTERNS ARE CHANGING",3,1,1,2,1,1,2,2,1,,,4,4,4,2,2,2,2,2,1,1,2,4,2,1,2,,4,5,1,4,6,2,0.43
363,3,23,3,"OHIO",3,2,,,,,,,,,,,,,,,"SPACE EXPLORATION CAUSING IT",9,1,1,3,3,1,4,4,4,1,3,4,2,3,2,2,,5,1,1,2,,1,1.265
364,3,29,2,"OHIO",3,1,1,2,2,1,"DATA",4,1,1,1,1,1,2,2,1,,,4,1,4,1,1,3,1,1,1,1,1,4,2,1,2,,1,1,2,1,2,2,1.37
365,3,25,2,"OHIO",3,2,,,,,,,,,,,,,,,"EARTHS NATURAL PATTERNS",2,2,2,2,1,1,4,4,4,3,2,4,4,1,1,1,2,2,1,2,2,3,2,2.44
366,4,1,3,"OHIO",3,2,,,,,,,,,,,,,,,"MORE SNOW",1,3,3,98,98,3,4,4,4,3,98,4,4,2,1,6,,2,1,2,1,98,2,1.07
367,3,23,2,"OHIO",3,98,,,,,,,,,,,,,,,,,1,4,4,4,4,4,4,4,1,2,4,4,3,1,2,,5,1,1,3,5,2,0.36
368,3,23,2,"TENNESSEE",2,1,1,2,3,2,"TELEVISION",6,1,4,98,98,98,4,4,98,,,4,4,1,1,1,4,4,4,6,,1,4,3,1,1,1,3,5,1,2,2,2,0.82
369,3,27,3,"TENNESSEE",2,2,,,,,,,,,,,,,,,"HISTORY",2,1,2,2,2,1,4,4,4,6,,1,3,2,1,1,1,2,1,4,1,2,1,1.385
370,4,3,4,"MICHIGAN",3,1,1,1,1,1,"MAN HAS RUINED THE EARTH",8,1,3,4,3,4,3,1,3,,,4,4,4,4,4,2,4,4,2,3,4,4,2,1,1,1,1,1,1,3,1,2,1
371,3,24,2,"MICHIGAN",3,2,,,,,,,,,,,,,,,"IT IS COLD",1,1,1,1,2,1,4,4,4,6,,4,4,3,1,1,2,5,5,2,1,,2,0.37
372,4,1,3,"MASSACHUSETTS",1,1,4,1,3,2,"CARS",8,3,2,2,2,1,1,2,1,,,2,2,3,2,1,4,2,4,1,2,3,3,3,10,2,,2,5,1,4,5,1,1.335
373,3,24,2,"MASSACHUSETTS",1,1,1,1,1,1,"HOTTER IN THE SUMMER AND NOT AS MUCH SNOW IN WINTER",2,1,1,1,2,3,1,1,1,,,4,3,4,4,3,4,2,4,1,2,4,3,3,1,1,1,4,1,1,1,3,2,0.99
374,4,1,3,"MASSACHUSETTS",1,1,1,3,1,1,"MELTING POLAR ICE",1,1,2,2,1,2,2,1,1,,,4,4,4,2,4,2,2,2,1,1,2,4,3,1,2,,5,2,4,4,4,2,0.38
375,3,18,4,"ILLINOIS",3,1,2,3,2,1,"HOTTER SUMMERS, NOT SO COLD WINTERS",2,2,1,4,2,4,2,4,2,,,3,3,2,98,3,4,4,4,6,,1,4,2,1,1,98,3,2,4,1,2,1,0.735
376,4,1,3,"ILLINOIS",3,2,,,,,,,,,,,,,,,"COLD SPELLS",1,1,1,2,1,1,98,4,4,1,3,3,4,2,1,1,1,3,1,4,1,5,2,0.76
377,3,30,3,"ILLINOIS",3,2,,,,,,,,,,,,,,,"NATURAL EARTH CYCLE",2,2,2,98,1,2,98,4,4,3,1,4,4,3,1,2,,3,1,2,2,,2,0.78
378,3,24,3,"ILLINOIS",3,1,2,1,1,1,"READING",6,1,2,1,1,4,4,3,1,,,4,4,4,4,4,4,4,4,1,3,4,3,1,1,1,1,3,1,1,3,,1,1.045
379,3,30,3,"CALIFORNIA",4,98,,,,,,,,,,,,,,,,,98,4,98,2,2,98,2,98,6,,2,3,3,10,3,,5,6,1,4,,2,0.39
380,3,25,3,"KANSAS",3,2,,,,,,,,,,,,,,,"NO STRONG SCIENTIFIC  EVIDENCE",3,1,1,2,1,1,4,4,4,1,3,2,3,3,1,1,1,3,2,2,1,3,2,1.33
381,3,28,3,"KANSAS",3,1,2,2,2,2,"READING",6,3,3,4,2,4,4,4,2,,,3,2,3,3,2,4,4,4,5,3,98,4,2,1,1,1,3,1,2,2,3,2,1.33
382,3,23,3,"ARIZONA",4,98,,,,,,,,,,,,,,,,,1,1,2,1,1,4,4,3,6,,2,3,1,1,1,1,3,1,2,2,5,2,0.76
383,4,1,1,"CALIFORNIA",4,1,2,3,2,2,"POLAR ICE CAPS",1,2,2,4,3,4,4,2,2,,,98,2,3,2,3,98,98,98,1,1,98,3,3,5,6,,2,1,4,4,2,1,2.725
384,4,1,4,"PENNSYLVANIA",1,1,3,98,2,1,"READING",6,1,4,2,4,1,4,2,4,,,1,4,4,2,4,1,1,2,1,1,4,4,3,1,6,,5,2,1,5,4,1,0.305
385,3,28,3,"ILLINOIS",3,2,,,,,,,,,,,,,,,"WINTERS ARE COLDER",1,1,1,3,1,1,4,4,4,6,,1,4,3,1,1,1,4,1,2,1,6,1,0.715
386,4,1,4,"ILLINOIS",3,1,2,1,1,1,"FOSSIL FUELS",8,1,4,4,4,4,3,2,2,,,2,3,3,3,3,3,3,3,1,1,1,3,3,1,1,98,3,1,1,3,,1,0.695
387,3,21,2,"ILLINOIS",3,2,,,,,,,,,,,,,,,"PATTERNS",2,2,1,3,2,1,4,4,4,6,,2,4,2,,98,,5,5,4,2,,1,0.775
388,3,23,3,"ILLINOIS",3,2,,,,,,,,,,,,,,,"SAME WEATHER",1,2,2,3,2,2,3,3,3,6,,3,98,3,1,,,4,1,4,3,,2,0.43
389,4,4,3,"ILLINOIS",3,1,3,2,2,1,"STATUS OF SITUATION SEEMS TO BE GOING UP",10,2,4,4,2,2,4,98,2,,,2,2,3,2,2,4,4,4,2,1,1,4,3,1,6,,2,1,1,3,3,1,1.905
390,4,4,4,"NEW YORK",1,1,1,3,1,1,"LIVE BY THE SHORE",11,2,4,98,4,4,4,4,4,,,2,4,4,2,4,4,4,4,6,,4,4,2,10,2,,4,1,4,5,1,1,0.375
391,3,22,3,"NEW YORK",1,1,2,1,1,1,"RESEARCH",4,1,2,2,1,2,2,1,1,,,4,3,4,4,3,2,2,2,1,1,2,2,2,1,7,,5,1,1,3,,1,0.635
392,3,20,3,"NEW YORK",1,1,1,1,1,1,"DATA",4,1,2,1,2,2,3,1,1,,,4,4,4,4,4,2,2,2,1,3,2,3,1,1,1,2,4,2,4,4,6,2,0.43
393,4,4,3,"NEW YORK",1,1,1,1,1,1,"POLLUTION",8,1,2,2,1,2,2,1,2,,,4,4,4,4,3,1,2,2,1,98,4,3,1,1,1,2,5,2,1,5,5,2,0.35
394,3,28,2,"NEW YORK",1,1,2,3,1,1,"NOT SURE",10,2,2,2,2,4,4,2,3,,,3,4,4,3,3,3,3,3,6,,3,3,3,1,98,,5,98,,3,4,2,0.39
395,3,24,4,"NEW YORK",1,1,2,1,1,1,"WEATHER",3,2,1,98,1,1,1,1,1,,,4,3,4,4,4,2,2,2,4,1,4,4,3,1,2,,4,2,4,4,4,2,0.09
396,3,18,3,"MISSOURI",3,1,2,3,2,2,"MELTING GLACIERS IN ALASKA",1,1,3,2,2,3,3,2,2,,,3,3,3,4,3,2,2,2,1,1,2,4,2,1,,,4,2,,,,1,0.695
397,3,28,3,"MISSOURI",3,1,1,3,2,1,"THE MELTING POLAR ICE",1,2,3,2,1,98,1,2,2,,,3,3,3,2,3,2,3,3,1,3,3,4,3,1,98,,3,1,4,2,1,2,0.8
398,4,1,3,"IOWA",3,2,,,,,,,,,,,,,,,"NOT SURE",9,2,2,1,3,2,4,4,4,1,1,2,4,3,1,1,2,2,2,4,3,2,1,1.385
399,3,27,4,"IOWA",3,98,,,,,,,,,,,,,,,,,98,98,98,98,98,98,3,98,98,,98,4,2,1,1,2,2,1,,,,2,0.72
400,3,22,3,"MINNESOTA",3,1,2,1,1,1,"NEWS",6,1,2,1,3,2,3,2,2,,,4,4,4,4,4,1,1,4,1,1,98,3,1,1,1,2,4,4,1,3,3,1,1.255
401,3,28,3,"MINNESOTA",3,2,,,,,,,,,,,,,,,"PERSONAL",1,2,4,4,4,3,4,4,4,6,,4,4,3,1,1,2,3,1,2,3,6,2,0.78
402,3,30,3,"MINNESOTA",3,1,3,1,3,2,"NEWS",6,2,3,2,2,4,4,4,2,,,3,2,3,3,2,3,3,3,1,3,1,4,3,1,1,2,3,1,4,2,1,2,0.8
403,3,23,3,"MINNESOTA",3,2,,,,,,,,,,,,,,,"TEMPERATURES GOES IN CYCLES",2,1,1,1,1,2,4,4,4,6,,1,4,3,1,1,1,3,1,1,2,3,1,1.605
404,4,1,3,"MINNESOTA",3,2,,,,,,,,,,,,,,,"THE TEMPERATURES ARE THE SAME",1,2,2,2,2,2,3,3,4,6,,3,4,2,1,2,,3,1,1,3,4,2,0.79
405,3,25,4,"MISSOURI",3,98,,,,,,,,,,,,,,,,,2,2,2,1,2,4,4,4,2,3,2,4,3,1,1,2,2,2,2,3,,2,0.72
406,3,18,4,"MISSOURI",3,1,2,2,2,98,"SPRING AND FALL TEMPERATURES ARE DIFFERENT NOW",3,2,4,4,4,4,4,4,2,,,2,98,2,98,2,4,4,4,6,,2,4,2,1,1,1,5,1,4,2,98,2,0.01
407,3,21,3,"MISSOURI",3,2,,,,,,,,,,,,,,,"NATURAL CYCLE",2,1,2,3,1,1,2,2,3,1,1,4,4,3,1,1,1,2,1,,4,4,2,1.1
408,4,5,2,"CALIFORNIA",4,1,1,1,1,1,"MAJOR EARTHQUAKES AND TSUNAMIS",3,1,1,2,1,2,1,1,1,,,4,4,4,4,4,1,2,2,1,1,1,3,2,1,3,,4,5,1,5,5,1,1.495
409,3,29,4,"CALIFORNIA",4,2,,,,,,,,,,,,,,,"NATURE MAKES IT CHANGE FROM TIME TO TIME, NOT MAN",2,1,1,1,1,1,4,4,4,3,2,4,3,3,1,1,2,2,2,2,3,2,1,1.035
410,3,29,3,"CALIFORNIA",4,2,,,,,,,,,,,,,,,"NOTICE NO CHANGE",1,1,1,1,1,1,4,4,4,4,3,98,3,3,1,1,1,4,1,2,1,98,2,0.42
411,4,1,3,"MISSISSIPPI",2,1,1,3,2,1,"ICE CAP MELTING MORE",1,1,1,2,2,4,4,2,2,,,4,4,4,3,98,4,4,4,1,2,4,4,3,1,1,98,2,1,3,3,4,1,1.365
412,3,23,3,"MISSISSIPPI",2,2,,,,,,,,,,,,,,,"PERSONAL OBSERVATION",1,2,1,2,1,2,2,2,2,6,,1,2,1,1,1,1,3,5,4,4,6,1,1.065
413,3,22,4,"MISSISSIPPI",2,2,,,,,,,,,,,,,,,"ALL THE HYPE ABOUT IT",4,1,98,3,1,2,4,4,4,6,,3,3,3,1,2,,2,1,4,3,3,2,1.28
414,3,18,1,"GEORGIA",2,1,2,1,2,1,"POLLUTION",8,1,2,3,3,4,3,1,3,,,4,4,4,3,3,4,4,4,6,,3,4,2,2,1,1,2,1,4,3,1,2,2.54
415,3,20,1,"GEORGIA",2,1,1,3,2,98,"MAN MADE INVENTIONS",8,3,1,4,3,4,3,1,3,,,3,3,2,3,3,3,3,3,6,,3,4,2,1,1,1,3,5,2,2,3,2,2.14
416,3,18,1,"GEORGIA",2,1,1,3,3,2,"COMPARING SUMMERS",3,1,2,2,1,98,1,1,1,,,4,4,1,1,1,4,4,4,6,,98,4,2,1,1,2,2,5,4,3,,2,1.88
417,3,22,2,"NORTH DAKOTA",3,1,2,3,2,98,"READ AND HEARD",6,1,4,2,2,4,4,1,2,,,4,4,4,3,3,2,2,2,1,3,2,3,3,10,7,,3,1,3,2,2,1,1.095
418,4,1,4,"NORTH DAKOTA",3,2,,,,,,,,,,,,,,,"GODS NATURAL CREATION",6,1,1,2,1,1,4,4,4,3,2,4,4,2,1,1,2,4,1,2,1,,2,0.07
419,3,22,3,"NORTH DAKOTA",3,2,,,,,,,,,,,,,,,"IT IS VERY COLD IN NORTH DAKOTA",1,2,3,3,1,2,4,4,4,6,,4,3,1,1,1,2,4,5,2,1,4,1,0.715
420,3,27,3,"NORTH DAKOTA",3,2,,,,,,,,,,,,,,,"NOT SURE",9,1,2,3,1,1,4,4,4,6,,1,3,1,1,6,,3,1,2,1,5,1,1.045
421,3,20,3,"NEVADA",4,2,,,,,,,,,,,,,,,"WEATHER",1,1,1,3,1,1,2,2,2,1,1,1,4,1,1,,,4,1,4,3,6,1,0.705
422,3,28,4,"NEVADA",4,1,2,1,1,2,"WEATHER",3,1,1,1,4,98,3,1,4,,,1,4,4,4,4,4,4,4,6,,4,4,2,1,1,,4,2,4,2,5,1,0.335
423,3,27,4,"NEVADA",4,1,1,3,2,1,"TOO MANY EMMISSIONS",8,2,1,3,2,4,4,2,2,,,3,3,4,3,3,3,4,2,1,1,2,4,3,9,2,,1,1,1,1,2,1,2.815
424,4,5,3,"NEVEDA",4,1,2,3,2,2,"REALLY HOT WINTERS",2,2,1,2,1,2,2,2,3,,,3,3,3,3,2,4,3,3,1,3,1,4,2,1,2,,2,2,1,5,,1,1.345
425,4,3,3,"NEVADA",4,2,,,,,,,,,,,,,,,"NATURAL CYCLES THROUGH THE YEARS",2,1,1,1,1,1,4,4,4,6,,4,3,3,9,2,,2,1,1,2,3,2,4.16
426,3,22,4,"VIRGINIA",2,2,,,,,,,,,,,,,,,"THE TEMPERATURES ARE THE SAME",1,2,2,2,3,2,3,3,3,6,,3,3,2,1,2,,3,1,1,3,,2,0.42
427,3,20,1,"VIRGINIA",2,1,1,3,1,1,"WILDLIFE BECOMING EXTINCT",7,1,2,2,2,2,2,1,2,,,4,4,4,4,4,1,1,2,1,1,1,4,2,1,3,,4,2,1,4,4,1,1.525
428,3,24,1,"VIRGINIA",2,2,,,,,,,,,,,,,,,"COLDER WINTERS",1,3,1,1,1,1,4,4,4,1,2,4,4,3,1,2,,4,2,4,5,4,1,1.525
429,3,23,1,"GEORGIA",2,1,1,2,1,1,"TEMPERATURE",2,3,2,2,1,2,2,3,2,,,2,4,4,1,4,3,4,1,98,,3,3,1,2,6,,1,5,98,3,98,2,2.76
430,3,25,3,"GEORGIA",2,1,2,3,1,2,"THE WORLD IS CHANGING ALL THE TIME",10,1,2,3,2,2,2,2,2,,,1,3,3,3,3,3,3,3,6,,4,4,2,1,1,1,3,1,1,3,2,2,0.81
431,3,28,4,"CALIFORNIA",4,1,2,1,2,98,"ICE CAPS",1,2,2,4,2,3,4,2,2,,,4,2,98,4,3,4,98,98,1,3,98,4,1,1,1,2,3,1,4,2,1,2,0.45
432,4,4,1,"CALIFORNIA",4,1,2,1,1,1,"REDEMPTION OF SCIENCE CAMPS",4,1,2,1,2,1,1,1,1,,,1,1,1,1,4,1,1,1,1,2,3,2,1,10,6,,4,5,4,3,5,1,1.495
433,3,22,3,"CALIFORNIA",4,1,1,3,1,1,"SCIENCE",4,1,3,1,3,2,4,3,2,,,4,4,4,4,4,1,1,2,1,2,2,3,1,1,6,,4,4,1,4,6,1,0.705
434,4,4,4,"CALIFORNIA",4,1,1,1,1,1,"TEMPERATURES INCREASED",2,1,1,4,3,2,1,2,3,,,4,4,4,4,4,1,1,1,1,1,4,3,2,1,1,2,4,1,1,3,3,2,0.63
435,3,18,3,"ILLINOIS",3,98,,,,,,,,,,,,,,,,,2,2,3,3,2,3,4,4,6,,2,4,2,1,2,,2,1,4,3,3,1,1.905
436,4,5,3,"IOWA",3,1,4,3,2,2,"FEEL IT IN MY BONES",2,2,3,4,3,4,4,2,98,,,3,2,3,2,1,4,4,4,6,,98,98,3,1,2,,3,1,2,3,3,2,1.33
437,3,18,3,"TEXAS",2,1,1,98,3,2,"FEELS WARMER",2,4,1,2,2,4,2,3,1,,,4,1,1,2,2,4,4,4,4,1,4,3,2,2,1,2,3,1,1,3,2,2,1.44
438,3,24,3,"CALIFORNIA",4,1,2,3,2,2,"IT GETTING HOTTER",2,2,2,4,2,4,1,2,3,,,3,3,3,3,3,4,3,3,1,1,2,3,3,1,,,5,5,4,1,5,2,0.35
439,3,31,4,"CALIFORNIA",4,1,1,1,2,1,"DATA ON SCIENCE",4,1,3,1,2,3,3,2,2,,,1,4,1,2,3,2,2,2,2,1,1,3,1,1,1,2,4,2,2,2,,1,0.345
440,3,29,3,"CALIFORNIA",4,1,2,2,2,2,"ITS BEEN VERY VERY HOT",2,1,1,3,2,3,2,1,1,,,3,3,3,4,3,98,3,3,1,1,1,4,3,1,1,2,4,5,1,5,5,1,0.685
441,3,18,2,"CALIFORNIA",4,2,,,,,,,,,,,,,,,"NOT SURE",9,1,98,2,2,2,3,3,3,6,,3,3,3,9,,,3,5,1,2,5,2,2.3
442,3,21,3,"CALIFORNIA",4,2,,,,,,,,,,,,,,,"THINGS ARE STILL THE SAME",1,2,2,2,2,2,3,3,4,6,,4,2,1,9,,,4,5,1,2,5,2,1.94
443,3,29,2,"WISCONSIN",3,1,1,3,2,2,"POLAR ICE CAPS",1,1,3,3,3,4,4,1,4,,,4,3,4,4,3,4,4,4,1,3,4,4,2,1,3,,5,5,2,1,5,1,0.635
444,3,30,3,"WISCONSIN",3,1,3,2,2,2,"SUMMERS ARE WARMER",2,4,1,2,2,,1,4,2,,,2,2,2,2,2,4,4,4,6,,3,4,2,1,1,2,2,1,2,2,1,2,1.1
445,3,18,3,"WISCONSIN",3,2,,,,,,,,,,,,,,,"LOOK AT THE TEMPERATURESNOW AND IN THE 20S AND 30S",1,1,2,1,1,1,4,4,4,6,,1,4,3,1,6,,4,2,2,1,6,1,0.705
446,3,18,4,"WISCONSIN",3,1,2,3,1,1,"MELTING POLAR CAPS AND GLACIERS",1,1,2,3,2,3,3,1,2,,,3,3,3,4,3,2,2,2,1,1,2,4,3,1,6,,4,2,1,4,,1,0.345
447,3,28,2,"WISCONSIN",3,2,,,,,,,,,,,,,,,"NO CHANGE",1,2,2,2,3,2,3,3,3,6,,4,2,3,1,2,,3,1,4,3,3,2,1.34
448,3,25,3,"WISCONSIN",3,2,,,,,,,,,,,,,,,"COLDER",1,3,2,4,3,3,3,4,4,6,,2,3,1,1,1,1,4,1,1,5,2,2,0.46
449,3,22,2,"NEW YORK",1,1,1,1,1,1,"MELTING ICE CAPS",1,1,2,3,2,4,2,1,1,,,4,3,3,3,3,2,3,2,1,1,2,4,3,1,1,2,4,1,4,3,,1,0.705
450,3,20,3,"NEW YORK",1,1,1,98,2,1,"CHANGING WEATHER PATTERNS",3,2,2,4,4,4,4,2,2,,,2,2,98,2,98,4,4,4,6,,4,4,98,1,2,,2,1,1,2,4,2,1.09
451,4,3,2,"NEW YORK",1,1,1,1,1,1,"DECLINE OF POLAR ICE CAPS",1,1,2,1,1,98,4,1,1,,,4,4,4,4,4,1,1,3,1,1,1,3,1,1,6,,4,4,1,5,3,1,1.265
452,3,31,4,"NEW YORK",1,2,,,,,,,,,,,,,,,"TEMPERATURES NATURALLY GO UP AND DOWN",2,1,1,1,1,1,4,4,4,2,3,2,4,3,1,1,2,3,1,2,1,,2,0.42
453,3,27,3,"PENNSYLVANIA",1,2,,,,,,,,,,,,,,,"THERE IS A POLITICAL AGENDA BEHIND GLOBAL WARMING",7,3,1,1,2,1,3,3,3,2,3,1,3,2,1,1,2,2,3,4,2,2,1,1.385
454,3,18,3,"PENNSYLVANIA",1,1,2,3,2,1,"THE SUN",10,2,2,4,2,3,2,1,1,,,3,98,3,3,3,2,2,2,1,1,98,4,3,1,1,2,2,1,2,1,4,2,1.09
455,3,29,3,"PENNSYLVANIA",1,1,1,1,2,1,"POLAR ICE MELTING",1,1,2,1,3,3,3,2,2,,,2,3,4,4,4,4,4,4,3,2,4,2,1,1,2,,4,1,2,2,4,2,0.44
456,3,25,4,"PENNSYLVANIA",1,2,,,,,,,,,,,,,,,"THIS PAST WINTER",1,2,2,2,1,1,4,4,4,6,,98,3,3,1,1,1,3,2,2,2,,1,0.695
457,3,31,4,"PENNSYVANIA",1,2,,,,,,,,,,,,,,,"IT IS THE SAME",1,1,1,3,1,2,4,4,4,6,,1,4,2,1,1,1,2,1,2,1,2,2,0.76
458,3,30,3,"PENNSYLVANIA",1,1,2,3,2,2,"WEATHER",3,2,1,2,1,2,1,1,2,,,4,4,4,4,4,4,4,4,6,,4,4,3,1,1,,4,1,2,3,,2,0.42
459,3,24,3,"PENNSYLVANIA",1,1,1,1,2,1,"ICE MELTING",1,1,1,2,1,1,2,1,2,,,4,4,4,4,3,1,1,98,1,1,1,3,1,1,98,,5,2,4,4,2,1,0.675
460,3,22,1,"NEW JERSEY",1,1,1,1,3,1,"OBVIOUS",10,1,1,1,3,2,1,4,3,,,2,3,1,2,1,1,1,1,1,2,2,3,1,1,2,,2,1,2,2,6,1,2.165
461,3,27,2,"NEW YORK",1,2,,,,,,,,,,,,,,,"WINTERS ARE VERY COLD",1,2,2,2,2,2,4,4,4,2,3,4,4,2,1,2,,4,1,2,1,4,2,1.25
462,4,4,3,"NEW YORK",1,2,,,,,,,,,,,,,,,"EARTHS TEMPERATURES ARE IN CYCLES",2,98,3,4,1,3,4,4,4,6,,4,4,2,1,1,2,2,1,1,4,2,2,1.11
463,3,31,4,"NEW YORK",1,2,,,,,,,,,,,,,,,"NATURAL TRENDS  I'VE SEEN IN MY LIFETIME",1,2,1,1,2,2,2,4,4,4,3,4,4,2,2,1,1,2,1,1,1,2,1,1.665
464,3,29,3,"NEW YORK",1,1,2,1,1,1,"SCIENCE",4,1,2,1,1,1,3,1,98,,,4,4,4,4,4,2,2,2,1,1,3,3,1,1,3,,4,1,1,4,6,2,0.43
465,3,18,4,"NEW YORK",1,1,1,3,98,2,"WEATHER",3,98,4,4,3,4,2,4,3,,,3,2,2,3,2,3,3,3,3,2,2,2,2,10,98,,2,1,1,2,,1,0.995
466,4,4,3,"NEW YORK",1,1,2,2,3,2,"MEASUREMENTS",4,3,3,3,3,4,4,2,4,,,3,2,2,2,2,3,3,3,6,,2,4,3,1,2,,3,5,4,2,6,1,1.055
467,3,27,4,"COLORADO",4,2,,,,,,,,,,,,,,,"WEATHER CHANNEL, HIGH TEMPERATURES ARE YEARS AGO, NEW LOWS ARE ALSO BEING SET CU",4,1,1,1,1,1,4,4,4,6,,,4,2,1,1,2,5,1,2,1,3,2,0.57
468,4,3,3,"COLORADO",4,1,2,2,2,2,"WEATHER",3,2,2,3,2,98,1,3,1,,,2,98,3,3,2,4,4,4,5,98,4,4,3,9,1,98,4,2,4,3,1,2,2.98
469,3,20,2,"COLORADO",4,1,3,1,98,2,"PERSONAL OBSERVATIONS",2,2,1,3,1,3,1,3,4,,,1,4,4,4,4,1,4,4,1,2,4,3,3,5,6,,5,5,4,3,4,2,0.92
470,4,1,3,"PENNSYLVANIA",1,2,,,,,,,,,,,,,,,"NOT ENOUGH EVIDENCE",3,1,1,2,1,1,4,4,4,6,,2,3,2,1,1,1,3,2,2,2,,2,0.78
471,3,28,3,"PENNSYLVANIA",1,1,3,2,3,2,"SOLAR RADIATION",10,3,4,4,4,4,3,4,4,,,1,1,2,1,1,4,4,4,1,3,1,3,3,1,2,,4,1,4,1,6,1,0.705
472,4,4,2,"PENNSYLVANIA",1,1,4,3,3,2,"NEWS",6,1,4,4,4,4,4,2,4,,,2,3,4,4,2,4,4,4,2,1,3,4,3,1,2,,4,5,4,2,4,1,0.725
473,3,21,3,"PENNSYLVANIA",1,1,2,3,1,1,"HURRICANES AND EARTHQUAKES",3,2,2,3,1,2,2,1,2,,,3,3,3,4,3,2,2,2,1,1,1,4,2,1,2,,4,2,1,4,,1,0.705
474,3,22,2,"PENNSYLVANIA",1,1,2,3,2,1,"CAN GET SUNBURN IN FIVE MINUTES",10,2,2,4,4,4,4,2,2,,,4,4,4,3,98,4,4,4,1,3,3,4,3,1,6,,3,1,1,4,4,2,0.8
475,3,25,3,"PENNSYLVANIA",1,1,1,3,2,98,"RECEDING SHORELINES AND BRUSH FIRES IN THE WEST",11,1,1,1,1,3,2,2,2,,,3,3,4,3,3,4,4,4,1,1,2,4,2,2,1,1,3,1,1,1,3,2,1.97
476,3,29,3,"FLORIDA",2,2,,,,,,,,,,,,,,,"HISTORY",2,1,2,2,1,1,4,4,4,6,,1,4,2,1,1,1,5,5,2,2,6,2,0.38
477,3,24,4,"FLORIDA",2,1,1,1,1,1,"POLAR ICE CAPS MELTING",1,1,2,1,1,4,1,1,4,,,4,4,4,4,4,1,1,2,1,1,2,4,2,1,1,2,1,1,,3,,1,1.245
478,3,20,3,"TENNESSEE",2,2,,,,,,,,,,,,,,,"READING EVIDENCE",5,1,1,2,1,1,4,4,4,2,1,1,4,3,1,1,1,4,4,4,1,3,1,1.265
479,3,25,3,"TENNESSEE",2,2,,,,,,,,,,,,,,,"CYCLES",2,1,1,1,1,1,4,4,4,6,,1,4,2,1,1,1,2,6,4,1,2,1,1.385
480,3,28,4,"TENNESSEE",2,1,1,3,1,2,"TORNADOS",3,1,2,2,1,2,4,1,2,,,4,4,4,4,4,4,4,2,1,1,4,4,2,1,,,2,1,4,4,2,2,0.76
481,3,18,3,"NEW JERSEY",1,1,2,3,2,1,"MELTING POLAR ICE CAPS",1,1,3,1,4,4,4,3,3,,,4,98,4,3,98,2,2,4,1,3,2,3,3,1,2,,5,5,4,3,,1,0.635
482,3,27,3,"NEW JERSY",1,1,1,1,1,1,"GETTING HOTTER",2,1,2,2,1,98,2,2,3,,,3,3,3,3,3,2,2,2,6,,2,4,3,1,1,2,5,1,4,3,,2,0.36
483,3,22,3,"MICHIGAN",3,2,,,,,,,,,,,,,,,"TEMPERATURE GOES IN CYCLES",2,1,1,1,1,1,4,4,4,6,,1,4,2,1,2,,3,5,3,1,5,2,0.76
484,4,1,4,"OHIO",3,98,,,,,,,,,,,,,,,,,3,98,2,2,2,98,4,4,1,3,3,2,3,1,,,1,1,4,98,,2,0.97
485,3,20,3,"OHIO",3,1,2,3,1,1,"DATA",4,1,2,3,2,98,2,1,1,,,4,3,2,4,3,3,3,3,1,98,4,4,2,1,1,2,4,5,4,2,6,2,0.44
486,3,27,2,"OHIO",3,2,,,,,,,,,,,,,,,"THE WEATHER GOES IN CYCLES",2,1,2,3,1,2,4,3,4,6,,4,4,3,1,1,1,3,5,1,2,4,2,0.8
487,3,25,4,"VIRGINIA",2,2,,,,,,,,,,,,,,,"NOT PROOF",3,1,1,1,1,1,2,1,1,1,3,1,3,1,1,2,,3,1,2,2,5,1,0.685
488,3,27,4,"VIRGINIA",2,2,,,,,,,,,,,,,,,"NO CHANGE",1,2,2,2,2,2,3,4,3,6,,3,3,2,1,2,,3,1,2,3,3,2,0.98
489,3,22,3,"VIRGINIA",2,1,3,2,4,2,"MEDIA",6,2,2,4,4,2,4,4,4,,,98,98,98,2,1,4,4,4,6,,4,3,1,2,6,,5,1,3,2,5,2,0.99
490,3,24,3,"VIRGINIA",2,2,,,,,,,,,,,,,,,"NOT SURE",9,2,2,3,2,2,2,2,3,5,3,2,3,3,1,2,,3,1,2,3,3,2,1.33
491,3,29,3,"VIRGINIA",2,2,,,,,,,,,,,,,,,"CYCLES OF WEATHER OVER THE CENTURIES",2,2,2,2,1,2,4,4,4,1,3,2,3,2,1,1,1,2,1,1,2,2,1,1.385
492,4,3,2,"VIRGINIA",2,1,2,1,1,1,"WEATER",3,1,1,1,1,1,3,3,3,,,4,4,3,4,1,4,3,4,6,,4,3,1,5,2,,5,1,1,4,4,2,1.72
493,3,30,4,"VIRGINIA",2,2,,,,,,,,,,,,,,,"NEWS",9,4,3,4,4,2,4,4,4,1,3,4,4,3,1,6,,1,4,3,,1,2,1
494,3,20,1,"CALIFORNIA",4,2,,,,,,,,,,,,,,,"WEATHER PATTERNS",2,1,3,3,1,3,4,4,4,6,,3,3,1,9,2,,2,5,1,2,3,2,3.97
495,3,30,3,"CALIFORNIA",4,2,,,,,,,,,,,,,,,"NO CHANGES",1,2,2,2,2,2,3,3,3,6,,98,3,3,1,1,2,3,1,2,1,,2,0.77
496,3,22,3,"CALIFORNIA",4,1,1,1,1,1,"NEWS",6,1,3,1,2,4,4,98,1,,,4,4,98,4,4,98,3,4,1,1,4,4,3,1,6,,3,1,4,2,6,2,0.78
497,3,22,1,"CALIFORNIA",4,1,2,2,3,2,"PEOPLE SAY SO",6,2,3,3,2,4,4,4,2,,,3,3,3,2,2,98,4,4,6,,2,4,2,1,6,,3,5,2,2,2,2,1.62
498,3,24,3,"MINNESOTA",3,1,2,98,2,2,"DATA",4,2,2,4,2,4,2,4,3,,,3,3,98,98,3,3,2,3,1,1,3,3,1,1,6,,4,2,4,3,6,2,0.43
499,3,21,2,"MINNESOTA",3,1,1,3,1,1,"READING OF SCIENCE",6,2,2,4,2,1,2,3,2,,,3,4,4,3,3,1,1,1,1,1,3,3,3,1,1,2,5,4,1,4,4,1,1.465
500,3,23,3,"INDIANA",3,98,,,,,,,,,,,,,,,,,2,2,4,3,2,4,4,4,98,,3,4,2,1,6,,2,5,2,1,,2,1.07
501,3,22,2,"GEORGIA",2,1,1,3,1,1,"CLIMATE",2,2,1,3,3,2,4,1,2,,,4,3,3,3,4,2,4,4,1,3,4,3,1,10,6,,4,5,1,3,4,2,0.48
502,3,20,3,"GEORGIA",2,98,,,,,,,,,,,,,,,,,2,4,4,2,3,4,4,4,2,3,98,4,2,1,1,2,4,1,98,2,5,2,0.41
503,3,22,4,"GEORGIA",2,1,1,1,2,1,"SUMMERS",2,1,2,2,2,2,4,2,2,,,98,4,4,2,4,2,4,98,1,1,4,3,2,1,1,2,3,1,4,3,,2,0.42
504,4,1,4,"GEORGIA",2,1,1,1,1,1,"HUMANS",8,1,3,3,3,1,4,1,3,,,1,3,3,3,3,2,1,4,1,2,4,3,1,1,1,1,3,4,2,4,1,2,0.45
505,3,18,3,"FLORIDA",2,1,1,1,1,1,"SCIENTIFIC EVIDENCE",4,1,2,1,1,2,4,4,1,,,4,3,98,4,1,1,1,4,1,3,4,4,3,1,1,1,5,1,2,1,6,2,0.38
506,3,20,4,"FLORIDA",2,1,2,3,2,2,"BAD HURRICANES",3,2,2,2,1,4,2,2,2,,,3,3,98,3,3,2,3,3,1,1,2,3,1,1,2,,4,1,1,3,2,1,0.385
507,3,22,1,"FLORIDA",2,1,1,1,1,1,"ICEBERGS",1,1,3,3,1,3,2,1,3,,,4,4,4,4,4,2,2,1,1,3,4,4,1,1,,,4,5,1,3,4,2,1.25
508,3,20,4,"ILLINOIS",3,1,1,1,1,1,"INFORMATION FROM CONSERVATION ORGANIZATIONS, SCIENTIFIC EVIDENCE",6,1,3,1,2,1,2,1,2,,,4,4,4,4,4,1,1,2,1,1,2,4,3,1,,,5,1,4,5,2,2,0.05
509,3,22,3,"ILLINOIS",3,1,1,3,1,1,"TEMPERATURES",2,1,1,1,1,1,1,1,2,,,4,4,4,4,4,4,4,4,1,1,4,3,2,1,2,,4,1,1,3,2,2,0.46
510,3,23,2,"MASSACHUSETTS",1,2,,,,,,,,,,,,,,,"HISTORY",2,3,2,2,2,2,3,4,4,6,,2,3,3,1,98,,2,1,2,3,6,1,2.165
511,3,20,4,"MASSACHUSETTS",1,2,,,,,,,,,,,,,,,"EXTREMELY COLD WINTERS AND LOTS OF DEEP SNOW HERE",1,1,2,1,2,2,3,3,3,4,2,98,2,1,1,2,,4,2,2,1,3,1,0.905
512,3,31,4,"MASSACHUSETTS",1,98,,,,,,,,,,,,,,,,,2,3,4,4,98,4,4,4,1,1,2,3,3,1,1,2,4,3,4,1,2,2,0.11
513,3,27,3,"MASSACHUSETTS",1,98,,,,,,,,,,,,,,,,,2,2,2,3,2,4,4,4,4,3,2,3,3,1,2,,4,1,1,2,4,1,0.715
514,4,4,3,"KANSAS",3,1,1,3,1,1,"NATIONAL GEOGRAPHIC",6,1,1,1,1,3,1,1,2,,,3,1,2,1,3,3,2,2,3,2,4,2,1,1,98,,2,1,98,2,98,1,1.345
515,3,28,4,"KANSAS",3,98,,,,,,,,,,,,,,,,,1,1,1,4,1,4,4,4,1,3,4,4,2,1,2,,2,1,2,1,3,2,1.28
516,3,28,4,"KANSAS",3,98,,,,,,,,,,,,,,,,,2,3,98,3,3,4,4,4,1,1,1,3,3,,,,2,1,,3,3,2,1.41
517,4,1,4,"KANSAS",3,1,2,3,1,1,"POLAR CAPS ARE MELTING",1,1,1,4,1,4,4,1,4,,,4,4,4,3,2,1,1,1,1,3,1,4,1,1,6,,3,1,4,3,3,1,1.255
518,3,22,3,"UTAH",4,2,,,,,,,,,,,,,,,"TOO MUCH SNOW",1,1,1,1,1,1,4,4,4,6,,4,4,3,1,1,1,2,1,1,3,2,2,1.11
519,3,28,4,"UTAH",4,1,2,1,2,2,"WEATHER CHANGES",3,2,3,3,2,3,3,2,2,,,3,3,3,3,2,2,2,2,1,1,3,4,2,1,6,,4,5,1,3,4,1,0.365
520,4,1,3,"UTAH",4,2,,,,,,,,,,,,,,,"THE EARTHS CYCLE",2,2,2,98,1,1,98,4,3,1,1,2,4,3,1,6,,2,1,2,2,5,2,1.06
521,3,30,2,"VERMONT",1,2,,,,,,,,,,,,,,,"WEATHER CHANGES THROUGH GOD'S PLAN",6,1,1,2,1,1,4,4,4,3,1,4,4,2,1,,,2,5,,,,2,1.08
522,3,22,1,"VERMONT",1,2,,,,,,,,,,,,,,,"EDUCATION",5,4,4,4,4,4,4,4,4,6,,4,4,2,1,7,,1,1,2,3,1,1,2.435
523,3,18,3,"VERMONT",1,1,2,1,1,1,"WEATHER PATTERNS ARE CHANGING",3,1,2,4,1,1,4,1,2,,,4,4,3,4,3,2,2,2,1,1,4,3,3,1,2,,4,3,1,5,3,2,0.98
524,4,3,3,"VERMONT",1,1,1,1,1,1,"BOOKS",6,1,4,2,2,1,4,98,2,,,4,4,4,4,4,2,2,2,1,1,98,98,98,10,2,,5,4,,,,1,0.635
525,3,22,4,"VERMONT",1,1,2,2,2,2,"EXPOSURE TO THE NUMBER OF YEARS SHE HAS LIVED",2,2,3,3,2,3,3,2,3,,,3,3,3,3,3,3,3,3,1,98,98,4,3,1,1,2,3,1,2,2,,2,0.42
526,3,18,4,"SOUTH CAROLINA",2,2,,,,,,,,,,,,,,,"NOT ENOUGH SCIENTIFIC PROOF",3,1,1,1,1,1,4,4,4,2,2,1,4,3,1,2,,3,2,4,3,98,2,0.42
527,3,30,3,"SOUTH CAROLINA",2,2,,,,,,,,,,,,,,,"WORLD ALWAYS CHANGES",2,1,1,1,1,1,4,4,4,3,3,2,3,1,1,6,,4,5,4,2,5,1,0.695
528,3,29,4,"SOUTH CAROLINA",2,1,2,3,1,1,"ARCTIC MELTING",1,1,4,2,2,4,4,1,2,,,2,4,4,4,4,98,4,4,6,,2,4,1,1,3,,4,1,4,3,2,1,0.385
529,3,22,3,"VIRGINIA",2,2,,,,,,,,,,,,,,,"NOT SURE",9,3,3,4,4,2,4,4,4,6,,4,4,3,1,1,2,4,1,1,2,6,2,0.43
530,3,18,4,"VIRGINIA",2,1,2,2,1,98,"WARMER",2,1,1,4,1,4,1,1,2,,,2,3,98,2,98,4,98,98,98,,4,4,3,2,1,98,2,1,1,2,2,2,1.39
531,3,28,3,"VIRGINIA",2,1,2,2,2,1,"PERSONAL OBSERVATIONS",2,1,4,4,4,4,4,4,4,,,2,1,2,2,1,4,4,4,6,,1,4,2,1,1,2,3,5,4,2,6,1,1.065
532,3,31,4,"CALIFORNIA",4,2,,,,,,,,,,,,,,,"CAN NOT PROVE IT IS INCREASING",3,1,1,1,1,1,4,4,4,6,,4,4,1,1,1,2,3,1,3,1,,1,0.695
533,3,22,3,"CALIFORNIA",4,1,1,3,1,1,"WEATHER PATTERNS AND EARTHQUAKES",3,1,1,1,1,3,3,1,3,,,4,4,4,4,3,2,3,3,1,3,4,3,2,1,1,2,4,1,2,1,3,2,0.98
534,3,30,1,"CALIFORNIA",4,1,1,3,1,1,"NOT SURE",10,1,3,2,3,3,3,3,2,,,1,4,4,4,4,2,2,2,2,2,2,3,1,1,6,,4,2,1,3,3,2,1.79
535,4,4,4,"CALIFORNIA",4,1,2,3,2,1,"DECLING BEACHES AND TOO MUCH SMOG",11,2,1,2,2,3,3,2,1,,,3,3,3,3,2,2,4,2,2,1,1,3,1,1,6,,4,1,4,4,6,1,0.355
536,3,30,1,"TEXAS",2,2,,,,,,,,,,,,,,,"THERE HAVE ALWAYS BEEN CHANGES IN TEMPERATURES",2,1,98,98,2,98,4,4,4,3,3,4,4,3,1,1,1,5,1,2,2,4,2,1.19
537,4,4,4,"TEXAS",2,1,1,1,1,1,"DIFFERENCE IN CLIMATE CHANGES",3,1,3,4,3,4,1,4,1,,,4,4,4,4,4,4,4,4,2,1,98,4,3,1,1,2,2,1,1,4,1,2,0.75
538,3,21,1,"TEXAS",2,1,1,1,1,1,"NOT MUCH RAIN",3,1,2,1,4,4,1,1,2,,,4,4,4,3,3,2,4,4,3,1,98,4,2,1,6,,2,1,2,2,98,2,1.88
539,3,29,3,"HAWAII",4,1,2,3,2,1,"MY BEACHES ARE SHRINKING",11,1,1,3,3,4,4,4,1,,,1,3,4,4,3,4,4,4,6,,4,3,3,10,2,,2,1,4,4,6,1,1.355
540,3,22,3,"HAWAII",4,2,,,,,,,,,,,,,,,"NATURAL PATTERNS OF EARTH",2,2,1,1,1,1,4,4,4,3,2,4,3,3,1,2,,2,1,2,1,4,2,1.09
541,3,28,3,"HAWAII",4,2,,,,,,,,,,,,,,,"BELIEVE GOD HANDLES THE WEATHER",6,1,98,4,1,2,4,4,4,6,,4,3,3,10,6,,4,5,4,3,4,1,0.715
542,3,24,3,"MICHIGAN",3,2,,,,,,,,,,,,,,,"COLDER WINTERS",1,1,2,1,1,2,4,4,4,1,2,3,4,2,1,2,,3,2,2,3,3,2,1.33
543,3,23,4,"INDIANA",3,2,,,,,,,,,,,,,,,"COLD WINTERS",1,2,2,2,3,2,3,3,3,5,2,4,4,3,1,1,1,2,2,,2,1,2,0.75
544,3,21,2,"INDIANA",3,2,,,,,,,,,,,,,,,"CONFLICTING INFORMATION",3,3,1,1,1,1,4,2,1,1,1,1,4,2,1,1,2,4,1,2,2,4,2,0.45
545,4,3,4,"INDIANA",3,1,1,1,1,1,"GARDENING EXPERIENCE",14,1,1,2,2,4,1,1,2,,,4,4,4,3,3,2,3,4,1,1,4,4,3,1,1,2,4,4,1,3,4,2,0.09
546,4,3,2,"INDIANA",3,1,1,2,2,2,"BIBLE SAYS CLIMATE WILL CHANGE",12,1,1,1,1,4,3,98,1,,,4,4,4,1,4,3,4,4,1,3,1,4,3,1,1,1,2,1,2,1,5,1,1.345
547,4,5,3,"FLORDIA",2,1,2,3,2,98,"ICEBERGS MELTING",1,1,2,98,3,98,4,98,4,,,4,4,4,4,1,4,4,4,6,,98,4,3,1,1,2,4,2,2,3,,2,0.42
548,3,21,2,"FLORIDA",2,1,2,2,2,2,"NATURAL",9,2,4,4,2,98,2,3,3,,,4,1,1,1,1,2,2,2,1,2,3,4,2,2,1,2,4,5,1,3,5,1,2.125
549,3,28,4,"FLORIDA",2,2,,,,,,,,,,,,,,,"WEATHER IS SAME AS EVER",1,1,1,1,1,1,4,4,4,6,,1,4,2,1,1,1,2,3,2,1,2,2,0.76
550,4,5,3,"FLORIDA",2,2,,,,,,,,,,,,,,,"NATURAL CYCLES  OF WARMING AND COOLING HAVE HAPPENED IN PAST",2,1,1,2,1,1,4,1,1,6,,1,4,3,1,1,1,5,4,2,1,6,1,0.645
551,4,5,3,"PENNSYLVANIA",1,1,2,2,2,2,"THE EARTH HAS TO GO THROUGH ITS NATURAL PROCESS",9,2,2,3,2,4,2,2,2,,,2,2,98,2,2,3,4,3,98,,4,4,2,1,1,2,2,1,1,3,98,2,1.07
552,3,28,3,"PENNSYLVANIA",1,2,,,,,,,,,,,,,,,"DATA",5,1,98,3,1,2,4,4,4,6,,2,4,2,1,6,,4,5,4,2,2,1,0.735
553,3,25,3,"PENNSYLVANIA",1,1,1,1,1,1,"VILLAGES AND CITIES ARE DISSAPEARING UNDER WATER",11,1,3,98,1,2,4,1,2,,,3,3,3,98,3,3,3,98,3,1,3,4,2,1,6,,5,1,98,4,2,2,0.4
554,3,29,5,"PENNSYLVANIA",1,1,2,3,3,2,"OZONE LAYER DECREASED",10,3,3,4,3,4,2,3,3,,,2,3,3,2,3,4,4,4,6,,4,4,2,1,2,,3,1,1,3,,1,1.045
555,3,23,4,"PENNSYLVANIA",1,1,1,2,4,2,"READING",6,3,4,4,3,4,4,4,4,,,4,2,4,3,1,4,4,4,6,,4,4,2,1,2,,4,98,4,1,2,1,0.385
556,3,23,2,"PENNSYLVANIA",1,98,,,,,,,,,,,,,,,,,98,98,3,4,98,2,2,2,1,3,4,4,2,1,1,2,3,1,2,3,3,2,2.14
557,3,27,2,"ILLINOIS",3,1,2,2,2,2,"PATTERNS",9,4,4,2,4,4,4,1,3,,,2,2,3,1,2,4,4,4,6,,1,4,3,1,1,1,4,5,2,2,3,1,1.265
558,3,28,3,"ILLINOIS",3,2,,,,,,,,,,,,,,,"EARTHS NATURAL CYCLES",2,2,2,2,1,1,4,4,4,3,2,4,4,3,1,2,,3,1,1,4,,1,1.045
559,3,25,4,"ILLINOIS",3,1,1,3,1,1,"NATURAL DISASTERS",3,1,1,1,1,4,3,1,4,,,4,4,4,4,4,2,4,4,1,3,4,3,2,1,1,1,3,1,4,3,3,2,0.98
560,3,21,3,"ILLINOIS",3,2,,,,,,,,,,,,,,,"NOT SURE",9,2,98,98,2,1,4,4,4,2,3,1,4,1,1,1,98,5,5,4,2,6,2,0.38
561,4,5,3,"ILLINOIS",3,1,1,1,1,98,"SCIENTIFICALLY IT HAS BEEN PROVEN",4,2,2,2,98,2,3,98,1,,,4,3,4,4,2,4,4,4,1,3,2,4,2,1,1,2,4,5,98,2,2,1,0.735
562,3,23,3,"ILLINOIS",3,1,2,3,2,2,"THE POLOR ICE CAPS",1,1,3,2,4,4,4,3,4,,,3,2,2,2,2,3,3,3,6,,2,2,1,1,6,,3,2,4,4,,1,1.045
563,3,31,4,"ILLINOIS",3,1,1,3,2,1,"MELTING ICE CAPS",1,1,4,4,2,1,4,98,1,,,4,4,4,2,4,4,4,4,1,98,4,3,3,1,2,,5,6,,3,,2,0.01
564,3,25,3,"ILLINOIS",3,1,1,1,1,1,"FROM WHAT HE HAS READ AND HEARD",6,1,2,1,1,2,1,1,1,,,4,4,4,4,4,1,1,1,1,3,1,4,2,1,3,,4,1,,,,1,0.695
565,3,24,4,"MISSOURI",3,1,1,98,2,1,"ALASKA AND WEATHER IS CHANGING",3,2,2,2,98,2,3,98,4,,,4,4,3,98,4,2,4,4,6,,3,4,3,9,2,,3,1,1,,,2,1.95
566,3,31,4,"TEXAS",2,98,,,,,,,,,,,,,,,,,2,2,3,3,2,3,4,3,6,,3,3,3,1,2,,2,1,1,3,2,1,1.035
567,3,22,4,"TEXAS",2,2,,,,,,,,,,,,,,,"IT IS TOO HOT",9,2,2,3,3,2,4,4,4,6,,3,4,2,1,1,1,3,3,2,3,3,1,1.255
568,3,20,2,"CALIFORNIA",4,1,1,1,1,98,"COASTLINES RECEDING",11,2,3,3,1,3,2,2,2,,,4,3,3,3,4,2,2,2,1,1,1,4,3,1,1,2,2,5,2,2,3,2,1.64
569,3,20,2,"CALIFORNIA",4,1,2,1,1,1,"YOU CAN SEE IT AND FEEL IT",2,2,2,1,2,4,2,2,2,,,1,98,2,2,2,2,3,3,1,1,4,4,2,1,6,,2,5,98,98,2,1,1.395
570,3,18,3,"CALIFORNIA",4,1,1,1,1,1,"SEVERE WILDFIRES",3,1,1,1,1,2,2,1,1,,,4,4,4,4,4,2,2,2,1,1,1,3,3,5,2,,4,5,1,4,5,1,1.215
571,3,29,2,"NORTH CAROLINA",2,1,1,1,2,1,"DIFFERENCES IN CLIMATE OVER PAST 20 YEARS",2,1,1,3,1,4,4,3,2,,,4,4,4,2,4,2,1,1,1,1,4,4,1,2,1,2,4,1,4,3,,2,1.06
572,3,21,3,"NORTH CAROLINA",2,2,,,,,,,,,,,,,,,"NATURAL CYCLES",2,1,98,3,1,1,4,4,4,6,,4,4,2,1,1,2,3,1,4,3,3,1,1.605
573,3,28,3,"TEXAS",2,1,2,3,2,2,"FASTER SPRINGS COMING",3,2,2,2,2,4,2,2,1,,,2,3,3,98,2,4,2,3,2,3,98,2,2,1,98,,4,1,4,2,6,1,0.715
574,3,27,2,"CALIFORNIA",4,1,1,98,2,2,"MELTING ICE",1,1,4,2,2,98,4,1,2,,,4,4,4,3,4,1,1,2,2,98,3,3,1,1,1,1,3,5,2,2,6,2,0.79
575,4,4,3,"CALIFORNIA",4,1,1,3,1,1,"RESEARCH",4,1,3,1,2,1,3,3,1,,,4,4,3,3,4,1,1,3,5,3,4,4,2,1,6,,5,5,1,5,3,1,1.195
576,3,20,3,"CALIFORNIA",4,1,2,3,2,2,"NATURAL DISASTERS",3,1,4,4,2,2,4,3,4,,,3,4,3,98,4,2,98,3,1,1,3,4,3,1,6,,4,1,4,4,,2,0.42
577,4,1,3,"CALIFORNIA",4,1,1,1,2,1,"RECORD TEMPERATURES",2,1,1,1,2,1,2,2,1,,,4,4,4,4,4,1,1,2,1,3,3,3,3,1,7,,5,5,1,5,6,1,0.645
578,4,1,3,"CALIFORNIA",4,2,,,,,,,,,,,,,,,"NO EVIDENCE",3,1,2,2,2,1,4,4,4,1,3,1,4,3,1,1,1,3,1,98,2,3,1,1.605
579,4,4,4,"SOUTH CAROLINA",2,1,2,3,2,1,"NOT SURE",10,98,2,3,2,4,2,4,2,,,2,3,3,2,3,3,3,3,6,,3,4,2,1,7,,3,1,2,2,4,2,0.44
580,3,21,4,"SOUTH CAROLINA",2,1,2,1,2,1,"GLACIERS MELTING",1,1,4,2,3,4,1,2,1,,,4,4,4,4,2,3,3,3,98,,3,3,3,1,1,1,2,1,1,2,1,2,0.75
581,3,28,4,"SOUTH CAROLINA",2,1,2,1,1,2,"WEATHER PATTERNS",3,1,2,2,2,4,98,1,1,,,4,4,3,3,4,1,1,2,1,3,1,4,1,1,3,,4,5,1,2,6,1,0.355
582,3,27,4,"NEW YORK",1,1,2,1,2,1,"TEMPERATURE INCREASES",2,1,1,2,1,2,2,98,2,,,1,4,4,4,4,1,1,1,1,3,1,3,3,1,1,2,3,1,2,1,2,1,0.735
583,4,4,4,"NEW YORK",1,2,,,,,,,,,,,,,,,"FACTS",5,2,2,3,3,2,3,3,3,98,,3,4,2,1,98,,5,3,4,2,,2,0.01
584,3,22,3,"NEW YORK",1,1,2,3,1,1,"NEWS",6,1,4,98,2,98,4,1,4,,,4,4,4,98,4,4,4,4,1,1,4,4,2,1,1,2,4,6,1,3,,2,0.42
585,3,21,4,"NEW YORK",1,2,,,,,,,,,,,,,,,"PATTERNS",2,1,1,1,1,1,1,4,4,2,1,1,4,2,1,3,,5,3,4,98,,1,0.285
586,4,4,2,"ILLINOIS",3,1,1,1,1,1,"RESEARCH",4,1,2,3,2,2,3,2,1,,,4,4,4,2,4,2,2,2,1,1,2,3,3,1,1,1,5,2,1,5,,2,0.37
587,3,22,3,"ILLINIOS",3,1,1,3,2,98,"SEVERE CLIMATES AND SEVERE DISASTERS",3,2,3,3,2,2,3,2,2,,,2,2,1,2,2,4,4,4,2,3,2,3,3,1,1,1,3,1,2,2,3,2,1.34
588,3,24,2,"ILLINOIS",3,1,2,3,1,1,"REPORTS TO THAT EFFECT",6,1,3,1,3,4,3,3,3,,,98,98,4,4,98,4,3,98,1,3,98,3,3,1,1,1,5,5,2,2,4,2,0.39
589,4,4,4,"FLORIDA",2,2,,,,,,,,,,,,,,,"THE COLDEST WINTER WE HAVE HAD",1,1,2,4,1,2,4,4,4,1,1,4,4,2,1,1,1,3,1,1,2,2,2,0.46
590,4,4,2,"FLORIDA",2,1,1,2,4,1,"NOT SURE",10,4,1,4,1,4,1,4,3,,,3,1,1,3,1,4,4,4,6,,4,3,1,2,6,,3,1,1,1,1,2,2.24
591,4,4,3,"NEW JERSEY",1,98,,,,,,,,,,,,,,,,,3,3,4,2,3,4,4,4,6,,4,3,2,5,6,,2,1,3,2,2,2,1.64
592,3,25,3,"NEW JERSEY",1,98,,,,,,,,,,,,,,,,,2,3,3,2,2,1,3,4,1,1,3,4,3,1,98,,5,1,2,4,3,2,0.92
593,3,31,2,"CALIFORNIA",4,98,,,,,,,,,,,,,,,,,98,4,4,3,2,2,2,4,1,1,3,3,3,1,6,,4,5,3,4,6,2,0.44
594,3,28,4,"KENYUCKY",2,2,,,,,,,,,,,,,,,"NATURAL",2,4,1,1,1,1,4,4,4,2,3,1,4,2,1,98,,5,2,2,2,6,1,0.295
595,3,29,4,"KENTUCKY",2,1,1,3,1,1,"OVER POPULATION USING FOSSIL FUELS",13,1,1,4,3,4,2,1,3,,,4,4,4,4,4,1,1,2,6,,4,4,2,1,6,,3,2,1,3,,1,0.695
596,4,4,3,"KENTUCKY",2,2,,,,,,,,,,,,,,,"EARTH HAS TRENDS",2,2,3,3,1,2,4,4,4,6,,3,3,2,1,1,1,3,1,1,4,3,2,1.33
597,3,28,3,"KENTUCKY",2,2,,,,,,,,,,,,,,,"AMOUNT OF SNOWFALL AND ALL THE COLD WEATHER",1,1,1,2,4,1,4,4,4,6,,4,4,3,1,1,2,4,1,1,2,6,1,0.705
598,3,28,5,"CONNETICUT",1,1,2,3,1,1,"PERSONAL OBSERVATION",2,1,3,4,,3,3,1,1,,,4,98,98,2,98,1,3,98,98,,98,4,1,,,,,,,,,1,1.175
599,3,27,2,"COLORADO",4,1,1,1,1,1,"PERSONAL OBSERVATIONS",2,1,1,2,2,4,4,2,2,,,4,4,4,4,4,2,2,1,1,1,2,4,3,1,1,2,4,1,1,5,5,2,1.22
600,3,28,3,"CONNECTICUT",1,1,2,3,2,98,"MELTING POLAR ICE CAPS",1,1,3,4,98,98,4,98,2,,,98,1,1,3,2,4,4,3,2,3,4,4,2,1,1,2,3,1,1,2,3,2,1.33
601,3,18,4,"FLORIDA",2,1,2,3,2,2,"MUCH WARMER THEN WHEN I WAS YOUNG",2,1,1,4,3,4,3,1,3,,,4,4,4,4,4,2,3,4,1,3,4,4,3,1,2,,2,1,1,3,2,2,0.76
602,4,4,3,"SOUTH CAROLINA",2,1,2,3,2,2,"EARTH'S CYCLE HAS CHANGED DUE TO POLLUTION AND NOT RECYCLING",8,2,2,4,2,4,3,2,2,,,3,2,2,4,98,4,4,4,1,3,3,4,2,1,1,2,4,1,1,1,3,1,1.255
603,3,30,5,"SOUTH CAROLINA",2,1,1,3,2,1,"MELTING",1,1,2,98,98,4,2,1,1,,,3,2,3,3,2,4,4,4,6,,98,4,2,1,1,98,4,1,4,4,1,2,0.45
604,4,1,3,"TENNESSEE",2,2,,,,,,,,,,,,,,,"EARTH'S HISTORY",2,1,2,3,1,1,4,4,4,6,,2,4,3,10,1,1,4,1,4,1,3,1,1.255
605,3,31,3,"TENNESSEE",2,1,2,1,2,2,"GLACIERS MELTING",1,1,2,4,4,4,2,3,2,,,3,2,3,4,3,4,4,4,4,1,1,4,2,1,1,2,2,1,2,2,3,2,1.63
606,3,22,3,"ARKANSAS",2,1,2,2,2,2,"NOT SURE",10,98,98,2,2,98,3,98,2,,,2,3,3,2,3,2,2,2,6,,4,3,3,1,6,,3,1,4,3,4,2,0.8
607,4,1,4,"ARKANSAS",2,1,4,2,4,1,"WARMER WINTERS",2,2,2,4,1,4,2,2,2,,,2,3,2,2,3,4,4,4,4,2,2,4,2,2,1,1,1,1,2,1,1,2,1.63
608,3,21,3,"ARKANSAS",2,2,,,,,,,,,,,,,,,"NO PROVEN EVIDENCE",3,1,1,1,1,1,4,4,4,1,3,1,3,3,1,1,1,5,1,4,3,4,1,0.655
609,3,21,3,"ARKANSAS",2,1,2,98,2,2,"FOSSIL FUELS",8,1,4,2,4,4,4,2,3,,,3,2,3,4,3,4,4,4,1,1,4,4,2,1,1,2,4,4,1,1,5,2,0.41
610,3,25,2,"TENNESSEE",2,1,1,1,1,1,"POLAR ICE CAPS",1,1,1,1,1,4,1,1,1,,,4,4,4,4,4,98,4,1,1,1,4,3,1,10,1,2,3,5,1,3,2,2,0.82
611,3,22,4,"TENNESSEE",2,1,2,3,1,1,"ANTARCTIC",1,1,1,1,98,2,1,1,1,,,4,4,4,4,4,1,1,4,2,2,4,3,2,2,1,2,5,6,4,2,2,2,0.68
612,3,28,3,"TENNESSEE",2,1,2,1,2,1,"JAPAN HAITI AND OTHER DISASTERS",3,1,2,3,2,4,2,1,3,,,4,4,4,4,4,4,4,4,6,,4,3,3,1,1,2,2,1,1,4,3,2,1.63
613,3,21,4,"TENNESSEE",2,1,2,2,2,98,"POLAR ICE CAPS MELTING AND WARMER SUMMERS",1,1,1,4,4,4,1,2,2,,,2,2,2,1,2,4,4,4,6,,1,4,2,1,1,1,4,5,2,1,4,1,0.365
614,3,21,3,"TEXAS",2,2,,,,,,,,,,,,,,,"NO DATA",3,3,2,1,1,1,3,2,2,6,,1,3,2,1,1,1,3,5,4,2,6,1,1.055
615,4,4,3,"TEXAS",2,1,3,2,3,2,"I HAVE SEEN IT ALL",2,2,3,2,4,4,3,4,2,,,3,1,1,1,1,4,4,4,4,3,2,4,2,1,1,1,2,3,4,1,,1,1.345
616,4,4,4,"TEXAS",2,98,,,,,,,,,,,,,,,,,2,2,3,2,2,4,4,4,1,3,4,3,3,1,1,2,2,2,,3,,2,0.72
617,3,18,3,"TEXAS",2,1,1,3,1,98,"DIFFERENCE IN TEMPERATURES",2,1,3,2,1,4,1,2,1,,,4,4,4,4,4,2,3,2,1,1,1,4,3,10,,,4,5,4,3,,1,0.875
618,3,18,3,"TENNESSEE",2,98,,,,,,,,,,,,,,,,,3,2,1,1,2,4,4,4,1,3,4,3,3,1,1,2,2,2,1,2,2,2,1.11
619,4,4,3,"FLORIDA",2,1,1,3,1,1,"MELTING",1,1,3,3,4,2,4,1,3,,,3,4,4,4,4,2,3,4,1,1,4,4,2,10,1,2,4,5,1,2,,1,0.725
620,3,20,4,"FLORIDA",2,98,,,,,,,,,,,,,,,,,1,3,4,4,3,4,4,4,4,98,98,3,1,1,1,2,4,2,1,4,2,1,0.385
621,3,21,3,"FLORIDA",2,2,,,,,,,,,,,,,,,"TEMPERATURE CYCLES",2,2,2,2,1,2,4,4,4,6,,2,4,3,1,6,,2,1,2,3,3,2,1.64
622,4,4,3,"MICHIGAN",3,98,,,,,,,,,,,,,,,,,4,2,4,98,1,4,4,3,1,3,4,3,3,1,6,,2,1,1,2,5,1,1.335
623,4,3,4,"ALASKA",4,2,,,,,,,,,,,,,,,"CLIMATE",8,1,1,1,1,1,4,4,4,6,,1,4,2,1,1,1,3,5,4,1,4,1,0.715
624,4,4,2,"ALASKA",4,1,1,3,1,1,"GLACIERS ARE MELTING AND POLAR BEARS ARE BECOMING EXTINCT",1,1,1,1,2,3,3,1,2,,,3,3,3,4,3,2,3,2,1,1,2,4,2,1,6,,4,2,1,3,,2,0.43
625,3,21,2,"NEW JERSEY",1,2,,,,,,,,,,,,,,,"RECENT RESEARCH TO SHOW COOLING",5,1,1,4,2,3,4,4,4,1,3,1,3,3,1,2,,5,5,4,3,6,1,1.455
626,3,23,4,"NEW JERSEY",1,1,2,98,1,1,"MELTING ICEBERGS",1,1,1,98,2,4,2,2,3,,,4,98,98,98,1,4,4,4,1,3,4,4,3,1,2,,1,2,2,3,5,2,0.96
627,3,22,3,"NEW JERSEY",1,2,,,,,,,,,,,,,,,"RECENT SNOW ACTIVITITY",1,1,1,98,1,1,4,4,4,2,3,2,4,3,1,1,2,2,5,2,1,6,1,1.355
628,3,30,2,"NEW JERSEY",1,1,2,3,2,2,"JUST FROM WHAT SHES READ AND HEARD",6,2,3,2,4,4,3,2,2,,,3,98,4,3,2,4,4,4,1,3,3,2,3,1,1,2,5,1,4,3,,2,0.37
629,3,29,4,"CALIFORNIA",4,2,,,,,,,,,,,,,,,"GREEN HOUSE GASES",9,2,4,4,4,4,1,1,1,1,3,4,4,1,10,98,,4,2,1,3,6,1,0.385
630,4,4,2,"CALIFORNIA",4,2,,,,,,,,,,,,,,,"NORMAL WEATHER PATTERNS",1,2,1,98,1,1,4,4,4,2,1,4,4,1,1,2,,4,2,,,,1,0.705
631,4,3,4,"CALIFORNIA",4,2,,,,,,,,,,,,,,,"THE LORD'S WAY",6,1,1,98,2,2,4,4,4,4,98,4,4,2,9,2,,2,1,2,2,3,2,3.81
632,3,27,4,"CALIFORNIA",4,2,,,,,,,,,,,,,,,"FEELS THE SAME",1,98,2,2,1,2,2,2,3,1,3,2,98,3,1,1,1,2,1,2,3,1,2,0.75
633,3,24,2,"CALIFORNIA",4,98,,,,,,,,,,,,,,,,,2,2,2,2,3,3,3,3,1,2,2,2,3,1,1,1,2,1,2,3,3,1,1.915
634,4,3,3,"CALIFORNIA",4,2,,,,,,,,,,,,,,,"EARTH GOES THROUGH CYCLES",2,1,4,3,1,2,4,4,4,6,,4,4,3,1,6,,3,5,1,3,5,1,1.035
635,3,21,3,"CALIFORNIA",4,1,2,3,1,1,"SCIENTIFIC STATISTICS",4,2,1,1,2,2,2,2,1,,,4,4,4,3,3,2,2,2,2,1,2,3,1,9,2,,3,1,1,1,3,1,3.145
636,3,30,4,"NORTH CAROLINA",2,98,,,,,,,,,,,,,,,,,4,1,3,98,1,2,4,4,1,3,1,4,3,1,1,2,5,1,4,1,6,1,0.295
637,3,30,4,"NORTH CAROLINA",2,1,2,3,3,2,"TV NEWS",6,4,4,4,4,4,4,4,4,,,1,1,98,1,1,4,4,4,2,3,1,4,3,1,2,,4,1,4,1,3,2,0.63
638,3,22,4,"NORTH CAROLINA",2,2,,,,,,,,,,,,,,,"WEATHER PATTERN CYCLE",2,1,3,4,1,2,4,4,4,6,,4,4,2,1,1,1,3,5,2,2,,1,0.695
639,4,4,3,"NEW YORK",1,1,1,3,1,1,"MAN'S ACTIVITY",8,1,2,2,2,1,4,98,1,,,4,4,4,4,4,4,4,4,1,1,1,4,2,1,2,,4,1,1,4,,2,0.42
640,3,23,4,"NORTH CAROLINA",2,98,,,,,,,,,,,,,,,,,98,2,3,2,2,4,4,4,5,1,3,4,2,1,1,1,1,1,4,1,1,1,1.275
641,3,25,3,"NORTH CAROLINA",2,1,1,3,1,1,"GLACIERS ARE MELTING AND TEMPERATURES ARE GRADUALLY INCREASING",1,1,1,2,1,1,2,2,1,,,4,4,4,4,4,1,1,1,1,1,98,3,1,2,2,,3,1,3,4,2,2,1.44
642,3,18,3,"NORTH CAROLINA",2,1,2,3,2,1,"GLACIERS MELTING",1,1,2,2,4,1,4,1,4,,,4,4,2,4,4,2,4,1,1,1,98,3,2,1,1,1,3,1,1,3,2,2,0.81
643,3,28,3,"GEORGIA",2,2,,,,,,,,,,,,,,,"CYCLE CHANGE",2,1,1,1,1,1,4,4,4,6,,98,4,1,1,1,2,5,1,4,3,4,2,0.39
644,3,18,2,"KANSAS",3,2,,,,,,,,,,,,,,,"TOO MANY SIMILARITIES OVER THE YEARS",1,1,2,2,1,2,2,4,2,2,1,3,3,3,1,1,1,3,2,2,1,3,1,1.615
645,3,22,4,"KANSAS",3,2,,,,,,,,,,,,,,,"IT HAS BEEN LIKE THIS FOR AS LONG AS I CAN REMEMBER",1,1,2,3,1,2,4,4,4,6,,4,4,2,1,1,1,2,1,1,3,1,2,0.75
646,3,22,3,"KANSAS",3,2,,,,,,,,,,,,,,,"NO CHANGE IN WEATHER",1,2,2,3,3,2,3,4,3,6,,3,3,3,1,1,2,2,1,2,3,2,2,1.11
647,3,31,3,"KANSAS",3,2,,,,,,,,,,,,,,,"HAVE NOT SEEN ANY PROOF",3,2,4,4,3,1,1,1,3,1,3,4,3,1,1,6,,4,5,4,3,5,1,0.695
648,4,1,4,"NEW YORK",1,2,,,,,,,,,,,,,,,"WINTERS ARE STILL COLD",1,1,4,1,1,2,3,4,4,1,3,1,4,1,1,,,4,1,4,3,,2,0.07
649,3,29,4,"NEW YORK",1,1,1,1,1,1,"FOLLOWING WEATHER PATTERNS",3,1,1,2,2,2,3,1,2,,,4,4,4,4,4,4,4,4,1,3,98,4,2,1,6,,4,2,4,98,2,2,0.11
650,3,30,2,"NEW YORK",1,98,,,,,,,,,,,,,,,,,3,3,3,3,98,2,1,1,1,1,4,4,1,5,3,,4,5,4,2,6,2,0.97
651,3,21,4,"TEXAS",2,1,3,2,2,1,"CLIMATE",2,2,2,3,2,98,3,98,1,,,1,98,2,2,2,4,4,4,4,3,4,4,2,9,2,,2,1,1,3,2,2,2.29
652,3,23,2,"TEXAS",2,1,3,2,3,2,"NEWS MEDIA",6,4,4,2,4,4,4,4,4,,,2,1,1,1,2,4,4,4,1,3,2,4,3,1,1,1,3,5,2,1,3,2,1.34
653,3,21,3,"CALIFORNIA",4,1,1,1,1,1,"POLLUTION",8,1,1,1,3,3,4,3,3,,,4,4,4,4,4,1,1,1,1,1,1,4,3,1,1,1,5,1,4,5,6,2,0.37
654,3,28,3,"NEW YORK",1,1,1,3,1,1,"WATCHING THE ICE MELT",1,1,1,2,2,2,2,2,2,,,4,1,4,4,4,4,4,4,6,,4,3,1,2,1,2,5,2,1,5,5,2,0.98
655,3,18,3,"OKLAHOMA",2,2,,,,,,,,,,,,,,,"NO PROOF",3,1,1,3,1,1,4,3,4,1,1,4,4,3,1,1,2,4,1,2,2,4,2,0.44
656,3,20,4,"OKLAHOMA",2,98,,,,,,,,,,,,,,,,,2,3,2,2,2,4,4,4,6,,2,4,1,10,2,,5,5,4,98,5,2,0.03
657,3,23,2,"OKLAHOMA",2,1,2,3,1,1,"MORE STORMS",3,1,1,4,1,4,4,1,1,,,4,4,4,4,4,2,2,2,1,1,4,4,2,10,6,,3,1,1,5,3,2,2.32
658,3,31,3,"OKLAHOMA",2,2,,,,,,,,,,,,,,,"WEATHER PATTERNS DOCUMENTED TROUGH THE DECADES",2,1,2,1,1,2,3,3,2,1,3,2,3,3,1,1,1,2,2,2,2,3,1,1.915
659,4,4,3,"OKLAHOMA",2,2,,,,,,,,,,,,,,,"NORMAL FOR EARTHS TEMPERATURE TO CHANGE",2,2,2,3,3,2,4,4,4,3,2,1,4,3,1,1,2,5,5,4,2,,1,0.635
660,3,22,4,"OKLAHOMA",2,1,1,1,1,2,"WEATHER PATTERNS",3,1,2,1,4,1,4,1,1,,,4,4,4,4,1,4,4,4,6,,1,4,3,1,1,2,5,1,1,5,2,2,0.05
661,3,23,3,"OKLAHOMA",2,1,1,3,2,2,"CONDITIONS FOR FARMING",10,1,1,2,3,4,3,1,1,,,4,4,4,4,4,2,2,3,1,3,3,4,2,1,1,2,2,1,4,2,3,1,1.915
662,3,21,5,"NORTH CAROLINA",2,1,1,3,1,1,"DATA",4,1,2,1,4,4,4,1,1,,,4,4,4,3,3,1,4,4,1,2,2,4,1,1,2,,1,5,1,5,,2,0.94
663,4,1,4,"NORTH CAROLINA",2,98,,,,,,,,,,,,,,,,,98,2,98,2,2,98,4,4,3,2,4,4,1,2,1,2,2,1,4,98,,2,1.35
664,3,31,4,"NORTH CAROLINA",2,1,3,3,1,1,"ICE MELTING",1,1,3,4,2,1,4,1,3,,,3,3,98,3,3,2,3,3,1,3,2,4,3,1,1,2,3,1,1,3,3,2,0.98
665,3,25,3,"WISCONSIN",3,2,,,,,,,,,,,,,,,"STATISTICS",5,1,1,1,1,1,4,4,1,6,,2,3,2,1,2,,2,4,2,1,2,1,1.385
666,3,18,4,"WISCONSON",3,98,,,,,,,,,,,,,,,,,98,98,4,3,3,2,4,4,6,,3,3,3,1,1,98,2,1,1,3,98,2,0.72
667,3,28,4,"CALIFORNIA",4,1,2,3,1,1,"NEWS",6,1,1,3,1,4,2,1,3,,,4,4,4,4,4,2,4,4,1,1,3,4,3,1,2,,2,1,1,3,3,2,1.28
668,3,22,3,"ARIZONA",4,1,2,1,2,1,"DECREASED OZONE LAYER",10,1,1,4,1,1,1,3,1,,,4,2,3,2,2,4,4,4,6,,4,4,2,1,1,2,2,1,1,4,6,2,1.08
669,3,22,1,"ARIZONA",4,1,2,3,2,1,"SUMMERS ARE HOTTER AND WINTERS ARE COLDER",3,2,1,2,2,4,4,4,1,,,98,2,4,2,2,4,2,98,2,1,4,4,3,1,7,,2,1,4,3,,1,2.155
670,4,4,3,"TENNESSEE",2,1,1,1,1,2,"LIVED THE PAST FOUR DECADES AND SEEN THE CLIMATES CHANGE",2,1,1,4,3,4,2,1,2,,,4,4,4,4,4,2,1,1,1,1,3,4,2,1,2,,3,5,4,5,3,2,1.33
671,3,23,4,"TEXAS",2,1,1,3,1,1,"WEATHER CHANGES",3,1,1,1,2,1,1,1,1,,,1,1,1,1,2,4,4,4,1,1,1,4,3,10,7,,3,2,3,4,1,2,0.45
672,3,28,4,"TEXAS",2,2,,,,,,,,,,,,,,,"WINTER",1,2,1,98,1,1,4,4,4,6,,4,3,3,1,1,1,2,1,2,2,3,2,1.28
673,4,3,3,"TEXAS",2,1,1,98,2,1,"YOU CAN FEEL IT",2,1,2,2,2,98,1,98,2,,,3,3,2,3,3,3,3,3,6,,98,4,2,1,7,,2,2,2,2,4,2,1.1
674,3,28,4,"TEXAS",2,1,2,2,3,2,"MELTING ICE,WARMER DAYS",1,2,2,4,3,4,4,3,2,,,2,1,98,98,1,4,4,4,1,3,2,4,2,1,2,,2,1,98,2,1,2,0.75
675,3,24,3,"OHIO",3,98,,,,,,,,,,,,,,,,,4,98,4,1,1,3,3,3,1,98,4,3,1,1,6,,3,1,4,3,2,2,0.82
676,3,30,3,"OHIO",3,1,1,1,1,1,"ANIMAL LIFE AND TEMPERATURES",7,1,1,1,2,3,4,1,1,,,4,4,3,4,4,2,4,3,1,1,3,4,2,1,1,1,4,1,2,2,2,2,0.46
677,3,30,4,"OHIO",3,1,1,1,1,1,"CARBON MONOXIDE",10,1,1,1,2,4,1,1,1,,,1,2,2,1,2,1,3,1,2,2,4,3,1,1,1,2,2,1,1,1,1,1,1.025
678,3,30,3,"TEXAS",2,1,2,3,2,1,"ENVIRONMENTAL ISSUES",10,2,2,2,1,3,2,2,2,,,4,4,4,3,4,3,4,3,1,3,3,3,3,1,1,1,4,2,2,2,3,1,1.265
679,3,21,3,"TEXAS",2,1,2,3,2,1,"NATURAL TRENDS AND MAN'S ACTIONS",9,2,1,2,1,4,2,2,2,,,3,3,4,3,3,4,4,4,2,3,1,4,2,9,2,,2,2,1,2,2,1,2.915
680,3,28,4,"TEXAS",2,2,,,,,,,,,,,,,,,"WEATHER",1,1,98,3,1,98,4,4,4,6,,3,4,2,1,1,1,2,1,,1,1,2,0.75
681,3,28,4,"FLORIDA",2,2,,,,,,,,,,,,,,,"I HAVE SEEN WEATHER LIKE THIS MANY YEARS AGO",1,98,4,4,1,4,4,4,4,6,,4,3,3,1,2,,2,1,1,3,2,1,1.035
682,3,25,4,"OHIO",3,2,,,,,,,,,,,,,,,"CYCLES",2,1,1,1,1,1,4,4,4,6,,1,4,2,1,2,,2,2,4,2,4,2,0.74
683,4,4,3,"CALIFORNIA",4,2,,,,,,,,,,,,,,,"HISTORY",2,1,4,4,1,1,4,4,4,1,2,1,3,3,1,2,,4,5,2,1,6,2,0.44
684,3,24,3,"CALIFORNIA",4,2,,,,,,,,,,,,,,,"NO SCIENTIFIC FACTS",3,1,1,2,1,1,4,4,3,3,1,4,4,3,1,2,,3,1,2,2,3,1,1.605
685,3,28,2,"CALIFORNIA",4,1,1,1,1,1,"COASTLINES ARE RECEDEING",11,1,1,2,2,3,4,2,2,,,4,4,4,4,4,2,2,2,1,1,2,4,2,1,2,,3,1,1,3,,1,1.055
686,4,3,3,"CALIFORNIA",4,2,,,,,,,,,,,,,,,"SCIENTIFIC RESEARCH ABOUT NORMAL WEATHER CYCLES",5,1,2,2,1,2,4,4,4,6,,2,4,1,2,1,1,1,1,1,2,2,1,2.265
687,4,1,3,"OREGON",4,1,1,3,1,1,"NOT SURE",10,1,1,1,1,4,4,2,1,,,4,4,4,3,98,1,2,4,1,1,4,4,2,1,7,,2,1,4,98,2,2,1.11
688,3,18,3,"CALIFORNIA",4,2,,,,,,,,,,,,,,,"DO NOT KNOW",9,2,2,3,3,2,3,3,3,6,,3,2,1,1,2,,2,1,4,3,3,2,1.64
689,3,18,5,"MINNESOTA",3,2,,,,,,,,,,,,,,,"LIVES IN MINNESOTA",1,2,3,4,2,2,2,2,2,1,1,3,3,1,1,1,2,3,1,4,3,6,2,0.78
690,3,28,4,"FLORIDA",2,1,1,2,2,1,"NEWS AND SCIENTIFIC EVIDENCE",6,2,4,1,4,4,4,4,4,,,2,1,4,2,1,4,4,4,1,1,2,4,1,1,1,2,3,1,1,3,6,1,0.705
691,4,4,3,"FLORIDA",2,1,1,1,1,1,"NOTICED ENVIORNMENTAL CHANGES IN PAST 20 - 30 YEARS",2,4,1,4,2,1,2,4,2,,,2,3,1,3,3,4,2,4,1,3,1,3,1,2,6,,4,1,3,4,5,1,1.315
692,4,3,1,"FLORIDA",2,1,1,1,1,1,"COMMON SENSE",10,2,1,4,1,1,4,2,1,,,4,4,4,4,4,1,1,1,98,,2,2,3,9,6,,4,5,4,5,98,1,4.035
693,3,20,1,"TEXAS",2,2,,,,,,,,,,,,,,,"NOT ENOUGH EVIDENCE",3,1,2,3,1,1,4,4,4,2,1,2,4,3,1,1,2,3,5,4,3,,1,1.855
694,3,28,4,"COLORADO",4,2,,,,,,,,,,,,,,,"NOT ENOUGH EVIDENCE OR FACTS",3,1,1,2,1,1,3,4,3,3,1,4,3,1,9,1,2,2,1,,,,2,3.25
695,3,25,3,"TEXAS",2,1,2,2,2,1,"MEDIA",6,4,2,4,4,4,4,2,4,,,4,4,4,2,3,4,3,4,5,3,3,3,3,1,1,2,3,1,1,4,5,2,0.76
696,3,25,4,"TEXAS",2,98,,,,,,,,,,,,,,,,,2,3,2,2,98,98,2,2,6,,2,3,1,1,1,2,3,1,2,3,5,2,0.41
697,4,4,3,"TEXAS",2,1,1,1,2,1,"INCREASED MATTER IN AIR, MORE HEAT IS RETAINED IN ATMOSPHERE",10,1,1,2,1,4,4,1,1,,,4,4,4,4,4,4,4,4,1,1,2,4,3,1,6,,5,1,4,4,6,1,0.645
698,3,22,3,"TEXAS",2,2,,,,,,,,,,,,,,,"WEATHER",1,3,98,3,2,1,3,3,3,2,3,3,4,3,1,2,,4,5,2,2,4,2,0.44
699,3,23,3,"NEW JERSEY",1,2,,,,,,,,,,,,,,,"COLDER WINTERS",1,1,1,1,98,1,2,2,4,1,3,4,3,3,1,2,,4,1,4,3,,2,0.42
700,3,18,3,"NEW JERSEY",1,2,,,,,,,,,,,,,,,"LONGER AND HARSHER WINTERS",1,2,4,3,3,3,3,3,3,1,3,3,4,3,1,3,,4,1,4,3,,1,0.705
701,3,21,2,"MASSACHUSETTS",1,1,2,1,2,1,"MELTING ICE",1,1,3,1,2,1,4,1,4,,,3,3,3,3,3,3,4,3,1,1,98,3,3,1,98,,5,5,1,3,6,2,0.38
702,4,1,3,"MASSACHUSETTS",1,98,,,,,,,,,,,,,,,,,3,98,2,2,2,4,4,4,6,,4,4,2,1,2,,3,1,4,2,3,1,1.605
703,4,5,4,"MASSACHUSETTS",1,1,2,1,1,1,"POLAR ICE CAPS MELTING",1,1,3,1,2,2,4,2,3,,,4,3,4,3,3,4,4,4,4,1,2,4,2,1,2,,2,1,4,4,3,2,1.28
704,3,27,4,"MASSACHUSETTS",1,1,1,1,1,2,"WEATHER",3,1,1,4,1,1,1,1,1,,,1,1,1,1,3,1,1,4,6,,1,2,1,1,1,2,3,1,1,5,3,2,0.98
705,3,30,3,"TEXAS",2,1,1,3,1,1,"HOT IN TEXAS",2,1,1,1,1,3,2,2,1,,,3,4,4,2,4,3,4,3,6,,1,2,1,10,6,,5,1,1,4,4,1,0.655
706,4,1,4,"LOUISIANA",2,1,1,2,4,2,"IT HAPPENS ALL THE TIME",10,4,4,4,4,4,4,4,4,,,1,1,1,1,1,3,3,3,6,,4,2,1,1,1,2,5,5,4,2,6,1,0.295
707,3,27,3,"MICHIGAN",3,1,1,1,1,1,"COLDER WINTERS WITH MORE SNOW",3,1,1,1,2,3,4,2,2,,,4,4,4,3,3,4,4,4,2,3,2,3,3,1,2,,3,2,2,1,2,1,1.085
708,3,30,4,"MICHIGAN",3,1,2,1,1,98,"MELTING",1,1,2,1,2,2,2,1,1,,,4,4,4,4,4,2,4,4,1,1,4,4,2,1,1,2,2,1,1,2,2,2,0.76
709,3,22,3,"MICHIGAN",3,1,4,2,4,2,"INTERNET",6,2,4,1,1,2,4,1,2,,,1,4,4,1,2,4,4,4,2,2,1,4,2,1,7,,4,5,2,2,4,1,0.715
