"RespNum","Month","Day","demog_age_open","demog_age_open_coded","demog_state","demog_state_region","gw_belief","believer_confidence","believer_cause","believer_problem","believer_immediacy","believer_factor_open","believer_factor_open_coded","believer_factor_glaciers","believer_factor_warmer","believer_factor_models","believer_factor_hurricane","believer_factor_mildwint","believer_factor_polarbrs","believer_factor_droughts","believer_factor_extremes","nonbeliever_factor_open","nonbeliever_factor_open_coded","nonbeliever_factor_weath","nonbeliever_factor_scievid","nonbeliever_factor_distort","gw_noevidence","gw_scioverstate","gw_mediaoverstate","fftax_support_v1","gastax_support_v1","captrade_support_v2","electrictax_support_v1","rps_support","industrial_support","industrial_support_caa","vehicle_54mpg_nocost","vehicle_54mpg_cost5pct","demog_race","demog_relig","demog_relig_evang","demog_edu","demog_news","demog_polparty","demog_polviews","demog_income","demog_gender","Weight"
1,3,27,33,2,"MARYLAND",2,1,1,3,3,1,"HUMAN CONSUMPTION",8,3,3,98,2,2,3,2,2,,,,,,4,4,1,4,4,4,4,3,2,98,2,2,1,6,,4,1,4,4,6,1,0.8178
2,3,27,37,2,"MARYLAND",2,1,2,1,2,1,"ICE  LEVELS",1,1,3,3,3,2,2,2,2,,,,,,4,3,2,3,2,1,3,1,3,98,1,2,9,2,,5,5,1,4,6,1,2.1432
3,3,27,64,3,"MICHIGAN",3,2,,,,,"",,,,,,,,,,"STUPID AL GORE",7,2,2,2,1,1,2,4,4,4,4,4,4,4,4,4,9,2,,3,1,,,,2,2.256
4,3,28,69,4,"KANSAS",3,1,1,1,1,1,"CLIMATOLOGISTS",4,1,1,1,1,1,1,98,2,,,,,,4,4,4,98,4,1,4,4,1,1,1,1,1,,,4,2,1,5,,1,0.5358
5,3,28,55,3,"ALABAMA",2,2,,,,,"",,,,,,,,,,"CRAZY SCIENTISTS",9,3,1,1,1,1,1,4,4,4,4,4,4,4,3,3,1,2,,,1,,,,2,0.9306
6,3,28,54,3,"CONNECTICUT",1,2,,,,,"",,,,,,,,,,"THERMOMETERS ARE IN PAVED PARKING LOTS",9,2,3,1,2,2,1,4,4,4,4,4,3,4,4,4,1,2,,4,5,2,2,5,2,0.799
7,3,28,21,1,"CONNECTICUT",1,2,,,,,"",,,,,,,,,,"DEMOCRATIC FALSEHOODS",7,3,1,1,1,1,1,4,4,4,4,4,4,4,4,4,5,6,,2,5,4,2,,2,1.4946
8,3,28,58,3,"NEW YORK",1,1,1,3,1,1,"OVER POPULATION",13,2,2,98,3,2,2,2,2,,,,,,4,4,4,2,2,2,2,1,2,2,2,2,5,5,,4,1,1,4,,1,0.7238
9,3,28,56,3,"NEW YORK",1,1,2,3,1,1,"WEATHER PATTERN CHANGES,  WARMER IN SOME PLACES AND COOLER IN OTHERS",3,1,2,1,2,2,1,2,1,,,,,,3,4,3,1,1,2,98,1,1,1,1,1,1,1,2,5,2,1,2,6,1,0.423
10,3,28,42,2,"PENNSYLVANIA",1,1,2,3,2,98,"NEWS MEDIA",6,1,1,2,1,2,1,1,1,,,,,,3,3,2,3,3,1,3,1,1,1,1,3,1,5,,4,1,3,3,,2,1.2032
11,3,28,24,1,"MARYLAND",2,1,1,1,1,1,"GLACIERS MELTING IN ALASKA AND ANTARTICA",1,1,2,3,2,1,2,2,2,,,,,,4,4,4,1,2,2,2,1,2,1,2,2,1,4,,4,5,4,4,,1,1.0058
12,3,28,75,4,"NORTH CAROLINA",2,1,2,3,2,2,"PERSONAL OBSERVATIONS OVER THE YEARS",2,2,3,4,3,3,2,3,2,,,,,,3,3,3,4,4,3,4,1,1,1,1,2,1,1,2,2,1,1,2,1,2,0.9306
13,3,28,47,3,"SOUTH CAROLINA",2,1,1,98,1,1,"SCIENTIFIC DATA",4,1,2,1,3,3,1,3,3,,,,,,4,4,4,4,4,2,4,1,1,1,1,1,1,1,2,5,4,4,2,6,1,0.799
14,3,28,55,3,"FLORIDA",2,2,,,,,"",,,,,,,,,,"HISTORY",2,4,1,1,1,1,1,4,4,4,4,2,4,4,2,2,1,6,,4,5,2,2,4,1,0.658
15,3,28,23,1,"FLORIDA",2,1,1,3,1,1,"OZONE LAYERS",10,1,3,2,2,3,1,2,2,,,,,,4,4,4,1,2,2,2,2,2,2,2,2,1,6,,3,5,4,4,,1,1.0904
16,3,28,56,3,"ALABAMA",2,1,1,1,1,1,"POLLUTION",8,1,1,4,3,2,1,3,2,,,,,,4,4,4,4,4,4,4,1,1,1,1,1,2,4,,4,1,1,2,2,2,1.1656
17,3,28,55,3,"INDIANA",3,2,,,,,"",,,,,,,,,,"THERE IS NO PROOF",3,4,2,1,1,1,1,4,4,4,4,4,4,4,2,3,1,2,,4,1,,,,1,0.6298
18,3,28,46,3,"INDIANA",3,1,1,2,1,1,"INTERNET AND NEWSPAPER",6,1,1,1,3,1,1,3,1,,,,,,4,3,3,2,2,4,4,1,4,4,1,1,1,2,,5,3,2,3,6,1,0.799
19,3,28,28,1,"INDIANA",3,1,2,2,2,2,"WARM WEATHER",2,98,1,1,4,,,,,,,,,,,,,,,,,,,,,,,98,,,,,,,2,0.94
20,3,28,44,2,"MICHIGAN",3,2,,,,,"",,,,,,,,,,"IT'S PART OF NATURE, AND GLOBAL WARMING IS OVERHYPED",2,2,4,98,2,4,1,2,4,98,2,1,1,1,1,1,5,,,4,5,4,3,6,2,1.1092
21,3,28,58,3,"ILLINOIS",3,1,1,3,1,98,"TV SHOWS",6,1,2,2,2,2,3,1,1,,,,,,4,3,4,1,2,4,4,1,1,1,1,1,1,7,,3,1,4,4,,1,0.7144
22,3,28,35,2,"ILLINOIS",3,1,1,1,1,1,"OZONE LAYER",10,1,2,2,2,2,2,2,2,,,,,,4,4,4,1,2,2,2,1,2,2,2,2,5,6,,4,5,1,5,,1,1.0998
23,3,28,81,4,"TEXAS",2,1,2,1,2,1,"WEATHER CHANGES",3,1,1,3,2,1,2,1,2,,,,,,3,3,3,2,2,2,2,1,2,2,98,3,10,2,,4,1,1,5,,2,0.8272
24,3,28,70,4,"COLORADO",4,2,,,,,"",,,,,,,,,,"EARTH'S NATURAL PATTERNS",2,3,2,2,2,2,2,4,4,4,4,4,4,4,4,4,9,6,,2,1,2,2,,2,2.2748
25,3,28,37,2,"ARIZONA",4,98,,,,,"",,,,,,,,,,,,,,,3,3,3,3,3,2,3,2,2,2,2,2,5,2,,3,5,2,2,4,2,1.41
26,3,28,73,4,"NEVADA",4,98,,,,,"",,,,,,,,,,,,,,,2,2,2,4,4,4,4,2,4,4,1,2,1,2,,4,1,4,3,,2,0.7332
27,3,28,83,4,"CALIFORNIA",4,2,,,,,"",,,,,,,,,,"GOD CONTROLS THE WEATHER",6,2,2,2,2,2,2,3,4,98,3,4,4,4,3,3,1,6,,2,2,4,3,,2,0.9306
28,3,28,57,3,"CALIFORNIA",4,98,,,,,"",,,,,,,,,,,,,,,3,3,2,3,4,98,3,2,98,98,98,98,5,2,,2,2,,,,2,1.1186
29,3,28,99,5,"WASHINGTON",4,1,1,3,2,98,"MELTING OF ANTARTIC",1,1,2,1,1,3,2,2,3,,,,,,1,4,3,98,98,2,98,2,1,1,1,1,1,1,1,3,1,4,4,3,1,0.94
30,3,28,23,1,"WASHINGTON",4,1,2,3,2,2,"WARMER WINTERS",2,1,1,3,1,1,1,3,2,,,,,,4,4,3,2,4,2,3,1,1,1,1,1,1,1,2,3,1,4,2,2,2,1.316
31,3,29,99,5,"PENNSYLVANIA",1,1,1,3,1,1,"HOT",2,1,1,98,1,1,1,1,1,,,,,,4,4,4,4,4,98,4,1,1,1,4,4,,7,,,1,,,,1,0.94
32,3,29,41,2,"FLORIDA",2,1,2,98,3,2,"NOT AS MUCH SNOW",3,4,4,4,4,2,4,4,4,,,,,,2,1,1,4,4,2,4,1,2,98,2,3,1,98,,5,1,4,4,5,1,0.9588
33,3,29,35,2,"NEVADA",4,1,1,1,1,1,"READ ONLINE, ICE MELTING AT A FASTER RATE",6,1,1,1,3,1,1,1,1,,,,,,4,4,4,2,2,1,2,1,1,1,2,2,5,2,,5,5,4,3,6,2,1.0904
34,3,29,37,2,"MASSACHUSETTS",1,2,,,,,"",,,,,,,,,,"NOT ENOUGH DATA",3,3,2,2,1,1,1,4,4,98,4,2,3,4,3,3,1,1,2,2,1,2,2,,2,1.4006
35,3,29,64,3,"MASSACHUSETTS",1,98,,,,,"",,,,,,,,,,,,,,,98,3,2,4,4,2,4,1,2,98,1,3,1,6,,4,1,1,4,3,2,0.8836
36,3,29,40,2,"MASSACHUSETTS",1,1,1,1,1,1,"OBSERVATION",2,1,2,1,1,1,1,1,1,,,,,,4,4,4,1,1,4,3,1,2,98,1,1,1,1,2,4,3,1,3,5,1,0.9776
37,3,29,40,2,"CONNECTICUT",1,1,2,1,4,98,"NO SNOW",3,2,1,2,98,2,4,98,98,,,,,,4,3,2,4,4,4,4,2,2,98,2,2,10,2,,5,1,1,5,6,2,1.0904
38,3,29,19,1,"MARYLAND",2,1,1,3,1,1,"NEWS",6,2,4,2,2,4,4,3,3,,,,,,4,4,4,2,4,2,4,1,3,1,1,1,5,,,3,5,4,4,,1,1.1844
39,3,29,21,1,"MARYLAND",2,1,1,1,2,1,"CO LEVELS",4,1,2,1,3,3,2,1,2,,,,,,4,4,4,2,2,1,2,4,1,2,1,1,1,2,,4,2,1,4,6,1,0.8178
40,3,29,18,1,"SOUTH CAROLINA",2,1,2,2,2,2,"WEATHER",3,1,1,4,2,2,2,1,1,,,,,,2,2,1,4,98,4,2,1,2,2,2,2,1,1,2,2,1,98,,,1,1.2032
41,3,29,48,3,"WASHINGTON",4,1,1,1,1,1,"ENVIRONMENT",10,2,3,1,1,3,1,1,1,,,,,,4,4,4,1,1,2,1,1,1,1,1,1,1,2,,4,4,1,5,5,1,0.9776
42,3,29,19,1,"FLORIDA",2,1,3,2,2,2,"THE SUN",10,2,,,2,4,1,98,,,,,,,,,,,,,,,,,,,,,,,,,,,98,0.94
43,3,29,55,3,"ALABAMA",2,1,1,3,1,1,"PUBLISHED RESEARCH",4,1,4,2,3,4,2,2,1,,,,,,4,3,4,2,3,98,4,1,1,1,2,2,1,2,,5,2,1,3,4,2,0.8366
44,3,29,53,3,"OHIO",3,1,1,1,1,1,"WINTERS MILDER, SUMMERS HARSHER",2,1,1,98,1,1,1,1,1,,,,,,4,4,1,1,4,1,3,1,1,1,1,1,1,6,,2,3,,,4,1,0.8554
45,3,29,57,3,"OHIO",3,1,1,1,1,1,"POLAR ICE CAPS AND BAD STORMS",1,1,1,3,1,1,1,3,1,,,,,,4,4,4,4,4,2,4,1,1,1,1,1,1,1,2,4,1,2,1,3,2,0.8836
46,3,29,43,2,"OHIO",3,2,,,,,"",,,,,,,,,,"BIBLICAL REASONS",6,3,4,4,2,2,2,3,4,3,3,3,3,3,2,3,1,2,,3,1,2,2,,2,1.2878
47,3,29,87,4,"INDIANA",3,1,2,2,2,2,"READ ABOUT IT",6,3,4,4,2,2,4,2,4,,,,,,3,2,98,4,4,3,3,2,3,2,3,3,10,1,1,3,1,2,2,1,2,0.9118
48,3,29,64,3,"INDIANA",3,98,,,,,"",,,,,,,,,,,,,,,2,2,2,3,4,98,4,4,3,98,2,2,1,1,2,4,2,1,98,,1,0.6298
49,3,29,45,3,"INDIANA",3,2,,,,,"",,,,,,,,,,"RESEARCH",5,4,1,1,1,1,2,4,4,4,4,3,3,4,4,4,1,1,1,4,5,2,2,6,1,0.8178
50,3,29,37,2,"SOUTH DAKOTA",3,2,,,,,"",,,,,,,,,,"RECORD TEMPERATURES HAVE NOT BEEN BROKEN",3,3,4,1,4,1,2,4,4,4,4,4,4,4,3,3,1,1,2,3,1,4,3,98,1,1.0904
51,3,29,24,1,"ILLINOIS",3,1,2,2,2,2,"WE CAN FEEL IT",2,2,2,3,98,98,2,98,2,,,,,,2,1,2,4,4,4,2,1,2,2,1,2,5,6,,4,5,4,2,98,1,1.0998
52,3,29,38,2,"ILLINOIS",3,1,2,3,2,1,"LIFE EXPERIENCE",2,1,98,2,2,1,,,,,,,,,,,,,,,,,,,,,,6,,,,,,,1,0.94
53,3,29,47,3,"KANSAS",3,1,2,3,1,1,"NOT MUCH SNOW",3,98,1,2,2,2,98,4,2,,,,,,2,2,3,2,2,98,98,2,98,2,2,3,1,2,,3,5,1,4,,2,1.2878
54,3,29,72,4,"TEXAS",2,1,1,3,1,2,"TELEVISION",6,2,2,4,2,1,2,2,2,,,,,,3,4,3,2,2,2,4,1,2,2,1,2,1,1,1,1,1,1,4,1,2,0.9024
55,3,29,75,4,"TEXAS",2,1,1,2,4,2,"CYCLES",9,4,4,2,4,4,98,3,2,,,,,,98,4,4,98,4,98,4,1,1,1,98,98,1,1,2,2,1,4,1,,2,0.9306
56,3,29,58,3,"TEXAS",2,2,,,,,"",,,,,,,,,,"NATURAL VARIATIONS",2,4,,3,3,3,1,2,2,3,2,4,2,3,4,4,1,2,,5,5,4,4,6,1,0.423
57,3,29,48,3,"CALIFORNIA",4,2,,,,,"",,,,,,,,,,"SAME AS WHEN I WAS A KID",1,1,4,4,1,1,1,4,4,2,4,1,1,4,1,1,1,6,,4,1,2,1,6,2,1.0152
58,3,29,45,3,"CALIFORNIA",4,98,,,,,"",,,,,,,,,,,,,,,2,3,2,4,4,98,4,1,2,2,1,1,5,6,,2,1,4,1,1,1,1.2972
59,3,29,62,3,"CALIFORNIA",4,2,,,,,"",,,,,,,,,,"STATISTICS",5,4,1,1,1,1,1,4,4,4,4,4,4,4,4,4,2,2,,5,2,4,2,6,1,0.7332
60,3,29,22,1,"WASHINGTON",4,98,,,,,"",,,,,,,,,,,,,,,4,98,98,3,4,4,4,1,1,1,1,1,1,7,,3,5,4,3,,1,1.0904
61,3,29,89,4,"WASHINGTON",4,2,,,,,"",,,,,,,,,,"SEEN THESE PATTERNS BEFORE",1,1,4,4,1,1,1,4,4,4,4,1,2,4,1,1,1,1,2,2,1,1,2,2,1,0.7614
62,3,29,50,3,"WASHINGTON",4,1,2,2,1,2,"GOD",12,1,2,4,1,3,1,1,1,,,,,,4,3,98,4,4,4,4,3,98,,4,4,1,1,2,4,5,,,,2,0.8272
63,3,30,63,3,"TENNESSEE",2,98,,,,,"",,,,,,,,,,,,,,,2,2,1,4,4,4,4,98,2,4,3,2,1,1,2,2,1,4,1,1,1,0.8272
64,3,30,25,1,"MARYLAND",2,1,1,3,2,1,"ABNORMAL SEASONS, NO SNOW, NO COLD",3,2,1,98,2,1,2,2,2,,,,,,4,1,1,4,4,2,4,2,4,98,2,1,2,,,3,5,98,3,3,1,1.457
65,3,30,24,1,"TEXAS",2,1,2,3,1,98,"HOTTER WINTERS",2,2,2,98,1,2,1,1,2,,,,,,4,4,4,98,98,98,98,98,98,98,98,98,1,1,98,2,1,98,98,,1,1.2032
66,3,30,31,2,"MASSACHUSETTS",1,98,,,,,"",,,,,,,,,,,,,,,98,3,2,4,4,98,4,1,1,1,1,1,9,,,2,1,1,2,2,2,2.773
67,3,30,56,3,"MASSACHUSETTS",1,98,,,,,"",,,,,,,,,,,,,,,2,2,2,4,4,98,4,1,2,98,1,2,5,2,,3,1,,2,1,2,1.0058
68,3,30,79,4,"MASSACHUSETTS",1,98,,,,,"",,,,,,,,,,,,,,,2,3,1,4,4,98,4,1,2,3,1,1,1,2,,2,1,1,3,3,2,0.987
69,3,30,51,3,"NEW HAMPSHIRE",1,2,,,,,"",,,,,,,,,,"IT IS EVOLUTION",2,4,3,1,1,1,1,4,4,4,4,4,4,4,1,1,10,,,4,1,4,2,5,1,0.6956
70,3,30,73,4,"CONNECTICUT",1,1,1,3,2,1,"NONE",10,1,1,3,2,2,2,2,2,,,,,,3,3,3,2,2,2,3,2,2,2,2,2,5,6,,5,1,2,3,,1,0.611
71,3,30,50,3,"NEW YORK",1,1,1,1,1,1,"SIGNS, OBSERVATIONS",2,2,2,2,2,1,3,2,3,,,,,,4,3,3,98,98,98,98,2,98,98,98,98,1,1,98,1,2,1,98,1,2,0.9964
72,3,30,65,4,"DELAWARE",2,1,1,1,1,1,"RESEARCH",4,2,2,1,1,2,2,1,1,,,,,,4,4,4,2,2,1,98,1,3,1,1,1,1,1,2,5,5,4,3,6,1,0.329
73,3,30,52,3,"GEORGIA",2,1,1,1,1,1,"WARMER WINTERS",2,1,2,2,2,1,1,2,2,,,,,,4,4,3,2,2,98,2,2,2,2,2,2,1,6,,2,1,,,,2,1.0246
74,3,30,38,2,"WEST VIRGINIA",2,2,,,,,"",,,,,,,,,,"IT IS COLDER",1,1,4,4,1,1,1,4,4,4,4,4,3,3,2,2,1,1,1,5,1,2,2,3,1,1.0434
75,3,30,36,2,"SOUTH CAROLINA",2,2,,,,,"",,,,,,,,,,"SAME",1,1,4,98,1,1,1,3,4,4,4,1,2,4,1,2,1,6,,2,1,2,1,2,1,1.2314
76,3,30,57,3,"GEORGIA",2,2,,,,,"",,,,,,,,,,"NATURAL PATTERNS",2,4,1,1,1,1,1,3,3,3,4,3,2,3,1,1,1,1,1,3,,,,,2,0.9118
77,3,30,54,3,"FLORIDA",2,1,2,2,4,2,"WEATHER",3,3,4,4,3,3,3,3,3,,,,,,3,1,1,4,4,4,4,4,4,4,2,2,1,6,,3,1,2,1,2,1,0.7426
78,3,30,71,4,"FLORIDA",2,2,,,,,"",,,,,,,,,,"NOT ENOUGH DATA",3,3,2,2,1,2,1,4,3,3,3,98,3,3,3,3,10,2,,2,1,,,,2,1.0246
79,3,30,57,3,"FLORIDA",2,98,,,,,"",,,,,,,,,,,,,,,3,2,2,3,4,4,3,2,2,2,2,98,1,3,,2,1,2,,,1,0.8272
80,3,30,75,4,"OHIO",3,1,2,2,1,1,"TEMPERATURE",2,4,4,4,3,3,3,3,3,,,,,,98,1,1,4,4,4,4,2,4,4,,,1,1,2,5,1,2,1,,1,0.517
81,3,30,72,4,"MICHIGAN",3,2,,,,,"",,,,,,,,,,"NO PROOF",3,4,4,1,1,1,1,4,4,4,4,3,4,4,2,2,1,2,,5,4,2,2,6,1,0.329
82,3,30,80,4,"MICHIGAN",3,1,2,2,2,2,"NONE",10,2,2,2,2,2,2,2,2,,,,,,3,2,2,3,4,4,4,4,4,4,1,1,1,1,2,2,1,2,2,2,1,0.7614
83,3,30,49,3,"IOWA",3,1,1,3,1,1,"WEATHER CHANGING SO RAPIDLY",3,1,1,1,1,4,4,2,1,,,,,,4,4,4,1,4,4,4,1,1,1,1,2,1,2,,2,1,1,1,4,2,1.4288
84,3,30,41,2,"ILLINOIS",3,1,2,3,1,1,"WEATHER",3,1,1,1,2,1,1,1,1,,,,,,4,4,4,3,3,3,3,1,1,2,1,2,5,2,,5,3,1,5,5,2,1.2502
85,3,30,65,4,"ILLINOIS",3,1,1,1,1,1,"WEATHER PATTERNS ARE CHANGING",3,1,1,1,98,1,2,1,1,,,,,,98,98,4,2,2,1,4,1,4,1,,,2,2,,4,1,,,,1,0.846
86,3,30,66,4,"MISSOURI",3,2,,,,,"",,,,,,,,,,"PATTERNS",2,4,4,4,1,1,1,4,4,4,4,4,4,4,4,4,1,1,1,5,1,4,1,,1,0.517
87,3,30,57,3,"TEXAS",2,1,2,2,4,2,"SCIENCE",4,2,2,2,4,3,4,2,4,,,,,,1,1,1,4,4,4,4,4,4,4,4,4,1,1,2,5,1,4,2,4,2,0.8366
88,3,30,83,4,"COLORADO",4,98,,,,,"",,,,,,,,,,,,,,,98,98,98,3,3,98,3,98,98,98,98,98,1,6,,2,2,2,2,,2,0.9306
89,3,30,59,3,"COLORADO",4,2,,,,,"",,,,,,,,,,"TREES ARE NOT DYING",9,1,1,1,1,1,1,4,4,4,4,4,4,4,4,4,1,2,,2,3,3,1,2,1,0.8554
90,3,30,57,3,"NEVADA",4,98,,,,,"",,,,,,,,,,,,,,,2,1,1,4,4,3,4,3,4,4,98,98,1,2,,5,1,2,2,6,2,0.6204
91,3,30,47,3,"CALIFORNIA",4,2,,,,,"",,,,,,,,,,"NOT ENOUGH EVIDENCE",3,3,2,2,1,1,1,4,4,4,4,4,3,3,3,3,5,6,,2,5,,,,2,1.4946
92,3,30,98,4,"CALIFORNIA",4,98,,,,,"",,,,,,,,,,,,,,,98,98,98,98,4,98,4,98,98,98,98,98,1,4,,4,1,,,,2,0.7332
93,3,30,77,4,"CALIFORNIA",4,2,,,,,"",,,,,,,,,,"IT IS ALL POLITICAL",7,3,2,1,1,1,1,4,4,4,4,3,4,4,3,3,9,6,,2,1,2,1,,1,2.0774
94,3,30,72,4,"CALIFORNIA",4,98,,,,,"",,,,,,,,,,,,,,,3,3,2,2,4,98,4,1,2,4,98,98,1,2,,2,1,1,3,2,1,0.7614
95,3,30,92,4,"OREGON",4,1,1,3,2,1,"WEATHER",3,1,1,98,2,1,98,2,2,,,,,,98,2,3,2,2,2,2,2,2,2,2,2,1,1,2,2,1,1,3,,2,0.9306
96,3,30,21,1,"WASHINGTON",4,1,2,1,1,1,"NONE",10,2,3,2,4,4,98,2,4,,,,,,2,2,2,2,2,1,2,2,3,2,3,2,5,6,,4,5,4,2,,2,1.2972
97,3,31,59,3,"NEW JERSEY",1,2,,,,,"",,,,,,,,,,"RESEARCH DATA",5,4,1,1,1,1,1,4,4,4,4,4,4,4,2,3,,6,,4,1,2,1,,1,0.94
98,3,31,56,3,"NEW JERSEY",1,1,1,1,1,1,"MELTING ICE CAPS",1,1,1,1,1,1,1,1,1,,,,,,1,3,3,2,1,2,3,1,1,2,2,2,1,2,,5,1,1,3,1,2,0.8084
99,3,31,67,4,"NEW HAMPSHIRE",1,98,,,,,"",,,,,,,,,,,,,,,98,98,98,3,3,98,3,2,98,98,2,3,10,1,2,2,2,,,,1,0.8272
100,3,31,37,2,"CONNECTICUT",1,2,,,,,"",,,,,,,,,,"SCIENCE IS NOT CONCLUSIVE",3,4,2,1,1,3,1,4,4,4,4,4,4,4,3,2,1,,,5,5,4,2,2,1,1.0152
101,3,31,53,3,"NEW YORK",1,1,1,3,1,1,"DO NOT KNOW",10,1,1,1,1,1,1,1,1,,,,,,4,4,4,4,4,98,4,1,1,1,4,3,10,3,,1,1,3,4,,2,1.0904
102,3,31,23,1,"VIRGINIA",2,1,2,2,2,2,"EARTHS NATURAL CYCLES",9,1,2,2,3,2,1,3,2,,,,,,4,4,4,2,4,4,4,1,2,2,1,1,1,1,2,3,1,4,3,3,2,1.3442
103,3,31,32,2,"NORTH CAROLINA",2,2,,,,,"",,,,,,,,,,"SEASONAL, NOT A BIG CHANGE",2,1,2,2,1,3,2,2,2,4,2,2,3,4,2,1,1,1,2,4,5,4,2,5,2,1.175
104,3,31,52,3,"SOUTH CAROLINA",2,98,,,,,"",,,,,,,,,,,,,,,98,98,98,98,98,98,98,98,98,98,98,98,9,2,,1,98,,,,2,2.3406
105,3,31,99,5,"FLORIDA",2,1,1,3,1,1,"HOTTER WEATHER",2,1,1,2,1,1,1,1,1,,,,,,4,4,4,4,4,98,4,1,1,1,98,4,1,1,1,5,1,1,1,2,2,0.94
106,3,31,69,4,"FLORIDA",2,2,,,,,"",,,,,,,,,,"EARTHS NATURAL PATTERNS",2,3,2,1,1,1,1,4,4,4,4,4,4,4,4,4,1,1,2,4,1,2,1,,1,0.5358
107,3,31,81,4,"ALABAMA",2,1,1,1,1,1,"TEMPERATURES AND GLACIERS MELTING",2,1,1,4,2,1,1,3,2,,,,,,4,4,4,98,2,1,98,1,1,1,1,1,1,2,,3,1,1,3,1,2,0.8178
108,3,31,49,3,"MISSISSIPPI",2,1,1,3,1,1,"HOTTER",2,1,1,1,1,1,98,1,1,,,,,,4,4,4,4,4,98,4,1,1,1,1,1,2,2,,3,1,1,98,1,2,1.598
109,3,31,27,1,"KENTUCKY",2,1,3,2,3,2,"ENVIRONMENT",10,98,4,4,4,4,4,4,4,,,,,,1,1,1,98,4,4,98,4,2,98,98,4,1,2,,3,98,1,3,1,2,1.2878
110,3,31,26,1,"KENTUCKY",2,1,1,1,1,1,"HUMAN ACTIVITY",8,2,1,2,1,1,2,1,1,,,,,,4,4,4,2,4,3,2,1,1,1,1,1,2,2,,3,1,1,3,6,2,1.41
111,3,31,45,3,"WISCONSIN",3,2,,,,,"",,,,,,,,,,"PERSONAL BELIEF",1,2,4,4,1,1,1,4,4,4,4,1,4,4,1,2,1,1,2,3,1,4,3,2,2,1.316
112,3,31,19,1,"LOUISIANA",2,1,1,3,1,1,"POLLUTION",8,4,1,4,3,4,1,3,1,,,,,,4,4,4,4,4,4,4,1,1,1,1,1,1,6,,2,1,,3,1,2,1.4006
113,3,31,68,4,"OKLAHOMA",2,1,1,2,1,1,"EXTREMELY HOT THIS PAST SUMMER",2,1,1,4,1,1,1,3,1,,,,,,4,4,3,4,4,4,4,1,1,1,3,4,1,1,1,2,1,1,3,,2,0.9306
114,3,31,60,3,"TEXAS",2,1,2,1,1,1,"AL GORE",5,1,2,2,2,3,1,1,1,,,,,,4,4,3,1,3,2,3,1,2,1,2,2,10,98,,2,1,1,5,,1,0.9212
115,3,31,50,3,"TEXAS",2,1,2,3,2,2,"RESEARCH AND WATCHING DOCUMENTARIES",4,2,2,2,3,2,98,3,3,,,,,,3,3,2,2,98,2,2,1,2,98,2,2,,,,3,5,98,,5,1,0.94
116,3,31,53,3,"COLORADO",4,1,1,1,1,1,"WEATHER",3,1,1,2,1,1,98,1,1,,,,,,4,4,2,2,4,98,4,1,1,1,1,1,2,1,2,5,5,4,3,,1,0.9212
117,3,31,40,2,"ARIZONA",4,1,2,1,1,1,"CRAZY WEATHER",3,2,1,2,1,1,1,1,1,,,,,,4,4,4,1,1,2,1,2,1,2,1,1,1,2,,4,3,4,5,4,2,1.2314
118,3,31,81,4,"ARIZONA",4,2,,,,,"",,,,,,,,,,"AL GORE",7,3,1,2,2,1,1,4,4,98,4,3,4,4,4,4,1,98,,4,1,2,1,,2,0.7332
119,3,31,42,2,"CALIFORNIA",4,98,,,,,"",,,,,,,,,,,,,,,1,1,1,4,4,4,4,1,1,4,1,4,1,6,,3,1,2,2,1,1,1.0904
120,3,31,65,4,"CALIFORNIA",4,1,1,1,1,1,"COAL BURNING",8,1,3,2,1,4,1,1,1,,,,,,4,4,4,1,1,4,3,2,2,2,1,2,1,2,,5,2,1,5,6,1,0.329
121,3,31,39,2,"CALIFORNIA",4,1,1,1,1,1,"ANIMALS BECOMING EXTINCT",7,2,3,2,2,4,1,2,2,,,,,,4,4,3,1,2,1,2,1,2,1,2,2,5,2,,4,5,1,5,,1,1.0998
122,3,31,62,3,"CALIFORNIA",4,1,1,1,1,1,"ALL FACTS",10,1,3,2,2,4,98,1,1,,,,,,4,1,4,3,4,2,3,1,1,1,1,1,1,6,,4,1,1,4,2,2,0.8554
123,3,31,62,3,"CALIFORNIA",4,2,,,,,"",,,,,,,,,,"DATA",5,4,2,2,2,2,2,4,4,4,4,2,2,4,2,2,1,6,,4,5,,,6,1,0.4418
124,3,31,66,4,"OREGON",4,2,,,,,"",,,,,,,,,,"DATA INSUFFICIENT",3,2,2,2,2,2,2,4,4,4,4,4,4,4,3,3,1,2,,2,1,2,1,,1,0.7332
125,3,31,35,2,"WASHINGTON",4,98,,,,,"",,,,,,,,,,,,,,,3,4,3,2,3,1,4,1,2,1,1,1,10,1,1,4,5,4,2,2,1,1.128
126,3,31,18,1,"WASHINGTON",4,1,2,3,3,2,"SCIENCE",4,1,2,3,2,3,1,2,2,,,,,,4,4,1,4,4,2,4,1,2,3,1,2,10,2,,2,1,,5,,1,1.2972
127,3,31,69,4,"ALASKA",4,2,,,,,"",,,,,,,,,,"WEATHER",2,1,2,4,1,1,1,4,3,4,4,4,4,4,,,,2,,,,,,,1,0.94
128,4,1,77,4,"MISSISSIPPI",2,1,3,2,4,2,"CYCLES",9,4,4,98,4,4,4,4,4,,,,,,4,1,1,4,4,98,4,1,4,4,1,1,1,1,2,2,1,,2,5,1,0.705
129,4,1,62,3,"FLORIDA",2,1,2,2,2,2,"NONE",10,4,4,2,3,3,4,4,4,,,,,,2,2,2,2,2,2,3,2,2,2,2,2,1,6,,4,2,1,4,2,1,0.658
130,4,1,71,4,"TENNESSEE",2,2,,,,,"",,,,,,,,,,"GOD",6,3,2,1,2,1,2,4,4,4,4,3,4,4,4,4,1,2,,2,1,2,1,,2,0.9306
131,4,1,52,3,"OHIO",3,1,2,3,3,2,"NONE",10,2,3,2,4,4,2,4,4,,,,,,2,2,2,4,4,4,4,3,3,4,4,4,1,,,3,4,2,1,4,1,0.7426
132,4,1,49,3,"INDIANA",3,1,2,3,2,2,"WEATHER",3,2,2,4,3,2,4,2,2,,,,,,4,4,3,98,98,1,98,1,1,1,1,1,1,1,2,4,1,2,3,4,2,1.2314
133,4,1,57,3,"GEORGIA",2,98,,,,,"",,,,,,,,,,,,,,,98,2,2,98,3,98,4,4,4,4,4,4,1,1,1,5,5,2,1,5,2,0.7802
134,4,1,82,4,"FLORIDA",2,2,,,,,"",,,,,,,,,,"NO REASON GIVEN",8,1,4,4,1,2,1,4,4,1,4,1,1,1,1,1,1,1,2,2,1,1,2,3,2,0.987
135,4,1,42,2,"PENNSYLVANIA",1,2,,,,,"",,,,,,,,,,"DO NOT TRUST THE GOVERNMENT",7,3,3,1,1,1,1,1,1,98,4,2,4,4,2,2,1,6,,1,1,4,3,,1,1.175
136,4,1,42,2,"OREGON",4,2,,,,,"",,,,,,,,,,"WEATHER",2,1,1,1,2,2,3,4,4,2,4,2,2,98,1,3,9,6,,3,1,2,3,,1,2.4346
137,4,1,83,4,"MASSACHUSETTS",1,1,1,3,1,1,"READING",6,1,2,4,1,1,2,2,1,,,,,,4,3,98,98,2,3,2,2,1,1,1,1,1,,,5,1,1,4,5,2,0.6862
138,4,1,65,4,"CONNECTICUT",1,2,,,,,"",,,,,,,,,,"EARTH CONSTANTLY HAS TEMPERATURE CHANGES",2,4,1,1,1,1,1,4,4,4,4,4,4,4,4,4,1,5,,4,1,2,2,6,1,0.3478
139,4,1,55,3,"NEW YORK",1,1,2,3,2,1,"WEATHER IS CRAZY",3,2,2,98,1,3,2,2,2,,,,,,4,4,4,4,4,98,4,2,98,98,3,3,1,2,,3,1,,,1,2,0.9118
140,4,1,53,3,"NEW YORK",1,98,,,,,"",,,,,,,,,,,,,,,1,1,1,4,4,4,4,4,4,4,4,4,,2,,,,,,,1,0.94
141,4,1,54,3,"PENNSYLVANIA",1,1,2,1,2,1,"TEMPERATURE",2,1,2,2,3,2,1,3,2,,,,,,3,4,4,2,2,1,4,1,1,2,2,2,2,1,2,4,1,1,3,6,2,0.9494
142,4,1,41,2,"WISCONSIN",3,1,2,2,3,2,"GLACIER MELTING",1,2,4,4,4,4,2,4,2,,,,,,1,1,1,4,4,4,4,4,2,2,4,4,1,2,,3,1,,,5,1,1.0622
143,4,1,77,4,"PENNSYLVANIA",1,1,1,1,1,1,"SEA LEVELS ARE RECEDING",11,2,2,2,2,1,1,2,2,,,,,,4,4,3,2,2,2,2,2,2,2,2,3,2,,,5,5,1,5,,1,0.8272
144,4,1,62,3,"VIRGINIA",2,98,,,,,"",,,,,,,,,,,,,,,1,1,1,4,4,4,4,2,3,98,4,4,1,6,,5,5,3,3,6,2,0.6204
145,4,1,74,4,"NORTH CAROLINA",2,1,1,1,1,1,"WEATHER",3,1,1,2,1,1,2,1,1,,,,,,4,4,3,2,1,3,2,1,1,1,1,2,1,1,2,4,1,1,2,3,1,0.5922
146,4,1,58,3,"GEORGIA",2,1,1,1,1,1,"CHANGES IN THE SEASONS",3,1,1,3,2,1,2,2,2,,,,,,3,3,3,1,1,2,3,1,2,1,2,2,2,1,2,2,5,1,3,,1,1.1374
147,4,1,51,3,"MONTANA",4,1,4,2,4,2,"NONE",10,2,4,4,4,4,2,4,4,,,,,,1,1,1,98,4,98,4,1,3,98,2,3,1,7,,1,6,98,98,1,98,0.9588
148,4,1,59,3,"NEW YORK",1,1,1,1,1,1,"EXPERIENCED THEM PERSONALLY",2,1,1,2,4,1,2,3,3,,,,,,2,2,1,3,3,2,3,1,2,98,1,1,1,1,2,5,5,1,5,5,1,0.5828
149,4,1,79,4,"TENNESSEE",2,1,1,1,1,1,"WHAT PEOPLE ARE DOING TO THE EARTH",8,1,1,3,2,2,1,3,2,,,,,,4,4,4,4,4,2,4,1,1,1,1,1,1,1,2,2,1,1,3,2,2,0.9588
150,4,1,78,4,"MISSISSIPPI",2,98,,,,,"",,,,,,,,,,,,,,,3,3,2,4,4,98,4,1,1,1,1,1,1,6,,2,1,1,3,1,2,0.9306
151,4,1,62,3,"OHIO",3,2,,,,,"",,,,,,,,,,"NORMAL",2,1,1,2,1,1,1,4,4,98,4,1,3,2,3,2,1,1,1,4,5,2,2,,1,0.6298
152,4,1,82,4,"IOWA",3,1,1,2,98,2,"CYCLE",9,98,3,,4,4,2,4,4,,,,,,2,98,2,4,4,98,4,2,98,98,2,2,10,1,2,2,2,4,2,,1,0.8272
153,4,1,72,4,"MINNESOTA",3,1,2,3,2,2,"POPULATON",13,2,4,2,3,4,2,3,3,,,,,,3,2,2,2,4,98,98,2,98,2,2,2,1,2,,5,2,4,98,4,2,0.7426
154,4,1,99,5,"MINNESOTA",3,1,1,1,2,1,"WEATHER",3,1,1,98,1,1,1,1,1,,,,,,3,3,2,2,3,98,2,1,2,2,3,2,1,1,2,3,5,4,2,6,1,0.94
155,4,1,84,4,"ILLINOIS",3,1,1,1,1,1,"GETTING HOTTER",2,1,1,98,1,1,1,1,1,,,,,,4,4,1,1,98,4,2,1,1,1,1,1,1,1,2,5,2,1,5,1,2,0.7144
156,4,1,75,4,"ILLINOIS",3,1,1,1,1,1,"FROM WHAT THE SCIENTISTS HAVE DISCOVERED",4,1,2,2,2,2,1,2,2,,,,,,4,4,4,1,2,1,2,1,2,1,2,2,1,1,2,5,5,1,5,,1,0.517
157,4,1,27,1,"ILLINOIS",3,1,1,3,1,1,"VARIATION IN TEMPERATURES",2,1,1,1,1,1,1,1,1,,,,,,4,4,4,1,4,98,1,1,1,1,4,4,9,,,3,3,1,3,3,2,2.6884
158,4,1,27,1,"KANSAS",3,98,,,,,"",,,,,,,,,,,,,,,98,98,2,3,3,4,4,3,4,3,3,3,1,1,2,4,5,4,3,1,1,1.0058
159,4,1,19,1,"LOUISIANA",2,1,3,2,2,1,"HOTTER",2,3,1,3,2,1,2,1,1,,,,,,4,4,1,4,4,4,4,2,2,2,1,2,2,1,1,3,1,1,3,,2,1.598
160,4,1,99,5,"OKLAHOMA",2,1,1,3,2,98,"OBSERVATION",2,4,2,4,2,2,4,1,2,,,,,,1,98,2,3,4,98,4,4,98,4,98,4,1,,,,98,2,1,,1,0.94
161,4,1,79,4,"TEXAS",2,2,,,,,"",,,,,,,,,,"DATA",5,1,,1,1,1,1,4,4,4,4,4,4,4,4,4,1,1,2,3,1,3,1,2,1,0.6486
162,4,1,43,2,"COLORADO",4,1,2,3,1,1,"BAD WEATHER",3,2,1,4,1,1,2,2,1,,,,,,4,3,2,2,4,4,3,1,1,1,1,1,1,1,1,4,1,2,1,2,1,1.034
163,4,1,78,4,"WYOMING",4,2,,,,,"",,,,,,,,,,"SAME",1,1,1,1,1,1,1,4,4,4,4,4,4,4,4,4,1,6,,4,1,2,1,3,2,0.7896
164,4,1,26,1,"WYOMING",4,1,2,3,2,1,"READING",6,1,3,2,2,3,2,2,2,,,,,,4,4,4,2,3,2,3,1,2,2,2,2,10,2,,2,5,4,3,,1,1.2972
165,4,1,36,2,"ARIZONA",4,1,1,1,1,1,"ICE MELTING IN ALASKA",1,1,4,3,3,4,1,2,2,,,,,,4,4,3,1,2,2,2,1,2,1,98,3,1,7,,4,5,1,5,4,1,1.034
166,4,1,76,4,"NEVADA",4,2,,,,,"",,,,,,,,,,"BOGUS INFORMATION",3,3,2,1,1,1,1,4,4,4,4,3,3,4,3,3,1,7,,2,1,2,1,,1,0.7332
167,4,1,45,3,"CALIFORNIA",4,1,1,3,1,1,"DECLING GLACIERS",1,1,3,1,4,1,1,1,1,,,,,,4,4,4,1,1,1,4,1,1,1,1,1,9,6,,5,5,2,3,4,1,2.3594
168,4,1,55,3,"CALIFORNIA",4,1,1,3,1,1,"DECREASING SEA LEVELS",11,2,3,2,2,3,2,2,1,,,,,,4,4,4,1,2,2,2,1,2,1,2,2,9,,,4,5,1,5,,1,1.974
169,4,1,55,3,"CALIFORNIA",4,1,1,1,1,1,"DATA",4,2,3,1,2,4,2,2,3,,,,,,4,4,4,1,1,1,1,1,98,1,1,1,10,,,4,2,1,4,6,1,0.5358
170,4,1,66,4,"CALIFORNIA",4,1,1,2,1,1,"DATA",4,1,2,1,2,2,1,2,2,,,,,,4,4,4,2,2,3,2,1,1,1,1,1,1,6,,4,1,1,5,6,1,0.3478
171,4,1,19,1,"WASHINGTON",4,98,,,,,"",,,,,,,,,,,,,,,2,3,2,98,3,98,3,2,98,98,98,98,1,2,,3,5,4,4,,1,1.0904
172,4,2,77,4,"NEVADA",4,2,,,,,"",,,,,,,,,,"BULL CRAP",9,2,2,1,1,1,1,4,4,4,3,3,4,4,3,4,1,1,1,4,1,2,1,,1,0.5358
173,4,2,49,3,"FLORIDA",2,2,,,,,"",,,,,,,,,,"CYCLES",2,4,4,4,4,4,4,4,4,4,4,4,4,4,4,4,1,2,,3,1,98,98,,1,1.0904
174,4,2,49,3,"OKLAHOMA",2,98,,,,,"",,,,,,,,,,,,,,,98,98,98,98,3,98,3,2,98,98,98,98,1,2,,3,1,,,,1,1.0904
175,4,2,62,3,"MASSACHUSETTS",1,1,1,3,1,1,"I AM A SCIENTIST",4,1,1,1,3,3,2,4,4,,,,,,4,4,4,1,2,1,2,1,2,1,1,1,1,6,,5,1,4,3,6,1,0.423
176,4,2,45,3,"NEW YORK",1,1,2,2,1,1,"POPULATION AND BUILDING",13,4,4,98,98,4,4,98,4,,,,,,4,4,2,2,2,2,4,2,2,2,2,2,10,1,1,1,1,1,5,1,1,1.269
177,4,2,41,2,"NEW YORK",1,1,2,3,2,2,"MELTING ICE",1,2,2,2,3,2,2,2,2,,,,,,2,2,2,,3,98,98,2,2,98,2,2,5,6,,2,1,4,98,,1,1.2972
178,4,2,43,2,"PENNSYLVANIA",1,2,,,,,"",,,,,,,,,,"CYCLICLE",2,4,4,1,1,1,1,4,4,4,4,2,4,4,2,2,1,1,2,3,1,2,1,,1,1.0904
179,4,2,76,4,"VIRGINIA",2,1,1,1,1,98,"TREES",10,1,1,98,2,1,1,1,1,,,,,,4,2,2,98,4,98,4,98,98,98,98,98,1,1,2,2,1,4,1,,2,0.9306
180,4,2,74,4,"NORTH CAROLINA",2,1,2,3,2,98,"WEATHER CHANGES",3,1,1,4,3,1,2,2,2,,,,,,3,3,3,3,3,2,3,1,2,2,2,2,1,,,5,2,1,5,,2,0.7144
181,4,2,66,4,"SOUTH CAROLINA",2,1,1,1,1,1,"DATA",4,1,1,1,3,1,1,1,2,,,,,,4,4,4,1,1,1,2,2,1,1,2,1,1,2,,4,1,4,2,4,2,0.7614
182,4,2,43,2,"GEORGIA",2,2,,,,,"",,,,,,,,,,"STUDIES ARE THE SAME OVER TIME",5,4,1,2,1,1,1,4,4,4,4,4,4,2,2,98,,2,,4,2,4,2,,1,0.94
183,4,2,52,3,"WEST VIRGINIA",2,1,2,3,1,1,"ICE MELTING",1,1,1,2,1,1,1,1,1,,,,,,1,4,4,2,98,1,98,1,1,98,1,1,1,2,,2,1,1,2,3,1,0.8836
184,4,2,38,2,"FLORIDA",2,98,,,,,"",,,,,,,,,,,,,,,2,98,2,4,4,4,4,2,2,4,98,98,1,1,1,4,5,2,1,3,1,1.0622
185,4,2,43,2,"KENTUCKY",2,1,2,3,1,1,"POLLUTION",8,1,4,3,1,3,4,4,1,,,,,,2,2,3,4,4,4,4,1,4,1,4,4,2,1,1,3,1,1,3,,1,1.4006
186,4,2,76,4,"OHIO",3,1,1,1,1,2,"WEATHER CONDITIONS",3,3,3,3,98,1,3,3,1,,,,,,3,98,98,4,4,2,4,1,4,1,1,1,1,1,2,2,1,1,3,2,1,0.7614
187,4,2,37,2,"OHIO",3,1,2,3,2,1,"SCIENTIFIC LITERATURE",4,2,4,2,2,4,4,4,4,,,,,,4,3,3,1,1,4,1,1,98,4,2,2,,2,,5,4,,4,,1,0.94
188,4,2,29,1,"INDIANA",3,1,1,1,1,1,"DOCUMENTARY SHOWS",6,1,1,2,1,3,1,3,1,,,,,,4,4,4,4,4,98,4,1,1,1,1,1,1,1,2,4,1,1,3,3,1,1.0622
189,4,2,52,3,"INDIANA",3,98,,,,,"",,,,,,,,,,,,,,,2,98,1,2,4,98,4,2,2,2,98,98,1,2,,1,1,,4,3,2,1.0528
190,4,2,70,4,"MICHIGAN",3,2,,,,,"",,,,,,,,,,"SAME",1,3,2,1,1,1,1,4,4,4,4,2,2,2,4,4,1,1,1,4,5,4,2,4,1,0.564
191,4,2,60,3,"IOWA",3,1,3,1,2,2,"ICE CAPS SHRINKING",1,1,1,1,2,1,1,1,2,,,,,,4,2,2,4,4,3,4,1,1,1,1,1,1,2,,4,2,1,5,3,2,0.8836
192,4,2,68,4,"WISCONSIN",3,1,2,3,2,98,"DATA",4,2,2,2,2,1,2,2,2,,,,,,2,2,2,4,3,4,3,2,2,3,2,2,1,1,98,3,2,4,3,4,1,0.6486
193,4,2,84,4,"WISCONSIN",3,2,,,,,"",,,,,,,,,,"NOT ENOUGH SCIENTIFIC DATA",3,3,,98,1,1,1,4,4,4,4,4,4,4,4,4,1,1,1,2,1,2,1,,1,0.7332
194,4,2,44,2,"MINNESOTA",3,1,1,3,1,1,"SCIENTIFIC RESEARCH",4,1,4,1,4,4,4,4,4,,,,,,4,4,4,2,1,1,2,2,1,1,1,1,1,2,,5,5,4,,6,1,0.799
195,4,2,64,3,"SOUTH DAKOTA",3,2,,,,,"",,,,,,,,,,"WEATHER",2,1,4,98,1,1,1,4,4,4,4,2,3,4,2,2,10,1,2,5,1,98,3,4,2,0.9306
196,4,2,45,3,"ILLINOIS",3,98,,,,,"",,,,,,,,,,,,,,,3,3,2,4,3,3,3,1,3,2,98,3,1,2,,3,1,,3,,2,1.2878
197,4,2,69,4,"MISSOURI",3,2,,,,,"",,,,,,,,,,"NO REAL EVIDENCE",3,3,2,2,2,2,2,3,4,4,3,4,3,3,3,3,9,2,,2,1,,,,1,2.0774
198,4,2,39,2,"LOUISIANA",2,1,1,1,1,1,"HUMANS RUINING THE EARTH",8,1,1,3,1,3,1,3,1,,,,,,4,4,4,1,3,1,3,1,1,1,1,1,2,1,1,2,1,1,2,1,2,1.7108
199,4,2,74,4,"TEXAS",2,1,1,1,1,1,"DATA",4,1,1,1,98,3,1,1,2,,,,,,4,4,4,1,1,4,1,1,1,1,1,4,1,2,,3,4,4,4,6,2,0.6298
200,4,2,43,2,"TEXAS",2,1,3,3,2,1,"SCIENTIFIC DATA",4,1,2,2,1,2,1,2,2,,,,,,2,2,98,1,98,2,2,1,1,2,2,2,1,1,1,3,4,2,3,6,1,0.9024
201,4,2,62,3,"UTAH",4,2,,,,,"",,,,,,,,,,"NATURAL CYCLES",2,3,2,2,2,2,1,3,3,3,3,3,3,3,3,3,1,1,2,4,1,4,3,,2,0.8272
202,4,2,74,4,"UTAH",4,2,,,,,"",,,,,,,,,,"PATTERNS",2,4,1,1,1,1,1,4,4,4,4,4,4,4,1,1,1,1,2,3,1,2,2,3,1,0.6768
203,4,2,64,3,"NEW MEXICO",4,98,,,,,"",,,,,,,,,,,,,,,2,3,2,4,4,4,4,2,2,3,2,2,9,2,,2,1,,2,2,1,2.1996
204,4,2,37,2,"CALIFORNIA",4,1,1,3,1,1,"EARTH CHANGES",10,1,1,2,2,4,1,2,2,,,,,,4,4,4,1,2,2,2,1,2,2,2,2,5,6,,4,5,1,5,,1,1.0998
205,4,2,19,1,"CALIFORNIA",4,1,1,3,2,1,"ICE CAPS MELTING",1,1,2,2,2,2,2,2,2,,,,,,2,2,2,4,2,3,2,1,2,1,2,2,9,2,,2,5,1,3,,1,2.5474
206,4,2,56,3,"CALIFORNIA",4,1,1,1,1,1,"GREENHOUSE GASES",8,1,3,3,1,3,1,3,2,,,,,,4,4,4,2,2,3,4,1,1,4,1,1,1,5,,4,2,2,1,3,1,0.6862
207,4,2,60,3,"OREGON",4,1,2,3,1,2,"MELTING",1,1,3,98,3,2,1,1,1,,,,,,4,4,2,4,4,4,4,3,3,4,1,2,1,1,2,3,1,1,4,3,1,0.7708
208,4,3,72,4,"CALIFORNIA",4,1,,,4,2,"NONE",10,4,4,3,4,4,4,4,4,,,,,,4,1,1,4,4,4,4,4,4,4,1,1,1,4,,4,1,2,3,6,1,0.3478
209,4,3,73,4,"NEBRASKA",3,2,,,,,"",,,,,,,,,,"BUNCH OF POLITICAL HYPE",7,4,,1,1,1,1,4,4,4,4,4,4,4,4,4,1,1,1,4,1,2,1,,1,0.5358
210,4,3,43,2,"CONNECTICUT",1,1,2,3,2,1,"NO WINTER THIS YEAR",3,2,2,3,3,1,2,2,2,,,,,,4,4,2,2,2,2,2,1,2,2,2,2,1,7,,4,2,1,5,,1,1.0058
211,4,3,84,4,"OHIO",3,1,1,2,2,2,"NATURE",9,1,3,98,98,2,4,3,4,,,,,,4,4,1,3,4,3,3,3,3,3,1,3,1,1,2,4,4,1,3,2,2,0.7614
212,4,3,45,3,"LOUISIANA",2,1,1,3,1,1,"TEMPERATURES ARE WARMER",2,3,2,2,2,1,1,1,1,,,,,,3,3,3,3,3,2,3,2,2,2,2,1,2,6,,2,5,1,4,3,1,1.5698
213,4,3,104,4,"NEW JERSEY",1,1,98,2,1,1,"WE HAVENT BEEN AROUND LONG ENOUGH, IT COULD HAVE BEEN HAPPENING A MILLION YEARS AGO",9,1,1,1,4,4,4,1,1,,,,,,1,1,1,1,4,1,1,4,1,1,1,1,1,6,,4,1,,1,6,1,0.94
214,4,3,78,4,"PENNSYLVANIA",1,1,2,3,1,1,"NONE",10,1,1,2,2,1,98,2,2,,,,,,3,3,3,2,2,2,2,2,2,2,1,1,1,2,,5,1,1,,3,1,0.5734
215,4,3,76,4,"MARYLAND",2,1,2,3,2,1,"WEATHER",3,1,1,98,2,1,98,2,2,,,,,,4,98,2,2,4,98,4,2,2,2,1,3,1,2,,3,1,1,1,,1,0.6204
216,4,3,30,2,"NORTH CAROLINA",2,1,1,3,1,1,"DATA",4,1,2,1,2,2,2,1,2,,,,,,3,3,3,2,2,2,2,1,1,98,1,3,1,6,,4,5,4,3,5,1,0.9776
217,4,3,18,1,"GEORGIA",2,1,2,3,3,1,"WEATHER",3,2,1,3,3,1,3,3,3,,,,,,4,1,1,98,98,98,98,1,1,98,98,98,,,,,5,,,,1,0.94
218,4,3,50,3,"FLORIDA",2,1,1,2,1,1,"HURRICANES AND RISING OF SEA LEVELS",3,1,1,1,1,1,1,1,1,,,,,,4,4,4,1,1,1,,,,,,1,2,1,2,4,1,4,3,5,1,0.9118
219,4,3,60,3,"FLORIDA",2,1,1,3,1,98,"OCEANS RISING",11,1,1,2,1,3,3,1,1,,,,,,3,4,3,4,3,2,98,2,98,2,1,2,1,6,,3,2,4,3,3,2,0.9682
220,4,3,36,2,"ALABAMA",2,2,,,,,"",,,,,,,,,,"SCIENTIFIC EVIDENCE DISPROVES IT",5,2,1,1,1,2,1,4,4,4,4,1,4,3,1,1,1,1,1,4,3,2,1,5,1,0.9776
221,4,3,42,2,"ALABAMA",2,1,1,1,2,2,"OZONE LAYER",10,2,2,2,4,4,2,4,2,,,,,,1,1,1,4,4,4,4,1,3,3,1,1,1,1,1,1,3,4,1,,1,1.175
222,4,3,57,3,"OHIO",3,2,,,,,"",,,,,,,,,,"POLITICAL PROPAGANDA",7,2,2,1,1,1,1,4,4,4,4,3,3,3,3,3,1,,,2,1,2,2,,2,1.0246
223,4,3,23,1,"INDIANA",3,1,2,3,2,1,"WARMER WEATHER AND POLAR ICE CAPS",2,1,1,3,3,2,1,3,2,,,,,,4,4,4,4,4,98,4,1,2,2,1,1,1,6,,4,1,1,3,2,2,1.2314
224,4,3,18,1,"MICHIGAN",3,1,1,3,1,1,"WEATHER",3,2,2,98,1,1,98,1,1,,,,,,4,1,1,4,4,98,4,1,,,98,,2,1,2,2,5,,,,1,1.5134
225,4,3,23,1,"MICHIGAN",3,2,,,,,"",,,,,,,,,,"WEATHER",2,1,1,1,1,1,1,4,4,2,4,2,1,2,1,1,,5,,2,5,4,4,,2,0.94
226,4,3,50,3,"IOWA",3,1,1,2,4,1,"CYCLES",9,2,1,4,1,1,4,1,1,,,,,,1,4,4,1,4,1,1,1,1,1,4,4,1,1,1,3,2,1,3,2,2,0.94
227,4,3,74,4,"WISCONSIN",3,2,,,,,"",,,,,,,,,,"WEATHER",2,2,3,4,1,1,1,4,4,4,4,2,4,4,98,4,1,1,2,3,1,4,2,3,2,0.8742
228,4,3,44,2,"WISCONSIN",3,1,2,1,2,98,"TELEVISION",6,2,2,2,2,2,98,98,2,,,,,,3,4,3,2,2,98,3,2,4,98,2,2,1,1,2,5,2,4,2,5,2,1.1562
229,4,3,39,2,"CALIFORNIA",4,1,1,1,1,1,"OBSERVATION",2,1,1,2,3,4,2,1,2,,,,,,3,3,3,2,3,1,3,1,1,1,1,2,1,2,,5,1,1,3,6,2,0.9964
230,4,3,82,4,"LOUISIANA",2,2,,,,,"",,,,,,,,,,"EARTH'S NATURAL PATTERNS",2,2,2,1,3,3,3,4,4,4,3,4,3,3,3,4,1,2,,2,1,2,1,,2,0.9306
231,4,3,65,4,"TEXAS",2,1,2,2,2,2,"RECORDS",4,1,1,2,3,3,1,3,3,,,,,,3,98,2,4,4,4,4,3,4,4,3,3,1,1,2,2,1,4,3,,2,0.9306
232,4,3,77,4,"TEXAS",2,1,1,1,2,1,"TEMPERATURE",2,2,1,3,3,1,2,1,3,,,,,,4,4,3,1,4,1,98,2,2,2,1,1,1,6,,4,1,1,5,3,1,0.5922
233,4,3,43,2,"COLORADO",4,2,,,,,"",,,,,,,,,,"GLOBAL CLIMATE SHIFT",9,4,3,2,1,2,1,4,4,4,4,1,1,98,1,1,1,1,2,4,4,2,3,6,1,0.8178
234,4,3,78,4,"IDAHO",4,1,1,1,1,1,"OZONE LAYER",10,1,1,4,1,1,1,3,1,,,,,,4,4,4,4,4,4,4,1,2,2,1,2,1,2,,3,1,1,3,3,2,0.8742
235,4,3,60,3,"CALIFORNIA",4,1,2,3,1,1,"ICE MELTING",1,1,1,1,2,3,1,1,1,,,,,,3,3,4,98,2,2,3,2,2,2,3,2,1,,,5,1,1,4,,1,0.611
236,4,3,57,3,"CALIFORNIA",4,1,2,3,1,1,"LONGER SUMMERS",3,1,1,1,1,1,2,2,1,,,,,,4,4,98,4,4,1,4,2,2,2,1,2,9,6,,3,1,2,2,6,2,2.068
237,4,3,52,3,"CALIFORNIA",4,1,1,3,2,1,"NATURE IS CYCLCLE",9,2,2,2,2,2,1,1,2,,,,,,4,98,1,3,2,1,4,1,1,98,1,98,1,6,,3,5,1,4,6,2,0.7238
238,4,3,64,3,"CALIFORNIA",4,1,1,3,1,1,"ICE MELTING",1,1,3,2,2,3,1,1,1,,,,,,4,4,1,2,3,1,3,1,1,1,2,2,5,2,,4,5,98,4,,1,0.7238
239,4,3,85,4,"CALIFORNIA",4,1,3,98,3,2,"MEDIA AND GOVERNMENT COMMUNICATIONS",6,3,4,4,4,4,4,4,4,,,,,,3,2,2,4,4,3,4,98,3,4,2,2,1,3,,5,1,2,1,5,1,0.4888
240,4,3,50,3,"CALIFORNIA",4,1,2,1,2,2,"NEWS",6,1,1,98,1,1,98,1,1,,,,,,4,4,4,1,1,98,1,1,98,1,1,1,1,6,,5,2,2,1,6,2,0.6204
241,4,3,20,1,"WASHINGTON",4,1,1,1,1,1,"EXTREME WEATHER",3,1,3,4,1,3,1,3,1,,,,,,4,4,4,4,4,1,4,1,1,1,1,1,2,1,1,3,1,1,3,2,2,1.6262
242,4,4,99,5,"KENTUCKY",2,1,1,2,2,2,"CYCLES",9,1,2,4,1,1,3,1,1,,,,,,4,4,1,4,4,4,4,2,1,1,3,3,1,,,2,2,2,4,2,2,0.94
243,4,4,99,5,"PENNSYLVANIA",1,2,,,,,"",,,,,,,,,,"TOO MANY PEOPLE",9,1,4,4,1,2,2,3,3,3,3,3,3,3,3,3,1,2,,1,1,,,,1,0.94
244,4,4,19,1,"PENNSYLVANIA",1,1,2,3,2,98,"CHANGE IN WEATER",3,1,1,2,2,2,1,1,2,,,,,,3,3,3,98,2,98,4,2,2,2,2,2,1,1,2,3,5,3,4,98,2,1.2878
245,4,4,74,4,"MASSACHUSETTS",1,1,2,98,1,1,"WEATHER PATTERNS ALL OVER THE GLOBE",3,1,1,98,1,3,2,1,1,,,,,,4,4,4,4,3,1,4,1,2,98,4,4,1,7,,5,1,1,4,98,2,0.7144
246,4,4,48,3,"MAINE",1,2,,,,,"",,,,,,,,,,"EARTH IS GOING THROUGH CHANGES",2,1,4,1,1,3,1,4,4,2,4,4,4,4,4,4,,,,4,5,,,,2,0.94
247,4,4,78,4,"NEW JERSEY",1,98,,,,,"",,,,,,,,,,,,,,,2,2,1,4,4,98,4,2,2,4,1,2,1,1,1,2,1,2,1,2,1,0.7614
248,4,4,19,1,"NEW YORK",1,1,1,3,2,98,"NEWS",6,1,1,2,2,2,2,2,1,,,,,,4,4,3,4,4,2,4,1,1,1,2,2,1,2,,4,5,3,4,,2,1.2032
249,4,4,82,4,"NEW YORK",1,2,,,,,"",,,,,,,,,,"I HAVE SEEN ALL THIS WEATHER BEFORE",1,1,4,4,1,1,1,4,4,4,4,1,4,4,1,2,1,1,2,2,1,1,2,1,2,0.9306
250,4,4,63,3,"PENNSYLVANIA",1,1,1,2,1,1,"GOING TO THE MOON AND OUTER SPACE AND DOING DIFFERENT THINGS WITH TOXIC FUMES",8,1,1,1,1,1,1,1,1,,,,,,2,1,2,1,3,3,4,1,3,2,2,2,2,,,3,1,1,3,2,2,1.2502
251,4,4,51,3,"ALASKA",4,2,,,,,"",,,,,,,,,,"NOT SURE IF TEMPERATURE IS INCREASING",9,1,4,1,2,1,1,4,4,4,4,2,4,4,2,2,1,6,,4,5,2,2,6,1,0.4418
252,4,4,58,3,"VIRGINIA",2,1,1,3,1,1,"DATA",4,1,2,1,2,2,1,1,1,,,,,,4,4,2,1,1,1,2,1,1,1,1,1,1,1,1,3,5,4,5,6,2,0.7238
253,4,4,52,3,"SOUTH CAROLINA",2,1,2,2,3,2,"NEWS AND STUDIES",6,2,4,2,4,4,2,3,4,,,,,,3,1,1,4,4,3,4,4,3,4,4,4,1,1,2,4,5,4,2,6,1,0.4418
254,4,4,40,2,"GEORGIA",2,1,1,1,1,1,"WEATHER",3,1,2,1,2,2,1,1,1,,,,,,4,4,4,1,1,2,3,1,2,1,2,1,1,1,2,4,5,4,4,6,1,0.8178
255,4,4,65,4,"FLORIDA",2,1,1,3,1,1,"CHANGES ALL OVER THE WORLD",10,1,98,2,98,4,1,2,2,,,,,,4,4,4,1,1,1,98,1,2,2,3,2,1,2,,2,1,4,4,,1,0.7332
256,4,4,85,4,"FLORIDA",2,1,1,1,1,1,"OBSERVATION",2,1,1,4,1,1,1,1,1,,,,,,4,4,4,2,4,1,4,1,1,1,1,1,1,1,2,2,1,4,2,2,2,0.9588
257,4,4,98,4,"ALABAMA",2,1,1,1,1,1,"TOO MUCH GARBAGE EVERYWHERE",8,3,2,4,3,3,2,3,2,,,,,,4,4,4,4,4,4,4,2,2,2,2,2,1,1,1,2,1,1,2,1,1,0.7332
258,4,4,58,3,"TENNESSEE",2,1,2,3,2,98,"MELTING  ICECAPS",1,1,3,3,3,3,2,2,2,,,,,,3,3,3,2,3,98,3,1,2,2,2,2,1,2,,4,1,1,3,,1,0.6298
259,4,4,51,3,"OHIO",3,1,2,98,1,98,"NOT SURE",10,2,2,2,2,2,2,2,2,,,,,,2,4,3,3,3,4,3,1,3,98,1,3,10,1,1,2,2,4,3,2,2,1.1468
260,4,4,89,4,"OHIO",3,1,2,2,1,1,"BECAUSE IT HAS HAPPENED IN THE PAST",9,2,1,3,4,2,4,4,4,,,,,,1,2,2,98,98,98,98,98,98,98,98,98,1,6,,2,6,1,3,1,1,0.7332
261,4,4,58,3,"MICHIGAN",3,1,1,1,1,2,"CLIMATE CHANGES",3,1,4,4,4,2,4,4,2,,,,,,4,4,4,1,1,4,1,1,1,98,1,1,1,2,,5,1,2,1,,2,0.8084
262,4,4,58,3,"IOWA",3,1,1,3,1,1,"TELEVISION",6,1,2,2,1,2,98,1,1,,,,,,4,3,2,4,4,1,4,1,4,1,1,4,10,,,2,1,4,1,2,1,0.9494
263,4,4,85,4,"WISCONSIN",3,2,,,,,"",,,,,,,,,,"IT ALL AVERAGES OUT",2,2,,2,1,1,1,4,4,4,4,4,4,4,2,2,1,1,1,2,1,2,1,2,1,0.7614
264,4,4,67,4,"MINNESOTA",3,1,1,1,1,1,"WHAT PEOPLE DO TO DESTROY WHAT GOD GAVE US",8,1,1,4,1,1,1,2,1,,,,,,4,4,4,1,1,1,1,1,1,1,1,1,1,6,,3,1,2,1,2,2,0.846
265,4,4,62,3,"NORTH DAKOTA",3,1,2,3,2,2,"HOTTER THEN HELL",2,2,1,3,2,2,2,2,1,,,,,,4,4,2,2,3,2,2,1,2,2,2,2,9,2,,2,2,1,5,,1,2.1714
266,4,4,54,3,"MISSOURI",3,1,2,1,1,1,"TELEVISION",6,1,1,3,1,1,1,1,1,,,,,,4,4,4,2,3,4,3,1,1,1,1,2,1,2,,2,1,1,98,3,2,1.081
267,4,4,52,3,"MISSOURI",3,1,2,1,2,1,"READING",6,2,4,2,3,4,2,3,2,,,,,,2,2,2,2,2,2,98,1,2,1,1,2,1,,,4,1,4,3,5,1,0.6016
268,4,4,66,4,"TEXAS",2,98,,,,,"",,,,,,,,,,,,,,,1,1,1,4,4,4,4,2,4,4,4,4,1,1,2,5,2,4,2,,2,0.7144
269,4,4,71,4,"TEXAS",2,1,1,3,1,1,"WELL READ",6,1,4,1,4,4,1,2,2,,,,,,4,4,4,1,1,1,2,2,1,1,1,1,2,6,,5,2,2,2,6,1,0.6392
270,4,4,61,3,"NEVADA",4,1,1,3,1,2,"MELTING",1,2,2,2,3,2,2,3,3,,,,,,3,1,1,4,4,4,4,4,2,4,4,4,1,2,,5,5,4,2,6,1,0.423
271,4,4,49,3,"CALIFORNIA",4,1,2,1,3,1,"PATTERNS IN EARTHS CLIMATE",9,2,2,2,3,4,98,98,2,,,,,,2,2,2,98,3,98,3,2,98,98,2,2,1,3,,3,1,,,,2,1.2878
272,4,4,80,4,"CALIFORNIA",4,1,1,3,1,1,"PERSONAL OPINIONS",2,2,3,4,3,3,1,2,2,,,,,,4,4,4,4,4,1,4,1,1,1,1,1,1,2,,2,1,2,1,1,2,0.9306
273,4,4,58,3,"CALIFORNIA",4,1,1,1,1,1,"POLAR ICE CAPS MELTING",1,1,3,3,2,3,2,2,2,,,,,,4,4,4,2,2,2,2,1,2,1,2,2,1,2,,4,1,1,5,,1,0.6298
274,4,4,60,3,"OREGON",4,1,1,3,1,1,"DATA",4,2,4,2,2,1,1,1,2,,,,,,4,4,4,2,1,2,4,1,1,1,1,2,1,6,,5,3,1,5,6,2,0.6204
275,4,5,65,4,"TENNESSEE",2,1,1,1,1,1,"MEDIA",6,2,1,1,2,2,2,2,2,,,,,,4,4,2,2,2,2,3,1,2,1,1,2,1,2,,4,2,1,4,5,1,0.5076
276,4,5,58,3,"NORTH CAROLINA",2,98,,,,,"",,,,,,,,,,,,,,,3,3,2,4,4,2,4,1,1,1,1,3,1,2,,4,2,2,1,3,2,0.8836
277,4,5,59,3,"WASHINGTON",4,2,,,,,"",,,,,,,,,,"GOD",6,3,2,2,2,2,2,4,4,4,4,3,4,4,3,3,1,,,2,1,2,2,,2,1.0246
278,4,5,49,3,"TEXAS",2,1,1,1,1,1,"OVER POPULATION AND POLLUTION",13,2,2,4,3,3,2,2,2,,,,,,3,3,3,2,3,2,3,1,2,2,2,2,5,2,,2,1,1,3,,1,1.2972
279,4,5,31,2,"MASSACHUSETTS",1,98,,,,,"",,,,,,,,,,,,,,,2,98,2,4,4,2,4,1,1,1,1,1,5,4,,2,5,,1,2,2,1.5228
280,4,5,46,3,"MASSACHUSETTS",1,1,1,3,2,1,"WARMER WEATHER",2,2,2,3,2,4,2,2,1,,,,,,4,3,3,2,4,98,4,2,2,98,1,2,1,1,2,4,1,4,3,3,2,1.2596
281,4,5,78,4,"NEW YORK",1,1,3,98,4,2,"NONE",10,4,4,4,4,4,4,4,4,,,,,,1,3,1,3,4,4,4,3,3,4,2,2,1,7,,5,5,2,3,3,1,0.5734
282,4,5,59,3,"PENNSYLVANIA",1,2,,,,,"",,,,,,,,,,"CYCLE",2,2,1,2,1,3,1,4,4,2,2,2,2,2,3,3,1,2,,3,4,1,2,5,1,0.6862
283,4,5,70,4,"PENNSYLVANIA",1,1,1,1,1,1,"FOSSIL FUELS",8,1,2,4,4,2,1,3,2,,,,,,4,3,2,2,2,2,3,1,1,1,1,1,1,1,1,5,1,2,3,5,1,0.4888
284,4,5,27,1,"PENNSYLVANIA",1,1,2,2,4,2,"READING",6,2,3,3,3,3,3,3,3,,,,,,1,1,1,4,4,98,4,4,4,4,2,2,10,3,,5,3,2,1,5,1,1.0528
285,4,5,40,2,"MARYLAND",2,1,1,1,1,1,"UNSEASONABLY WARM WINTER",2,3,1,4,1,1,1,2,1,,,,,,4,4,4,1,4,1,1,1,1,1,1,1,2,1,2,4,2,1,4,6,2,1.3254
286,4,5,73,4,"WISCONSIN",3,2,,,,,"",,,,,,,,,,"OBSERVATION",1,3,,98,3,98,98,98,98,98,98,98,98,98,98,98,1,1,1,1,1,2,3,1,2,0.9024
286,4,5,86,4,"VIRGINIA",2,98,,,,,"",,,,,,,,,,,,,,,98,98,98,98,4,98,3,2,98,98,98,98,1,2,,2,1,1,98,,2,0.9306
287,4,5,82,4,"WEST VIRGINIA",2,1,2,2,4,2,"CHANGE",3,4,4,4,4,4,4,4,4,,,,,,1,1,1,4,4,98,4,1,4,4,4,4,1,1,1,2,1,2,1,,2,0.9306
289,4,5,41,2,"FLORIDA",2,1,2,2,3,2,"SEEING THE ACTUAL DATA",4,4,4,2,4,4,4,4,4,,,,,,3,2,1,4,4,4,3,3,3,4,3,3,1,2,,4,5,4,3,5,1,0.9776
290,4,5,71,4,"TENNESSEE",2,2,,,,,"",,,,,,,,,,"HAS NOT BEEN PROVEN",3,4,2,2,1,1,1,4,4,4,4,4,4,4,3,3,1,1,2,4,1,4,3,,2,0.7332
291,4,5,83,4,"KENTUCKY",2,1,98,2,2,2,"TEMPERATURES ARE CHANGING",2,2,1,2,98,1,2,2,98,,,,,,2,2,2,98,4,98,4,2,98,98,2,3,1,1,2,2,1,,,,2,0.9306
292,4,5,66,4,"OHIO",3,1,1,2,2,2,"NATURAL PATTERNS",9,4,4,4,4,4,4,4,4,,,,,,1,1,1,4,4,98,4,4,4,4,4,4,1,2,,5,5,,2,,2,0.7144
293,4,5,19,1,"WISCONSIN",3,1,2,3,2,2,"WHAT I READ AND SEEN ON TELEVISION",6,1,4,3,3,4,1,4,3,,,,,,3,4,2,4,4,4,4,1,4,4,1,1,1,2,,2,1,4,3,1,2,1.4006
294,4,5,73,4,"MISSOURI",3,1,2,3,2,1,"GARDENING PATTERNS AND POLAR ICE CAPS",14,2,2,2,2,2,1,2,2,,,,,,4,2,1,2,2,1,3,1,2,1,1,1,10,1,2,3,2,4,3,3,2,0.9682
295,4,5,42,2,"ARKANSAS",2,98,,,,,"",,,,,,,,,,,,,,,1,98,98,2,2,1,3,1,2,98,1,1,1,2,,5,1,4,3,6,1,0.799
296,4,5,70,4,"OKLAHOMA",2,2,,,,,"",,,,,,,,,,"TESTS SHOWN ALL A BIG HOAX",5,4,,2,1,1,1,4,4,4,4,4,4,4,4,4,1,1,2,3,1,2,1,1,2,0.8178
297,4,5,45,3,"TEXAS",2,1,1,1,1,1,"GLACIERS AND OZONE LAYER",1,1,3,4,2,3,1,2,2,,,,,,4,4,4,2,4,2,4,1,1,2,1,1,1,1,2,4,1,2,1,3,2,1.2596
298,4,5,28,1,"CALIFORNIA",4,1,1,1,1,1,"POLLUTION",8,1,4,3,1,4,1,1,1,,,,,,3,3,3,2,2,2,2,1,2,2,2,2,10,7,,4,3,1,5,,1,1.0998
299,4,5,33,2,"CALIFORNIA",4,1,1,1,2,1,"RESEARCH",4,2,4,2,3,2,2,1,2,,,,,,3,3,3,1,1,1,3,1,1,1,1,1,1,7,,4,2,4,5,6,2,1.0152
300,4,5,35,2,"CALIFORNIA",4,1,2,1,1,1,"POLAR ICE CAPS MELTING",1,1,3,2,2,2,2,2,2,,,,,,4,4,4,2,4,2,98,1,2,2,1,2,1,2,,4,5,3,4,2,2,1.2314
301,4,5,53,3,"CALIFORNIA",4,1,2,3,1,1,"SCIENTIFIC MAGAZINES",4,2,4,3,1,2,2,1,3,,,,,,4,3,98,2,2,3,3,1,1,2,1,1,1,2,,3,1,4,4,3,2,0.9682
302,4,6,99,5,"REFUSED",5,1,1,98,1,98,"WORLD STATS",4,1,2,1,4,2,1,1,98,,,,,,,,,,,,,,,,,1,1,6,,4,2,3,3,4,1,0.94
303,4,6,90,4,"LOUISIANA",2,2,,,,,"",,,,,,,,,,"SAME AS WHEN I WAS A KID",1,1,,4,1,1,1,4,4,4,4,2,4,4,2,2,2,1,2,1,2,1,1,1,2,1.2126
304,4,6,42,2,"MASSACHUSETTS",1,1,1,3,1,1,"ANIMALS BECOMING EXTINCT",7,2,2,2,3,2,1,2,2,,,,,,4,4,4,2,2,2,2,1,2,2,2,2,1,1,2,2,1,1,5,,1,1.2032
305,4,6,86,4,"NEW HAMPSHIRE",1,1,2,3,2,98,"NEWS REPORTS",6,2,2,2,3,2,2,3,3,,,,,,98,2,2,1,2,,2,,2,3,3,3,1,6,,,,4,,,2,0.8366
306,4,6,53,3,"NEW JERSEY",1,2,,,,,"",,,,,,,,,,"NATURE OF THE WEATHER",2,2,2,3,2,4,2,3,4,2,3,2,2,3,2,2,1,6,,5,5,2,2,6,1,0.423
307,4,6,39,2,"NEW JERSEY",1,1,1,3,2,1,"WEATHER",3,1,1,2,2,1,98,1,1,,,,,,4,3,4,2,2,4,2,1,2,2,1,2,1,6,,4,2,4,5,6,1,0.8178
308,4,6,66,4,"NEW YORK",1,1,1,2,3,2,"MILD WINTERS AND WARM SUMMERS",2,2,2,3,3,2,4,4,4,,,,,,3,3,2,3,4,4,4,4,4,4,2,2,10,,,5,5,4,3,6,1,0.423
309,4,6,26,1,"NEW YORK",1,1,1,1,1,1,"RESEARCH",4,1,4,1,2,3,1,2,2,,,,,,4,4,3,4,4,1,2,1,1,1,2,2,5,1,1,4,5,4,3,98,1,1.0998
310,4,6,49,3,"PENNSYLVANIA",1,98,,,,,"",,,,,,,,,,,,,,,3,2,2,2,98,1,4,2,2,98,1,2,1,2,,4,5,1,4,6,2,1.0152
311,4,6,71,4,"PENNSYLVANIA",1,1,1,1,1,1,"RESEARCH",4,1,1,1,2,1,1,1,2,,,,,,4,4,3,2,2,1,2,1,4,1,1,98,,98,,5,6,,,,1,0.94
312,4,6,77,4,"VIRGINIA",2,98,,,,,"",,,,,,,,,,,,,,,1,2,1,4,4,98,4,1,98,4,1,1,1,1,2,3,1,4,3,,2,0.8178
313,4,6,49,3,"NORTH CAROLINA",2,1,1,3,2,1,"POLAR ICE CAPS ARE MELTING",1,1,2,4,2,2,2,2,2,,,,,,3,3,3,2,3,98,3,2,2,2,2,2,2,2,,2,1,1,4,,1,1.5134
314,4,6,18,1,"GEORGIA",2,1,2,3,2,98,"WEATHER",3,2,2,98,2,2,1,2,2,,,,,,3,3,3,2,3,98,3,2,2,2,2,3,1,1,2,2,5,4,98,,2,1.4006
315,4,6,67,4,"GEORGIA",2,2,,,,,"",,,,,,,,,,"NATURAL PATTERNS",2,1,1,2,1,2,1,4,4,4,4,4,4,4,4,4,,2,,5,1,,,,1,0.94
316,4,6,82,4,"FLORIDA",2,98,,,,,"",,,,,,,,,,,,,,,2,1,1,4,4,98,4,4,4,4,2,2,1,1,1,5,1,2,2,6,2,0.5264
317,4,6,22,1,"FLORIDA",2,1,2,3,1,98,"DATA",4,2,3,1,4,4,3,2,3,,,,,,3,2,3,3,3,98,4,1,2,98,1,2,9,6,,4,5,4,2,,1,2.35
318,4,6,83,4,"ALABAMA",2,2,,,,,"",,,,,,,,,,"DO NOT BELIEVE IN  IT",8,3,,3,2,2,2,98,4,98,3,2,98,98,98,98,1,1,2,2,1,2,98,,2,0.9306
319,4,6,50,3,"TENNESSEE",2,1,2,2,2,98,"MEDIA",6,2,4,2,2,3,4,2,4,,,,,,4,4,2,4,3,4,4,4,4,4,4,98,1,2,,5,1,3,2,5,1,0.5828
320,4,6,79,4,"TENNESSEE",2,98,,,,,"",,,,,,,,,,,,,,,2,1,1,3,3,98,4,3,3,4,2,98,1,1,2,2,2,2,2,2,2,0.9588
321,4,6,45,3,"MISSISSIPPI",2,2,,,,,"",,,,,,,,,,"EARTH RUNS IN CYCLES",2,3,,4,2,2,1,4,4,4,4,1,1,1,1,3,2,1,1,3,1,1,3,2,1,1.4288
322,4,6,70,4,"OHIO",3,1,1,2,4,2,"MILDER WINTERS",2,3,2,4,2,2,4,4,3,,,,,,98,4,4,4,4,4,4,3,4,3,2,3,1,1,1,5,2,1,3,3,1,0.5734
323,4,6,65,4,"INDIANA",3,2,,,,,"",,,,,,,,,,"NATURAL OCCURANCES",2,4,2,1,2,2,2,4,4,4,4,4,4,4,2,98,1,1,2,4,5,,2,,1,0.5358
324,4,6,60,3,"IOWA",3,98,,,,,"",,,,,,,,,,,,,,,1,4,3,2,2,3,4,2,1,1,2,2,1,1,2,4,1,1,2,,1,0.6298
325,4,6,63,3,"WISCONSIN",3,2,,,,,"",,,,,,,,,,"BIBLICAL BELIEFS",6,4,,2,2,1,2,3,4,3,4,4,4,4,98,98,9,2,,2,1,2,1,,1,2.1714
326,4,6,55,3,"WISCONSIN",3,1,1,2,4,2,"NATURAL OCCURANCE",9,1,1,98,1,1,98,2,1,,,,,,2,2,2,4,4,4,4,1,1,1,1,1,1,2,,3,1,2,4,2,1,0.7426
327,4,6,42,2,"WISCONSIN",3,1,2,3,2,2,"MY GARDEN IS GROWING ALREADY",14,4,1,3,3,2,4,4,2,,,,,,2,2,98,4,4,4,4,4,4,4,4,2,,6,,2,5,3,3,1,1,0.94
328,4,6,62,3,"MINNESOTA",3,1,2,3,2,2,"MELTING ICE",1,2,3,3,3,3,2,3,3,,,,,,3,3,3,3,4,2,3,2,2,3,2,2,1,7,,4,1,,,,2,0.8272
329,4,6,49,3,"ILLINOIS",3,1,1,2,4,2,"DATA",4,4,1,2,2,2,2,4,4,,,,,,98,98,98,4,4,4,4,4,4,4,4,4,1,1,1,2,3,2,2,98,1,1.2032
330,4,6,38,2,"LOUISIANA",2,2,,,,,"",,,,,,,,,,"DATA",5,4,4,4,1,1,1,4,4,4,4,4,3,4,2,2,1,2,,3,1,2,2,6,1,0.9024
331,4,6,70,4,"TEXAS",2,1,1,3,1,1,"WARMER WINTER",2,2,1,2,2,1,2,2,2,,,,,,1,2,2,2,2,2,3,2,2,2,3,4,1,2,,3,1,4,1,,2,0.8178
332,4,6,89,4,"COLORADO",4,1,1,1,2,1,"REPORTS ON THE NEWS",6,1,2,3,1,2,2,3,1,,,,,,4,3,4,98,2,4,3,2,2,2,1,2,1,1,2,4,1,4,3,2,2,0.7614
333,4,6,22,1,"UTAH",4,1,2,2,2,2,"RESEARCH",4,2,2,2,2,2,3,3,2,,,,,,3,3,2,3,3,3,3,2,2,3,2,98,1,2,,4,1,2,2,5,2,1.175
334,4,6,42,2,"CALIFORNIA",4,1,1,1,1,1,"VERY HOT WINTERS",2,1,1,2,2,1,1,2,2,,,,,,4,4,4,1,2,1,2,1,2,1,2,2,9,6,,4,2,1,5,,1,2.35
335,4,6,80,4,"CALIFORNIA",4,1,1,3,4,2,"SUN IS GETTING HOTTER",10,3,4,,,,,,,,,,,,,,,,,,,,,,,,,7,,,,,,,1,0.94
336,4,6,56,3,"CALIFORNIA",4,1,2,3,2,1,"WEATHER",3,2,2,4,2,2,2,2,2,,,,,,4,4,3,2,2,98,2,1,3,3,1,2,,6,,4,1,4,4,,2,0.94
337,4,6,35,2,"CALIFORNIA",4,1,1,3,2,2,"WATCHING WEATHER PATTERNS AND SOLAR ACTIVITY",3,3,4,4,3,2,4,4,3,,,,,,3,2,1,1,2,3,4,1,1,98,4,4,1,5,,4,5,4,98,3,1,1.0622
338,4,6,63,3,"CALIFORNIA",4,1,1,1,1,1,"WEATHER",3,1,2,2,1,3,1,1,1,,,,,,4,2,2,2,2,1,1,1,1,2,1,2,5,2,,4,5,2,2,4,1,0.752
339,4,6,20,1,"OREGON",4,1,1,3,1,2,"SCIENTIFIC EVIDENCE",4,2,4,4,4,4,2,3,4,,,,,,2,2,2,3,3,98,4,1,2,98,98,98,1,1,2,3,,,98,98,2,1.2878
340,4,7,77,4,"ILLINOIS",3,1,1,98,3,1,"REMEBER EXTREMELY COLD HOLIDAYS",2,1,2,2,2,1,3,98,1,,,,,,4,3,3,98,3,2,4,2,2,2,2,2,1,6,,4,2,1,5,6,2,0.5452
341,4,7,80,4,"NEW YORK",1,1,1,3,1,1,"MEDIA",6,2,2,2,2,2,2,1,2,,,,,,3,4,4,2,2,1,2,2,2,2,1,2,1,1,2,5,3,4,3,,2,0.7144
342,4,7,38,2,"ALABAMA",2,2,,,,,"",,,,,,,,,,"REPUBLICAN",7,2,1,1,1,1,1,4,4,4,4,4,3,4,3,3,2,1,2,2,1,4,4,98,1,1.5134
343,4,7,40,2,"CALIFORNIA",4,1,2,3,2,2,"WEATHER CHANGES",3,2,2,3,3,3,2,2,2,,,,,,3,3,3,2,2,1,2,1,2,2,2,3,1,2,,4,5,1,5,,1,1.0058
344,4,7,20,1,"FLORIDA",2,1,2,3,1,1,"NONE",10,2,1,2,2,2,2,2,2,,,,,,3,98,3,3,4,1,2,1,1,1,2,3,2,6,,2,1,1,98,98,1,1.5134
345,4,7,79,4,"NORTH CAROLINA",2,1,1,3,3,2,"WARMER",2,1,1,4,2,1,98,1,1,,,,,,3,3,2,4,4,98,4,2,3,3,2,3,2,2,,2,1,4,98,,2,1.2408
346,4,7,67,4,"NEW JERSEY",1,98,,,,,"",,,,,,,,,,,,,,,2,2,2,3,4,4,4,4,4,4,4,4,1,1,1,3,5,4,98,,1,0.6204
347,4,7,99,5,"NEW JERSEY",1,98,,,,,"",,,,,,,,,,,,,,,1,4,1,4,4,98,1,1,1,98,1,1,1,3,,3,1,4,2,,2,0.94
348,4,7,23,1,"NEW YORK",1,1,1,3,1,1,"DATA",4,1,2,1,2,2,2,1,3,,,,,,4,3,3,2,3,1,2,1,1,1,1,3,1,98,,4,5,1,3,3,1,1.0622
349,4,7,50,3,"NEW YORK",1,1,2,3,2,1,"WEATHER",3,1,1,2,1,1,1,1,1,,,,,,4,4,4,2,2,2,2,1,2,2,1,1,1,7,,5,2,1,5,4,2,0.8366
350,4,7,53,3,"PENNSYLVANIA",1,1,1,1,1,1,"GLACIERS ARE MELTING",1,1,1,3,2,1,2,3,2,,,,,,4,4,4,1,2,2,2,1,2,2,2,2,1,3,,4,2,1,5,,1,0.6298
351,4,7,31,2,"PENNSYLVANIA",1,1,1,3,1,1,"RESEARCH",4,1,1,1,1,1,1,1,1,,,,,,4,4,4,1,1,4,1,1,1,1,1,1,1,2,,5,1,1,5,5,2,1.1562
352,4,7,50,3,"PENNSYLVANIA",1,1,1,1,1,1,"CLIMATE",3,1,1,1,1,1,,4,1,,,,,,1,4,1,,,,,,,,,,2,1,2,4,1,,3,,1,0.94
353,4,7,56,3,"MARYLAND",2,1,1,3,2,2,"WARMER WORLD",2,2,1,4,2,1,1,2,2,,,,,,4,4,4,3,3,2,3,1,1,1,1,1,2,2,,4,1,1,4,,2,1.1374
354,4,7,67,4,"VIRGINIA",2,2,,,,,"",,,,,,,,,,"GOD",6,2,4,4,1,1,1,4,4,98,4,1,98,98,1,2,1,2,,2,1,4,2,2,2,0.9588
355,4,7,82,4,"WEST VIRGINIA",2,2,,,,,"",,,,,,,,,,"EARTH RUNS IN CYCLES",2,2,4,4,1,1,1,4,4,4,4,1,2,4,1,2,1,2,,2,1,1,3,2,1,0.7614
356,4,7,51,3,"GEORGIA",2,1,1,1,1,1,"NO WINTERS",3,2,2,3,2,1,1,2,1,,,,,,4,4,4,2,2,2,2,1,2,1,98,3,2,2,,2,2,1,3,,2,1.3348
357,4,7,43,2,"MICHIGAN",3,1,2,3,1,1,"OVER POPULATION AND POLLUTION",13,2,2,4,3,2,2,2,2,,,,,,4,4,4,2,2,2,2,1,2,1,2,2,1,1,2,4,5,1,3,,2,1.2032
358,4,7,65,4,"FLORIDA",2,1,1,1,1,1,"TEMPERATURES",2,1,1,1,1,1,1,1,1,,,,,,4,4,4,2,4,2,4,1,1,1,1,4,1,1,2,4,2,2,2,4,1,0.564
359,4,7,47,3,"FLORIDA",2,2,,,,,"",,,,,,,,,,"SEASONAL CHANGES",2,3,2,2,1,1,1,4,4,4,4,3,4,4,3,3,1,2,,4,3,2,1,,1,1.0058
360,4,7,40,2,"FLORIDA",2,2,,,,,"",,,,,,,,,,"ONLY GOD CONTROLS THE WEATHER",6,3,,2,1,1,1,4,4,4,4,3,4,4,3,3,1,2,,2,5,2,1,,2,1.4006
361,4,7,55,3,"ALABAMA",2,2,,,,,"",,,,,,,,,,"FABRICATED",9,4,2,2,3,3,3,4,4,4,4,4,4,4,4,4,1,1,2,5,5,2,1,6,1,0.423
362,4,7,86,4,"SOUTH CAROLINA",2,1,1,3,1,1,"RECORDS THAT HAVE BEEN KEPT",4,1,2,4,2,2,1,3,2,,,,,,4,4,4,4,4,3,4,1,1,1,1,1,1,2,,2,1,1,1,1,2,0.9306
363,4,7,61,3,"TENNESSEE",2,1,1,2,2,2,"CYCLCLE",9,2,2,3,98,3,4,4,3,,,,,,2,3,1,4,4,4,4,2,4,98,3,4,10,6,,5,1,4,1,,1,0.705
364,4,7,91,4,"TENNESSEE",2,1,1,3,1,1,"UNUSUAL GLOBAL WEATHER",3,2,1,2,1,1,2,1,2,,,,,,4,4,3,98,2,2,3,1,2,2,1,1,1,1,2,5,1,1,3,6,1,0.329
365,4,7,27,1,"KENTUCKY",2,1,2,3,2,2,"WINTERS",2,1,1,98,1,1,1,1,1,,,,,,4,4,3,4,3,4,3,1,98,98,2,1,1,1,2,5,5,4,3,,2,1.1844
366,4,7,81,4,"OHIO",3,1,3,3,4,1,"NONE",10,3,2,2,3,2,3,4,4,,,,,,98,1,2,3,3,4,2,2,2,3,2,3,1,1,2,2,5,2,3,1,1,0.7332
367,4,7,87,4,"OHIO",3,2,,,,,"",,,,,,,,,,"WEATHER CYCLES",2,2,4,4,1,98,2,4,4,4,4,1,4,4,1,2,1,6,,2,1,1,2,1,2,0.9306
368,4,7,55,3,"OHIO",3,1,1,3,2,98,"SCIENTIFIC RESEARCH",4,1,2,2,3,2,2,3,1,,,,,,3,3,4,3,3,98,4,3,2,2,98,98,1,2,,4,5,4,4,6,1,0.4418
369,4,7,38,2,"INDIANA",3,2,,,,,"",,,,,,,,,,"NO IDEA",8,3,3,3,2,2,2,98,98,98,,,98,98,,98,1,6,,98,5,4,98,,1,1.1092
370,4,7,68,4,"MICHIGAN",3,98,,,,,"",,,,,,,,,,,,,,,98,98,98,98,4,98,4,2,98,98,98,98,10,6,,3,1,,,,2,0.9118
371,4,7,59,3,"IOWA",3,1,1,3,1,1,"DAUGHTER IS AN ENVIRONMENTALIST",10,1,1,1,1,1,1,98,1,,,,,,2,1,1,4,4,2,4,98,1,2,2,,1,2,,3,1,98,,5,2,0.8836
372,4,7,41,2,"WISCONSIN",3,1,1,2,2,2,"WEATHER RUNS IN CYCLES",9,2,3,4,3,3,2,3,2,,,,,,1,2,1,4,4,4,4,2,4,4,1,2,1,,,5,5,2,1,4,1,1.0152
373,4,7,74,4,"MINNESOTA",3,1,1,3,2,98,"CHANGES IN THE ENVIRONMENT",10,2,2,98,98,2,2,2,2,,,,,,3,2,3,3,4,4,3,2,2,2,2,98,1,1,1,3,2,,,,2,0.8178
374,4,7,60,3,"MONTANA",4,1,2,1,2,2,"PERSONAL OBSERVATIONS",2,2,2,4,2,2,2,2,1,,,,,,4,4,2,3,4,4,4,1,1,1,1,1,1,1,2,3,4,1,3,2,1,0.7426
375,4,7,52,3,"MISSOURI",3,1,2,2,3,2,"PROGRESSION OF EARTH",9,2,2,3,3,2,3,2,3,,,,,,2,2,2,4,3,2,4,2,2,2,3,3,1,2,,5,2,2,2,6,2,0.6204
376,4,7,20,1,"KANSAS",3,1,1,1,2,98,"EMMISIONS",8,2,1,2,1,2,1,2,2,,,,,,4,4,3,4,4,2,4,1,2,1,1,2,9,2,,3,5,1,2,2,1,2.4628
377,4,7,35,2,"LOUISIANA",2,98,,,,,"",,,,,,,,,,,,,,,4,1,1,4,4,4,4,4,4,4,2,2,1,1,1,4,5,4,1,5,1,0.9776
378,4,7,59,3,"TEXAS",2,1,3,3,2,1,"WEATHER",3,1,1,98,2,1,1,1,1,,,,,,2,1,98,4,4,4,4,1,4,4,1,2,1,1,2,3,5,2,2,2,2,0.94
379,4,7,43,2,"TEXAS",2,1,2,3,2,2,"MELTING ICE",1,2,2,2,2,2,2,2,2,,,,,,3,3,3,3,3,2,4,1,2,2,2,2,1,2,,3,5,2,3,,2,1.2878
380,4,7,62,3,"TEXAS",2,1,1,1,1,1,"GLACIERS  MELTING",1,1,3,2,4,3,1,2,3,,,,,,1,4,3,2,3,4,2,1,1,2,1,1,1,1,1,4,1,1,3,5,2,0.799
381,4,7,34,2,"CALIFORNIA",4,1,2,2,3,2,"WEATHER CYCLES",3,2,1,3,4,1,3,3,4,,,,,,1,4,2,2,4,98,2,2,2,2,2,2,1,6,,4,5,3,4,6,2,1.0152
382,4,7,63,3,"CALIFORNIA",4,2,,,,,"",,,,,,,,,,"FLEXIBLE",9,4,3,2,1,1,1,4,4,98,4,4,4,4,2,2,98,1,1,3,1,4,2,2,2,1.034
383,4,7,20,1,"CALIFORNIA",4,1,1,2,3,2,"WEATHER",3,2,1,1,1,1,2,1,1,,,,,,3,2,1,4,4,3,2,2,2,2,1,2,1,6,,2,4,3,98,3,1,1.2596
384,4,7,60,3,"CALIFORNIA",4,1,1,1,1,1,"WEATHER",3,1,3,98,4,4,4,4,4,,,,,,4,4,98,4,4,4,3,1,1,98,1,2,10,6,,5,5,3,3,6,2,0.7144
385,4,7,75,4,"HAWAII",4,1,2,3,1,1,"DOCUMENTARY",6,1,3,2,2,3,1,3,1,,,,,,4,4,3,4,4,2,4,1,1,1,1,1,1,2,,4,1,4,3,3,1,0.5922
386,4,7,60,3,"OREGON",4,1,1,1,1,1,"POLAR ICE CAPS RECEDING",1,1,1,4,2,2,1,2,2,,,,,,4,4,4,1,1,1,1,1,1,1,1,1,1,2,,4,1,1,4,3,1,0.6862
387,4,7,99,5,"WASHINGTON",4,1,1,3,1,1,"GLACIERS",1,1,3,2,98,4,3,3,3,,,,,,4,4,2,4,4,2,4,1,2,2,1,1,1,2,,5,5,4,3,,1,0.94
388,4,8,76,4,"PENNSYLVANIA",1,2,,,,,"",,,,,,,,,,"GOD",6,1,2,2,1,1,1,4,4,3,3,2,3,3,3,3,10,1,2,4,1,2,1,,2,0.8272
389,4,8,65,4,"NEW YORK",1,1,1,1,1,1,"ANTARTICA AND GREENLAND ARE MELTING",1,1,1,2,2,2,1,2,2,,,,,,4,4,4,1,2,1,2,1,2,2,2,2,1,,,4,2,1,5,,2,0.7332
390,4,8,45,3,"FLORIDA",2,1,1,1,1,1,"POLLUTION",8,1,2,3,2,4,1,3,1,,,,,,4,4,4,4,4,3,4,1,1,4,1,1,1,1,2,4,1,4,3,3,1,1.0622
391,4,8,42,2,"TEXAS",2,1,1,3,1,1,"POLAR ICE CAPS",1,1,4,4,4,4,1,4,4,,,,,,4,4,4,4,4,98,4,1,1,1,1,1,1,1,2,5,1,1,3,6,2,0.9964
392,4,8,68,4,"MASSACHUSETTS",1,1,1,1,1,1,"VERY WARM WINTER",2,1,1,2,2,1,2,2,4,,,,,,4,4,4,3,3,2,1,1,2,2,1,1,1,1,2,3,1,,3,6,2,0.6298
393,4,8,65,4,"RHODE ISLAND",1,1,1,3,1,1,"MELTING ICE CAPS",1,1,2,1,1,2,1,2,2,,,,,,4,2,2,4,2,4,3,1,1,1,1,2,1,2,,4,2,4,3,3,2,0.7896
394,4,8,62,3,"NEW HAMPSHIRE",1,1,1,1,1,1,"DEPLETING ALL RESOURCES",8,1,2,4,1,3,1,3,2,,,,,,4,4,4,4,4,4,4,1,1,4,1,1,1,,,2,1,2,1,3,1,0.8836
395,4,8,87,4,"CONNECTICUT",1,1,2,2,2,98,"HIGHER TEMPERATURES FROM CANADA",2,2,1,98,98,1,98,98,3,,,,,,3,98,98,98,4,4,4,2,4,4,98,98,1,1,1,2,1,98,98,1,2,0.9306
396,4,8,65,4,"NEW JERSEY",1,1,1,3,1,1,"WEATHER CYCLES AND POLLUTION",3,2,2,4,3,3,2,3,2,,,,,,3,3,2,4,4,2,4,1,2,2,1,1,9,2,,2,1,4,1,2,2,2.303
397,4,8,52,3,"NEW YORK",1,1,1,1,1,1,"ICE CAPS SHRINKING",1,1,1,1,1,1,1,1,1,,,,,,4,4,1,1,3,1,4,1,1,1,1,1,2,1,2,2,5,1,5,6,1,0.9494
398,4,8,62,3,"NEW YORK",1,1,2,3,3,2,"TOO MANY PEOPLE",13,2,2,2,3,2,2,2,2,,,,,,3,3,3,2,3,2,3,1,2,1,2,2,2,,,4,1,1,5,,1,0.94
399,4,8,66,4,"PENNSYLVANIA",1,1,1,3,1,1,"DID NOT HAVE A WINTER THIS YEAR",2,1,1,2,3,1,1,2,2,,,,,,4,4,3,1,2,2,2,1,2,2,2,2,1,2,,,5,,,,1,0.6392
400,4,8,80,4,"TEXAS",2,1,1,1,4,98,"BEEN WARMER",2,1,1,2,2,2,2,2,2,,,,,,4,3,4,2,2,98,3,98,1,2,1,2,1,1,1,5,1,2,2,,2,0.7144
401,4,8,70,4,"PENNSYLVANIA",1,1,1,1,2,98,"READING",6,1,3,2,2,2,2,2,2,,,,,,4,3,2,2,2,1,4,98,3,2,1,2,1,2,,5,1,1,3,4,1,0.5452
402,4,8,75,4,"MARYLAND",2,1,2,1,3,2,"NO SEVERE WINTERS",3,2,1,98,98,1,98,98,2,,,,,,98,4,1,4,4,4,4,1,1,1,98,98,,,,4,1,1,3,,1,0.94
403,4,8,58,3,"NORTH CAROLINA",2,2,,,,,"",,,,,,,,,,"IT IS POLITICAL LIES",7,3,2,2,2,2,1,4,4,4,4,98,4,4,2,3,1,,,2,2,,,,1,0.8272
404,4,8,21,1,"GEORGIA",2,1,1,1,1,1,"ICE MELTING",1,1,2,98,2,3,2,2,3,,,,,,3,3,3,3,3,98,3,98,98,98,2,3,9,2,,3,5,4,98,,2,2.632
405,4,8,58,3,"VIRGINIA",2,2,,,,,"",,,,,,,,,,"NATURAL CYCLES",2,1,2,2,1,1,1,2,4,4,4,2,1,3,1,1,5,2,,5,5,,1,4,1,0.7332
406,4,8,78,4,"FLORIDA",2,1,2,2,1,1,"TERRIBLE STORMS",3,2,3,4,1,3,2,3,1,,,,,,4,4,4,4,4,98,4,1,1,1,1,1,1,2,,2,1,1,3,1,2,0.9306
407,4,8,84,4,"FLORIDA",2,1,1,3,1,1,"NO SEASONS",3,1,1,3,1,1,3,1,1,,,,,,2,2,1,98,1,98,98,1,1,1,1,1,1,3,,4,1,1,1,4,1,0.564
408,4,8,68,4,"ALABAMA",2,2,,,,,"",,,,,,,,,,"ALWAYS THE SAME",1,1,1,1,1,1,1,4,4,4,4,4,4,4,4,4,1,1,2,2,3,4,3,,1,0.7332
409,4,8,55,3,"TENNESSEE",2,1,2,2,2,2,"NO WINTER",3,1,2,3,3,2,98,4,4,,,,,,2,4,2,98,4,4,4,1,4,4,1,1,1,1,1,3,1,4,2,6,1,0.5264
410,4,8,62,3,"KENTUCKY",2,1,2,1,1,1,"ICE CAPS",1,1,3,2,2,3,1,2,2,,,,,,4,4,3,1,2,2,4,2,1,2,1,2,1,1,2,4,2,4,3,4,1,0.658
411,4,8,75,4,"OHIO",3,98,,,,,"",,,,,,,,,,,,,,,2,3,2,4,4,4,4,1,1,1,1,1,1,2,,2,1,1,3,1,2,0.9306
412,4,8,60,3,"OHIO",3,1,3,3,1,2,"PAST WINTERS",3,1,1,3,4,2,2,2,2,,,,,,2,2,1,98,98,2,3,2,2,2,2,2,1,2,,3,1,4,4,,2,0.9118
413,4,8,51,3,"OHIO",3,1,2,1,1,98,"NEWS",6,2,2,4,2,2,3,2,2,,,,,,3,4,3,3,3,98,3,1,2,1,1,2,2,1,2,4,1,1,3,5,2,1.1092
414,4,8,71,4,"INDIANA",3,1,1,3,1,1,"WEATHER CYCLES",3,1,1,98,2,2,1,2,1,,,,,,2,4,3,2,2,3,4,1,98,2,1,3,1,1,2,5,4,4,2,2,2,0.7426
415,4,8,47,3,"MICHIGAN",3,98,,,,,"",,,,,,,,,,,,,,,2,2,2,2,4,2,4,1,2,2,1,3,2,1,2,4,1,1,2,3,1,1.3724
416,4,8,99,5,"WISCONSIN",3,1,1,1,1,2,"NO COMMENT",10,1,1,98,4,4,1,4,4,,,,,,98,4,4,1,4,98,4,1,4,4,1,1,1,6,,,3,3,4,2,1,0.94
417,4,8,70,4,"MINNESOTA",3,2,,,,,"",,,,,,,,,,"GEOLOGIC HISTORY",2,1,,4,2,1,1,4,4,4,4,4,4,4,4,4,,2,,3,3,2,1,,1,0.94
418,4,8,72,4,"SOUTH DAKOTA",3,2,,,,,"",,,,,,,,,,"POLITICAL LIARS",7,4,2,1,1,1,1,4,4,4,4,4,4,4,4,4,10,2,,3,2,2,1,,1,0.7144
419,4,8,50,3,"MONTANA",4,1,1,98,2,2,"PROVEN",4,2,2,2,3,2,3,2,2,,,,,,4,3,2,3,4,3,2,1,2,2,1,2,1,1,1,4,5,4,3,2,2,0.8554
420,4,8,61,3,"ILLINOIS",3,1,1,2,2,2,"MILD WINTER",2,2,1,1,3,1,1,1,1,,,,,,4,1,4,2,2,2,2,1,1,1,1,2,1,3,,2,1,98,98,98,2,1.0246
421,4,8,77,4,"ILLINOIS",3,1,4,3,4,2,"WARMER PART OF NATURE",2,3,3,4,2,2,3,3,2,,,,,,3,3,2,3,3,,3,2,3,2,2,2,1,1,2,3,1,2,3,,2,0.8178
422,4,8,87,4,"MISSOURI",3,98,,,,,"",,,,,,,,,,,,,,,3,3,3,98,3,98,3,2,98,98,2,98,1,3,,5,1,1,4,98,2,0.7144
423,4,8,68,4,"KANSAS",3,98,,,,,"",,,,,,,,,,,,,,,3,3,2,98,3,4,98,2,2,98,1,1,1,2,,3,2,1,3,5,1,0.5922
424,4,8,89,4,"LOUISIANA",2,2,,,,,"",,,,,,,,,,"GOD",6,1,4,4,1,98,98,4,4,98,4,2,98,98,1,3,2,1,1,1,1,1,1,1,2,1.2126
425,4,8,18,1,"ARKANSAS",2,1,2,1,2,1,"ABUSE OF WHAT THE EARTH HAS GIVEN US",8,2,2,4,2,3,2,2,2,,,,,,2,2,3,2,2,3,2,1,2,2,2,2,5,,,2,2,2,3,98,1,1.2972
426,4,8,53,3,"TEXAS",2,1,1,3,1,1,"MELTING ICE",1,1,1,1,1,1,1,1,1,,,,,,4,4,4,4,2,98,3,4,3,3,3,3,1,2,,,,,,,2,0.9306
427,4,8,67,4,"ARIZONA",4,1,1,3,1,1,"SCIENTIFIC EVIDENCE",4,1,2,1,98,4,1,1,2,,,,,,4,4,4,1,2,98,98,1,1,1,1,2,1,6,,3,2,1,4,,2,0.8178
428,4,8,18,1,"ARIZONA",4,1,1,1,1,1,"MELTING ICEBERGS",1,2,3,2,3,3,2,2,2,,,,,,3,2,2,4,2,3,3,1,2,3,2,2,9,,,3,5,4,3,3,1,2.491
429,4,8,38,2,"CALIFORNIA",4,2,,,,,"",,,,,,,,,,"EXPERTS",5,1,1,1,1,1,1,4,4,4,4,2,4,4,4,4,1,1,1,3,5,4,2,4,1,1.1186
430,4,8,99,5,"CALIFORNIA",4,2,,,,,"",,,,,,,,,,"CYCLES",2,1,4,4,1,1,2,4,4,1,4,2,4,4,4,4,1,1,1,3,1,2,2,4,2,0.94
431,4,8,49,3,"HAWAII",4,98,,,,,"",,,,,,,,,,,,,,,2,3,2,4,3,2,3,2,2,98,4,4,5,,,4,5,2,3,6,2,1.1092
432,4,8,57,3,"OREGON",4,1,2,3,1,1,"POLAR ICE CAPS",1,1,2,2,2,2,1,2,2,,,,,,4,3,3,2,2,2,2,1,2,2,2,2,1,98,,4,2,1,5,,1,0.6298
433,4,8,20,1,"WASHINGTON",4,2,,,,,"",,,,,,,,,,"TEMPERATURES DROPPED",5,4,1,4,2,1,1,4,4,4,4,2,2,2,2,1,1,,,3,5,2,2,98,1,1.0904
434,4,8,39,2,"WASHINGTON",4,1,4,2,4,2,"NO SEASONS",3,3,3,4,4,4,4,4,4,,,,,,1,1,1,4,4,4,4,4,4,4,4,4,1,1,2,4,3,2,1,6,1,0.8178
435,4,9,69,4,"NORTH CAROLINA",2,98,,,,,"",,,,,,,,,,,,,,,4,3,2,4,4,4,4,1,2,1,1,1,1,2,,3,1,2,1,2,2,0.846
436,4,9,70,4,"ARIZONA",4,98,,,,,"",,,,,,,,,,,,,,,2,2,2,4,4,2,4,2,2,2,1,2,1,1,1,3,1,2,3,,1,0.6204
437,4,9,50,3,"IOWA",3,1,1,3,1,1,"WARMER IN MARCH",2,2,2,98,2,2,2,2,2,,,,,,4,1,4,3,3,98,4,1,1,1,1,1,1,1,2,5,1,4,98,1,2,0.8084
438,4,9,24,1,"FLORIDA",2,1,2,3,2,98,"ICE CAPS MELTING",1,1,4,4,2,3,2,2,2,,,,,,3,3,3,3,3,98,3,1,98,98,2,2,1,1,2,2,5,1,3,,2,1.4006
439,4,9,58,3,"INDIANA",3,1,2,3,1,1,"WEATHER",3,1,1,3,1,1,98,1,1,,,,,,1,1,1,4,4,1,4,1,1,1,1,1,1,1,2,2,1,1,3,1,1,0.8272
440,4,9,18,1,"PENNSYLVANIA",1,1,2,1,1,1,"WEATHER",3,1,1,4,2,1,1,1,1,,,,,,4,4,1,4,3,3,4,1,3,3,1,2,10,1,2,2,1,,,,2,1.4946
441,4,9,42,2,"NORTH CAROLINA",2,1,1,1,1,1,"WEATHER PATTERNS ARE OUT OF WHACK",3,2,2,2,2,2,1,2,1,,,,,,4,4,4,2,2,2,2,1,2,2,2,2,1,1,2,5,5,1,4,4,2,1.2126
442,4,9,51,3,"ILLINOIS",3,1,1,1,1,1,"ICE MELTING",1,2,2,2,2,2,2,2,2,,,,,,4,4,3,1,2,2,2,1,2,1,2,2,1,1,2,2,1,1,5,,1,0.8272
443,4,9,38,2,"MISSOURI",3,2,,,,,"",,,,,,,,,,"JUST DO NOT BELIEVE IT",8,1,4,4,1,1,1,4,4,4,4,3,2,2,1,1,1,6,,2,2,4,4,3,2,1.457
444,4,9,76,4,"MASSACHUSETTS",1,1,1,1,1,1,"WEATHER",3,1,1,98,1,1,1,1,1,,,,,,4,4,4,2,2,98,98,1,98,98,1,2,1,4,,4,2,1,3,5,2,0.705
445,4,9,75,4,"CONNECTICUT",1,1,2,2,2,2,"WHAT I HAVE READ",6,2,4,2,2,4,4,2,4,,,,,,2,2,1,4,2,4,2,2,4,3,1,1,1,5,,4,98,4,3,,1,0.5358
446,4,9,69,4,"NEW JERSEY",1,1,1,1,1,1,"TEMPERATURE CHANGES",2,2,1,4,4,1,2,2,2,,,,,,4,4,3,2,3,2,3,1,2,2,2,2,2,2,,4,5,1,5,,1,0.846
447,4,9,26,1,"NEW YORK",1,1,1,3,3,2,"THE WEATHER CHANNEL",6,2,2,3,2,2,3,2,3,,,,,,4,4,3,2,4,98,3,1,1,2,2,1,2,5,,4,5,4,3,3,2,1.5698
448,4,9,70,4,"NEW YORK",1,2,,,,,"",,,,,,,,,,"CYCLE",2,4,4,4,1,1,1,4,4,4,4,4,4,4,,2,1,2,,2,1,2,1,2,2,0.9588
449,4,9,30,2,"NEW YORK",1,1,1,3,1,1,"HEAT WAVES",2,2,1,1,1,1,1,1,1,,,,,,4,4,4,1,4,98,4,1,1,1,4,4,10,1,2,2,1,4,5,2,1,1.3254
450,4,9,46,3,"OREGON",4,2,,,,,"",,,,,,,,,,"SNOW",1,1,4,1,1,1,1,4,4,4,4,1,4,4,4,4,1,7,,4,1,2,1,5,2,1.175
451,4,9,57,3,"PENNSYLVANIA",1,2,,,,,"",,,,,,,,,,"GOD",6,2,2,2,1,1,1,4,4,4,4,4,4,4,4,4,1,6,,4,1,2,1,,1,0.6298
452,4,9,25,1,"PENNSYLVANIA",1,1,1,3,1,1,"NO SEASONS ANYMORE",3,1,1,2,2,1,1,3,1,,,,,,4,4,4,4,4,2,4,1,1,98,1,1,,2,,5,2,,5,,1,0.94
453,4,9,99,5,"VIRGINIA",2,2,,,,,"",,,,,,,,,,"NORMAL WEATHER",1,4,4,4,4,1,1,4,4,98,4,2,98,4,2,2,1,6,,2,1,2,1,,2,0.94
454,4,9,88,4,"MARYLAND",2,2,,,,,"",,,,,,,,,,"WEATHER RUNS IN CYCLES",2,1,4,4,1,2,2,4,4,98,4,1,2,2,1,1,1,2,,2,1,1,2,1,2,0.9306
455,4,9,62,3,"WISCONSIN",3,1,1,1,1,1,"DATA",4,1,2,1,2,2,2,2,2,,,,,,4,4,4,2,2,2,1,1,1,1,98,1,1,6,,5,5,1,5,5,1,0.5828
456,4,9,62,3,"SOUTH CAROLINA",2,1,2,3,2,1,"TORNADOES AND HURRICANES",3,2,3,3,1,2,2,2,1,,,,,,3,3,3,2,2,2,3,2,2,2,2,3,1,1,2,2,1,1,4,,1,0.8272
457,4,9,47,3,"GEORGIA",2,1,2,1,2,1,"TREES",10,1,2,4,1,2,1,1,1,,,,,,4,4,3,4,4,2,98,1,2,2,1,1,2,1,2,2,2,4,4,6,2,1.5228
458,4,9,68,4,"GEORGIA",2,1,1,3,2,1,"HUMAN ACTIVITY",8,2,3,4,2,1,2,2,2,,,,,,4,4,3,1,2,98,3,1,1,98,1,2,2,6,,4,1,1,3,6,2,0.8554
459,4,9,50,3,"FLORIDA",2,1,1,1,2,1,"TEMPERATURES ARE WARMER",2,1,1,2,3,2,2,1,1,,,,,,3,3,4,4,4,1,4,1,1,1,98,98,9,3,,2,1,1,5,,2,2.3688
460,4,9,18,1,"FLORIDA",2,1,2,3,3,1,"MEDIA OUTLETS",6,1,1,1,98,1,98,98,2,,,,,,98,3,1,3,4,98,4,2,3,98,1,98,1,2,,2,5,4,3,1,2,1.4006
461,4,9,36,2,"PENNSYLVANIA",1,2,,,,,"",,,,,,,,,,"RESEARCH WEATHER PATTERNS",5,4,4,4,2,1,2,4,4,3,4,2,4,3,1,2,1,1,1,4,5,2,3,6,1,0.8178
462,4,9,64,3,"ALABAMA",2,2,,,,,"",,,,,,,,,,"NO REAL PROOF",3,3,2,2,2,2,1,4,4,4,4,4,4,4,3,3,2,1,2,2,1,2,2,,1,1.1374
463,4,9,23,1,"TENNESSEE",2,1,2,3,1,1,"WINTER LESS MILD, SUMMERS ARE HOTTER",2,2,2,98,3,2,2,2,3,,,,,,3,3,2,2,98,2,3,2,2,98,2,3,1,2,,3,5,98,4,98,2,1.2878
464,4,9,72,4,"KENTUCKY",2,98,,,,,"",,,,,,,,,,,,,,,2,2,2,4,4,98,4,2,98,4,2,2,1,1,2,2,1,1,2,,1,0.7332
465,4,9,58,3,"OHIO",3,1,1,3,1,2,"ICE CAPS MELTING",1,1,1,1,1,1,1,1,1,,,,,,4,4,4,4,4,4,4,1,4,4,98,98,1,1,2,4,5,4,3,4,2,0.8554
466,4,9,65,4,"OHIO",3,1,1,2,3,1,"OBSERVATION",2,,,,,,,,,,,,,,,,,,,,,,,,,,,2,,,,,,,2,0.94
467,4,9,57,3,"MICHIGAN",3,1,1,2,3,2,"DATA",4,3,3,3,2,3,3,2,2,,,,,,2,1,1,4,4,4,4,3,3,3,3,2,1,1,1,3,5,2,2,4,1,0.7426
468,4,9,70,4,"MINNESOTA",3,2,,,,,"",,,,,,,,,,"OUR WINTERS ARE COLDER THAN EVER",1,1,,4,2,3,2,4,4,4,4,1,4,3,1,2,1,6,,3,1,2,1,1,2,0.8178
469,4,9,64,3,"MONTANA",4,1,1,3,1,1,"GLACIERS AND MELTING ICE CAPS",1,1,2,2,1,2,1,2,2,,,,,,4,4,4,2,1,2,2,1,2,1,1,1,1,1,1,5,4,4,5,3,2,0.8648
470,4,9,65,4,"ILLINOIS",3,1,1,3,1,1,"GLACIERS",1,1,2,2,2,1,1,2,2,,,,,,4,3,3,2,2,4,4,1,2,2,1,1,1,2,,4,1,,2,,1,0.5358
471,4,9,33,2,"WASHINGTON",4,2,,,,,"",,,,,,,,,,"NATURAL PATTERNS",2,2,2,2,2,2,2,3,4,4,4,3,3,3,3,3,5,2,,3,1,4,3,,2,1.3818
472,4,9,68,4,"LOUISIANA",2,2,,,,,"",,,,,,,,,,"READ THE BIBLE",6,1,4,4,2,98,98,4,4,98,4,2,2,2,1,3,2,1,1,2,1,1,2,2,2,1.269
473,4,9,65,4,"TEXAS",2,2,,,,,"",,,,,,,,,,"CYCLE",2,1,98,1,1,1,1,4,4,4,4,2,4,4,3,4,1,1,1,3,5,2,1,,2,0.8178
474,4,9,59,3,"TEXAS",2,1,1,1,1,1,"CHANGING WEATHER PATTERNS",3,1,1,2,2,1,98,1,1,,,,,,4,4,4,98,3,4,4,1,2,2,1,1,1,2,,5,2,1,2,4,2,0.8366
475,4,9,65,4,"TEXAS",2,1,1,98,3,2,"NEWS",6,4,4,4,4,4,4,2,2,,,,,,1,2,2,2,4,2,3,1,2,2,2,2,1,1,2,3,1,4,1,,1,0.6204
476,4,9,84,4,"NEVADA",4,1,1,2,,1,"MELTING POLAR ICE CAPS AND LOSING FRESH WATER",1,2,98,,,2,2,98,1,,,,,,,1,1,3,3,,,3,98,1,,98,1,6,,5,1,3,1,,1,0.517
477,4,9,86,4,"CALIFORNIA",4,2,,,,,"",,,,,,,,,,"TOO OLD FOR THAT STUFF",9,98,98,98,98,98,98,98,98,98,98,98,98,98,98,98,1,1,1,2,3,,,,1,0.7332
478,4,9,42,2,"CALIFORNIA",4,1,2,2,4,2,"HISTORY",9,3,3,2,4,2,4,3,4,,,,,,3,3,1,4,4,4,4,3,3,4,4,4,10,1,1,3,5,4,2,98,2,1.3818
479,4,9,99,5,"WASHINGTON",4,2,,,,,"",,,,,,,,,,"CLIMATE",9,3,3,4,1,1,1,2,4,4,3,2,98,98,2,2,1,1,2,2,1,4,3,,1,0.94
480,4,10,64,3,"OHIO",3,1,1,1,1,1,"NEWS REPORTS",6,1,2,3,2,2,1,3,2,,,,,,4,4,4,4,4,98,4,1,1,1,1,1,1,2,,4,2,1,3,4,1,0.658
481,4,10,61,3,"MASSACHUSETTS",1,1,1,1,1,1,"POLAR BEARS CANNOT HUNT ON ICE, MOUNTAIN CLIMBERS CANNOT FIND PREVIOUSLY EXISTING SNOW PATHS",7,1,1,1,2,2,1,3,3,,,,,,4,4,4,2,2,98,2,2,2,2,1,2,1,7,,5,2,1,4,6,2,0.6204
482,4,10,88,4,"MAINE",1,1,1,3,1,1,"WEATHER",3,1,1,2,2,1,1,1,1,,,,,,4,4,3,2,2,98,2,1,1,1,2,2,1,98,,5,1,1,4,6,2,0.5264
483,4,10,46,3,"CONNECTICUT",1,1,1,1,1,1,"CLIMATE",3,1,2,98,2,2,1,1,1,,,,,,3,3,2,98,4,98,2,1,2,98,1,2,1,,,3,1,4,3,,1,1.0904
484,4,10,56,3,"NEW JERSEY",1,1,1,3,2,1,"SCIENTIFIC EVIDENCE",4,1,2,1,3,2,1,3,2,,,,,,4,4,3,4,4,4,4,1,1,3,1,1,1,2,,4,2,1,4,,1,0.6298
485,4,10,24,1,"NEW YORK",1,2,,,,,"",,,,,,,,,,"NO IDEA",8,3,3,98,3,98,1,4,4,98,4,1,2,98,2,98,1,2,,4,2,2,3,4,1,1.034
486,4,10,66,4,"NEW YORK",1,1,2,3,1,1,"BILLS",10,1,1,1,2,1,1,1,1,,,,,,3,3,3,3,4,2,3,1,2,2,2,2,1,1,2,4,2,4,2,5,2,0.705
487,4,10,78,4,"NEW YORK",1,1,2,3,2,1,"THE EVOLUTION OF THE EARTH",9,1,1,2,2,2,2,1,1,,,,,,4,4,4,98,2,2,2,2,1,1,1,2,1,3,,2,2,4,3,,2,0.9306
488,4,10,21,1,"PENNSYLVANIA",1,1,1,3,3,1,"MELTING OF ICE",1,1,2,98,2,2,3,3,3,,,,,,4,4,4,1,2,1,1,1,1,1,1,1,1,6,,4,5,,5,,2,1.2032
489,4,10,50,3,"PENNSYLVANIA",1,2,,,,,"",,,,,,,,,,"EARTH'S NATURAL PATTERNS",2,2,2,2,1,1,1,4,4,3,4,3,3,3,3,3,2,98,,2,1,2,1,,1,1.1374
490,4,10,80,4,"PENNSYLVANIA",1,1,3,1,2,98,"WINTER WAS VERY MILD",2,2,2,98,1,1,2,2,1,,,,,,98,98,98,4,4,98,3,1,98,98,98,98,1,2,,2,1,,,,2,0.9306
491,4,10,53,3,"PENNSYLVANIA",1,1,1,3,1,1,"TEMPERATURES",2,2,1,4,2,1,2,2,2,,,,,,3,3,3,2,2,2,2,1,2,1,2,2,1,1,2,2,1,1,3,,2,1.0246
492,4,10,50,3,"VIRGINIA",2,2,,,,,"",,,,,,,,,,"THEY ARE NOT",9,4,1,1,1,1,1,4,4,4,4,4,4,4,98,4,,,,,1,4,2,,1,0.8272
493,4,10,64,3,"WEST VIRGINIA",2,2,,,,,"",,,,,,,,,,"GOING ON FOR A LONG TIME",2,4,3,2,2,2,2,4,4,4,4,4,3,4,4,4,1,1,2,5,1,4,1,6,1,0.423
494,4,10,61,3,"NORTH CAROLINA",2,1,2,2,3,2,"WEATHER",3,3,3,4,4,4,4,4,3,,,,,,1,1,1,4,4,4,4,4,4,4,1,2,1,1,2,5,5,2,1,5,2,0.7802
495,4,10,72,4,"NORTH CAROLINA",2,98,,,,,"",,,,,,,,,,,,,,,98,98,98,98,4,98,4,98,98,98,98,3,2,6,,1,1,,,1,1,1.0152
496,4,10,28,1,"SOUTH CAROLINA",2,1,1,98,1,1,"TEMPERATURES ARE INCREASING EVERY YEAR",2,1,1,1,1,1,1,98,1,,,,,,4,4,4,4,4,98,98,4,98,98,98,98,1,1,2,3,1,98,98,2,2,1.316
497,4,10,60,3,"GEORGIA",2,1,1,1,1,1,"FACTUAL REALITY OF WEATHER PATTERNS IN GEORGIA",3,1,1,1,2,1,1,2,2,,,,,,4,4,4,1,2,1,2,1,2,2,2,2,1,98,,3,5,4,3,3,1,0.7708
498,4,10,31,2,"GEORGIA",2,1,1,1,1,1,"CHEMICALS IN ENVIRONMENT",8,1,1,4,2,2,1,3,1,,,,,,4,4,4,4,4,2,4,1,1,1,1,1,2,1,2,4,1,1,1,3,2,1.5698
499,4,10,35,2,"FLORIDA",2,1,2,3,2,1,"HARDER TO BREATH",10,2,3,4,2,3,1,3,2,,,,,,3,3,2,4,4,2,4,2,2,2,1,2,5,2,,4,1,,2,3,1,1.1562
500,4,10,99,5,"FLORIDA",2,1,1,3,1,1,"TEMPERATURES ARE HOTTER",2,1,1,1,1,1,1,1,1,,,,,,4,3,3,3,3,2,3,2,3,3,1,1,1,6,,5,1,1,3,3,1,0.94
501,4,10,78,4,"FLORIDA",2,1,1,3,1,1,"ANIMALS ARE CHANGING",7,1,1,1,2,1,1,2,2,,,,,,4,3,3,2,2,2,2,2,2,2,3,2,1,1,2,5,1,1,4,,2,0.7144
502,4,10,76,4,"ALABAMA",2,1,2,3,2,2,"WARMER",2,2,1,3,2,1,2,2,2,,,,,,3,98,98,98,98,98,3,2,2,2,2,2,1,1,2,2,1,1,2,,1,0.7332
503,4,10,47,3,"TENNESSEE",2,1,1,98,3,2,"WEATHER IS WARM",3,2,1,2,1,1,2,1,1,,,,,,2,2,4,4,4,2,3,1,3,3,2,2,1,2,,2,5,2,2,1,2,1.4006
504,4,10,53,3,"MISSISSIPPI",2,1,1,2,3,2,"GOD",12,3,2,4,3,2,4,3,4,,,,,,3,1,1,4,4,4,4,4,3,3,3,4,1,1,2,3,1,2,1,2,2,0.94
505,4,10,24,1,"KENTUCKY",2,1,1,1,1,1,"SCIENTIFIC",4,1,1,1,2,2,1,1,1,,,,,,4,4,3,1,2,2,3,1,1,98,1,1,1,,,4,5,1,5,4,1,1.034
506,4,10,56,3,"OHIO",3,2,,,,,"",,,,,,,,,,"NATURAL SEASON CHANGES",2,3,2,2,2,2,1,4,4,4,4,4,4,4,3,3,1,1,2,4,2,2,1,,2,0.8272
507,4,10,57,3,"INDIANA",3,1,1,1,1,1,"TEMPERATURES HAVE INCREASED OVER HIS LIFETIME",2,4,1,1,4,1,1,2,1,,,,,,4,4,1,3,3,1,4,2,1,1,2,1,1,1,1,3,1,1,1,2,1,0.7426
508,4,10,80,4,"MICHIGAN",3,2,,,,,"",,,,,,,,,,"GOD CONTROLS EVERYTHING",6,2,2,2,98,98,98,3,3,98,3,98,98,98,98,98,1,1,1,4,1,2,2,,2,0.7332
509,4,10,60,3,"IOWA",3,98,,,,,"",,,,,,,,,,,,,,,2,3,3,4,4,3,4,1,2,2,1,1,1,1,2,1,1,4,3,1,1,0.799
510,4,10,69,4,"MINNESOTA",3,2,,,,,"",,,,,,,,,,"HAD COLDEST WINTER EVER",1,1,,4,1,3,2,4,4,4,4,1,4,4,1,1,1,6,,2,1,1,2,3,1,0.7896
511,4,10,21,1,"ILLINOIS",3,98,,,,,"",,,,,,,,,,,,,,,2,3,3,4,4,1,4,1,1,1,1,1,1,,,2,5,4,4,,1,1.2032
512,4,10,74,4,"ILLINOIS",3,1,2,2,98,2,"WEATHER",3,2,3,2,98,3,98,3,98,,,,,,2,2,2,4,4,4,98,3,4,4,3,3,1,1,1,4,5,3,1,4,1,0.564
513,4,10,67,4,"MISSOURI",3,1,4,2,3,2,"NO SEASONS",3,3,3,4,3,2,3,2,2,,,,,,1,3,2,4,4,4,4,2,4,4,2,2,1,1,2,5,1,4,2,4,2,0.7426
514,4,10,65,4,"LOUISIANA",2,1,1,98,2,98,"WARM WEATHER",2,1,1,98,2,2,2,3,4,,,,,,3,98,3,98,4,4,4,2,98,98,98,3,1,2,,1,1,4,3,2,2,0.9306
515,4,10,23,1,"ARKANSAS",2,2,,,,,"",,,,,,,,,,"WEATHER",2,1,1,1,1,1,1,2,2,3,2,2,2,4,2,2,1,1,1,2,5,4,1,1,2,1.4006
516,4,10,35,2,"OKLAHOMA",2,98,,,,,"",,,,,,,,,,,,,,,2,3,2,4,4,4,4,1,1,1,1,1,2,1,2,4,5,4,3,2,1,1.3442
517,4,10,63,3,"TEXAS",2,98,,,,,"",,,,,,,,,,,,,,,1,1,1,4,4,98,4,2,4,4,4,4,1,1,1,5,5,2,2,4,1,0.6392
518,4,10,79,4,"TEXAS",2,1,1,1,1,1,"EXPERIMENTAL DATA",4,1,3,1,3,3,2,2,2,,,,,,4,4,4,1,1,4,4,1,1,1,1,1,1,1,2,5,1,1,98,5,1,0.4888
519,4,10,25,1,"TEXAS",2,1,1,1,1,98,"BIG PIECE OF ICE FELL INTO THE OCEAN",1,1,2,2,4,2,3,2,2,,,,,,3,3,3,3,3,98,3,2,98,98,2,3,9,2,,2,1,1,98,,1,2.5474
520,4,10,81,4,"ARIZONA",4,2,,,,,"",,,,,,,,,,"EARTH'S NATURAL PATTERNS",2,4,2,2,1,1,1,4,4,4,4,4,4,4,4,4,1,1,2,2,1,2,1,,1,0.7332
521,4,10,39,2,"NEVADA",4,1,1,1,1,1,"HOTTER THEN HELL",2,2,1,2,2,3,2,2,2,,,,,,4,4,2,1,1,1,1,1,1,1,2,2,1,7,,,,,,,1,1.1092
522,4,10,55,3,"CALIFORNIA",4,1,2,3,1,98,"TV  AND NEWSPAPER",6,1,2,1,3,2,1,1,3,,,,,,3,4,2,4,4,1,4,1,4,98,1,4,1,1,1,3,2,2,3,2,1,0.7426
523,4,10,48,3,"CALIFORNIA",4,1,2,1,2,2,"NEWS",6,1,1,2,2,1,1,2,1,,,,,,2,4,2,2,4,1,4,1,1,1,1,1,1,1,1,3,5,2,2,5,2,1.2596
524,4,10,41,2,"WASHINGTON",4,2,,,,,"",,,,,,,,,,"NO PROOF",3,4,4,1,98,1,1,4,4,4,4,1,4,4,4,4,10,2,,5,5,4,98,,1,1.081
525,4,10,68,4,"WASHINGTON",4,1,1,2,4,2,"VOLCANOES GOING OFF",10,2,4,4,1,4,4,4,4,,,,,,1,1,1,4,4,4,4,2,4,4,1,1,1,1,1,4,1,2,4,1,2,0.7332
526,4,11,58,3,"CALIFORNIA",4,2,,,,,"",,,,,,,,,,"IT IS THE SAME",1,1,4,2,2,1,2,2,4,2,2,2,2,2,1,2,10,1,2,4,1,1,2,1,1,0.7238
527,4,11,46,3,"SOUTH CAROLINA",2,2,,,,,"",,,,,,,,,,"IT IS A BUNCH OF HYPE",9,4,2,2,1,1,1,4,4,4,4,4,4,4,4,4,1,1,2,4,1,2,2,,2,1.2032
528,4,11,28,1,"FLORIDA",2,1,1,1,1,1,"SCIENTIFIC DOCUMENTARY",4,1,2,1,2,2,1,2,2,,,,,,4,4,4,2,4,2,4,1,1,1,1,1,1,7,,3,1,2,1,2,2,1.316
529,4,11,58,3,"FLORIDA",2,1,2,1,2,98,"DECREASING SEA LEVELS",11,2,3,3,3,3,2,2,2,,,,,,3,3,3,2,3,98,3,2,98,98,98,98,1,2,,2,1,,,,2,1.0246
530,4,11,40,2,"TENNESSEE",2,1,2,3,3,2,"TEMPERATURES ARE WARMER THEN USUAL",2,2,1,2,2,2,2,2,2,,,,,,3,3,3,3,3,3,3,2,2,2,2,2,5,,,5,1,1,3,,1,1.081
531,4,11,50,3,"LOUISIANA",2,1,1,1,1,1,"SCIENCE REPORTS",4,1,1,1,1,1,1,2,1,,,,,,4,4,98,1,1,4,98,1,1,1,1,1,1,6,,5,6,3,2,5,1,0.5828
532,4,11,54,3,"MAINE",1,1,1,1,2,98,"GLACIERS MELTING",1,1,4,3,2,98,2,1,2,,,,,,2,3,2,4,4,2,2,2,2,4,2,2,5,2,,2,5,4,4,2,2,1.1468
533,4,11,66,4,"VERMONT",1,1,2,2,2,2,"PATTERN",9,2,2,2,2,2,2,2,2,,,,,,4,4,2,2,2,1,1,1,1,98,1,1,1,1,1,5,1,4,2,5,1,0.4888
534,4,11,65,4,"CONNECTICUT",1,2,,,,,"",,,,,,,,,,"POLITICAL HOGWASH",7,2,2,2,1,1,1,4,4,4,4,4,4,4,4,4,1,2,,2,1,2,1,,2,0.9306
535,4,11,26,1,"NEW JERSEY",1,1,1,3,1,1,"POLLUTION",8,2,2,3,3,1,2,2,1,,,,,,4,4,3,2,3,98,3,1,98,98,2,2,2,,,4,5,4,3,,2,1.5134
536,4,11,55,3,"NEW YORK",1,1,3,3,1,1,"HOTTER SUMMERS",2,1,1,98,1,1,1,1,1,,,,,,4,3,3,4,4,98,4,1,1,1,1,1,1,1,1,4,5,4,2,5,1,0.6016
537,4,11,62,3,"NEW YORK",1,1,1,3,1,1,"TEMPERATURE CHANGES",2,1,2,2,2,2,2,2,2,,,,,,4,4,4,2,2,2,2,1,2,1,98,3,10,6,,4,1,1,5,,1,0.7238
538,4,11,44,2,"PENNSYLVANIA",1,1,1,3,1,1,"MELTING ICE CAPS",1,1,2,1,2,1,1,1,1,,,,,,3,4,3,3,2,4,3,4,4,4,3,1,10,,,2,1,3,2,2,1,1.3254
539,4,11,60,3,"PENNSYLVANIA",1,1,1,3,1,1,"WEATHER CHANGES",3,2,1,3,2,1,2,2,1,,,,,,4,4,4,1,2,98,2,1,2,1,2,2,1,2,,4,5,1,5,,2,0.8272
540,4,11,51,3,"PENNSYLVANIA",1,2,,,,,"",,,,,,,,,,"NO INCREASE FROM GLOBAL WARMING",8,3,4,1,2,1,1,4,4,3,4,4,4,4,3,4,1,6,,2,1,2,1,4,2,1.0528
541,4,11,99,5,"PENNSYLVANIA",1,1,2,3,1,1,"PAST WINTERS",3,1,2,2,2,1,2,2,2,,,,,,4,4,2,4,4,1,4,1,2,2,1,1,1,1,2,2,1,2,2,3,2,0.94
542,4,11,55,3,"VIRGINIA",2,2,,,,,"",,,,,,,,,,"WEATHER",2,1,1,1,1,1,1,4,4,4,4,4,4,4,2,98,2,1,1,4,3,4,1,6,1,0.752
543,4,11,48,3,"VIRGINIA",2,1,2,3,2,2,"WARM WINTERS",2,1,1,2,2,1,1,2,2,,,,,,3,3,3,3,3,2,3,2,2,2,2,3,2,1,2,2,1,4,3,,1,1.5134
544,4,11,37,2,"WEST VIRGINIA",2,1,1,1,1,1,"WEATHER CHANGES",3,2,2,2,1,1,1,1,1,,,,,,4,4,4,4,4,2,4,2,1,2,1,2,1,1,1,2,1,1,3,2,2,1.4288
545,4,11,18,1,"NORTH CAROLINA",2,98,,,,,"",,,,,,,,,,,,,,,98,98,98,98,4,98,4,98,2,98,98,4,1,2,,2,1,4,3,2,2,1.4288
546,4,11,66,4,"NORTH CAROLINA",2,1,2,3,2,2,"READING",6,1,2,2,3,2,2,2,2,,,,,,3,3,2,2,2,3,2,2,2,98,2,2,1,1,2,5,1,1,3,3,2,0.7708
547,4,11,51,3,"IDAHO",4,1,1,3,1,1,"WEATHER AND ICE MELTING",3,1,1,1,1,1,1,1,1,,,,,,4,4,3,4,4,1,4,1,1,4,1,1,1,1,2,3,5,2,3,2,1,0.7426
548,4,11,82,4,"GEORGIA",2,2,,,,,"",,,,,,,,,,"A BUNCH OF POLITICAL HYPE",7,3,2,2,1,1,1,4,4,4,4,4,4,4,4,4,2,2,,1,1,,,,1,1.0152
549,4,11,43,2,"MASSACHUSETTS",1,1,2,3,2,2,"OZONE LAYER",10,1,1,2,1,1,1,1,1,,,,,,4,4,4,1,2,2,2,1,2,2,2,2,1,7,,5,2,1,5,,1,0.987
550,4,11,42,2,"FLORIDA",2,1,1,1,1,1,"AIR QUALITY AND BREATHING CONDITIONS",8,2,2,4,2,3,2,3,2,,,,,,4,4,4,4,4,4,4,2,2,4,1,98,1,1,2,4,1,2,1,3,2,1.2596
551,4,11,39,2,"MISSISSIPPI",2,98,,,,,"",,,,,,,,,,,,,,,3,2,1,4,4,2,4,1,1,1,1,2,2,1,1,4,1,1,3,2,1,1.3442
552,4,11,61,3,"KENTUCKY",2,2,,,,,"",,,,,,,,,,"SAME AS ALWAYS",1,1,4,2,1,2,2,3,4,98,4,4,98,3,1,2,1,,,2,1,1,2,,2,1.0246
553,4,11,55,3,"OHIO",3,1,1,2,1,1,"POLAR ICE CAPS",1,1,1,2,1,1,1,1,1,,,,,,4,4,4,1,1,1,1,1,98,98,1,1,2,1,1,4,1,98,4,4,2,1.1656
554,4,11,58,3,"OHIO",3,1,2,3,2,1,"MELTING POLAR ICE CAPS",1,1,2,2,2,2,2,2,2,,,,,,3,3,3,2,3,2,2,2,2,98,2,3,1,6,,4,1,1,4,,2,0.8272
555,4,11,56,3,"INDIANA",3,2,,,,,"",,,,,,,,,,"CYCLES",2,3,3,2,1,1,1,4,4,98,4,4,4,4,2,2,1,1,1,2,1,2,2,3,2,1.081
556,4,11,26,1,"MICHIGAN",3,1,3,3,2,98,"WEATHER",3,1,3,3,3,3,2,2,2,,,,,,1,4,1,2,2,2,2,1,2,2,2,2,1,6,,5,1,4,2,2,1,1.0152
557,4,11,50,3,"IOWA",3,2,,,,,"",,,,,,,,,,"COMMON SENSE",8,3,4,1,1,1,1,4,4,4,4,2,98,4,1,4,1,1,1,1,1,2,1,4,1,0.8272
558,4,11,74,4,"MINNESOTA",3,98,,,,,"",,,,,,,,,,,,,,,98,98,98,3,4,98,3,2,98,98,98,98,1,6,,1,1,,,,2,0.9024
559,4,11,63,3,"ILLINOIS",3,98,,,,,"",,,,,,,,,,,,,,,1,1,1,3,4,4,4,3,1,4,1,1,1,1,1,2,1,2,2,1,2,1.0246
560,4,11,57,3,"MISSOURI",3,1,98,3,2,98,"GLACIERS",1,1,4,98,3,4,4,4,4,,,,,,98,98,98,3,3,4,3,2,4,4,98,98,1,1,2,5,1,1,3,4,2,0.8366
561,4,11,66,4,"GEORGIA",2,2,,,,,"",,,,,,,,,,"WARMER ALL THE TIME",1,4,1,4,4,3,2,4,4,4,2,2,1,1,2,4,9,1,2,1,1,1,5,2,2,2.2748
562,4,11,74,4,"OKLAHOMA",2,1,3,1,4,2,"NATURE",9,3,4,3,3,3,3,4,4,,,,,,2,2,1,4,4,4,1,4,2,4,2,1,1,1,1,3,1,2,3,3,1,0.6768
563,4,11,66,4,"TEXAS",2,2,,,,,"",,,,,,,,,,"JUST DO NOT BELIEVE IT",8,4,2,2,1,1,1,4,4,4,4,2,4,4,3,3,9,2,,2,1,2,1,,2,2.2748
564,4,11,29,1,"TEXAS",2,2,,,,,"",,,,,,,,,,"SCIENTIFIC EVIDENCE",5,2,,1,1,2,1,4,4,4,4,1,2,3,1,1,1,1,2,3,1,2,1,3,2,1.3442
565,4,11,75,4,"TEXAS",2,2,,,,,"",,,,,,,,,,"NO REAL SCIENTIFIC EVIDENCE",3,3,,2,1,1,1,4,4,4,4,4,4,4,3,3,1,2,,2,1,2,2,,1,0.7332
566,4,11,39,2,"ARIZONA",4,2,,,,,"",,,,,,,,,,"SAME AS ALWAYS WHERE I LIVE",1,1,4,4,1,2,1,4,4,4,4,1,4,4,2,2,1,1,2,4,1,2,1,3,2,1.2596
567,4,11,81,4,"NEW MEXICO",4,98,,,,,"",,,,,,,,,,,,,,,2,2,2,98,2,2,3,2,2,98,1,1,9,7,,1,1,1,,3,1,2.1056
568,4,11,45,3,"NEVADA",4,98,,,,,"",,,,,,,,,,,,,,,3,3,3,4,4,3,4,1,2,2,1,2,5,,,2,1,3,2,2,1,1.3254
569,4,11,18,1,"CALIFORNIA",4,2,,,,,"",,,,,,,,,,"WEATHER CYCLES",2,2,1,1,1,1,1,4,4,4,4,1,4,4,1,1,1,1,2,2,1,4,2,1,1,1.2032
570,4,11,52,3,"WASHINGTON",4,1,1,3,2,1,"WARMER THAN USUAL",2,2,1,4,2,2,1,1,1,,,,,,4,3,2,4,3,2,4,1,2,2,1,2,1,6,,2,6,3,98,2,1,0.8554
571,4,11,50,3,"ALASKA",4,1,1,2,98,2,"PHYSICAL MEASUREMENTS",4,2,3,4,4,4,4,4,2,,,,,,3,2,2,4,4,4,4,2,2,2,2,2,1,6,,3,5,98,2,6,1,0.5264
572,4,12,69,4,"COLORADO",4,1,1,3,1,1,"GLACIERS ARE MELTING",1,1,1,3,1,1,1,1,1,,,,,,4,4,2,2,4,3,4,1,4,1,1,1,1,1,2,3,2,,,,1,0.6204
573,4,12,69,4,"ALABAMA",2,1,1,2,2,1,"WARMER WINTERS",2,2,1,4,2,1,2,3,2,,,,,,4,4,4,4,4,2,4,1,1,1,1,1,1,1,2,4,1,2,1,4,2,0.7614
574,4,12,33,2,"NORTH CAROLINA",2,1,2,3,2,1,"CHANGE IN WEATER",3,2,1,2,2,1,1,1,2,,,,,,3,3,2,2,3,2,3,1,1,1,1,1,1,1,2,5,5,4,3,4,2,1.2126
575,4,12,49,3,"VIRGINIA",2,1,2,1,2,1,"POLLUTION",8,1,1,3,3,2,3,1,2,,,,,,4,3,3,2,2,2,2,2,1,2,1,1,1,1,2,4,5,2,2,,2,1.2032
576,4,12,28,1,"ARIZONA",4,1,1,1,1,1,"ARIZONA SUMMERS ARE HOTTER",2,1,1,1,98,1,98,1,1,,,,,,4,4,4,4,4,1,4,1,1,1,1,1,9,1,2,5,5,1,4,5,1,2.303
577,4,12,52,3,"MASSACHUSETTS",1,1,98,3,2,2,"NEWS",6,2,2,98,4,2,2,2,2,,,,,,2,1,1,3,3,98,4,1,4,4,4,3,1,7,,3,5,4,3,,1,0.7144
578,4,12,56,3,"MAINE",1,2,,,,,"",,,,,,,,,,"BIBLE",6,2,4,4,1,98,98,4,4,4,4,2,4,4,1,1,1,2,,4,1,1,3,3,2,0.8836
579,4,12,28,1,"NEW JERSEY",1,1,1,3,1,1,"OZONE LAYER DISAPPEARING",10,1,1,3,1,1,1,2,1,,,,,,4,4,4,4,4,2,4,1,2,1,1,1,1,6,,4,1,4,5,3,2,1.2596
580,4,12,49,3,"NEW JERSEY",1,1,2,3,2,1,"WEATHER CHANGES",3,1,2,3,3,2,2,2,2,,,,,,4,4,4,1,2,1,2,1,2,2,2,2,1,1,2,2,1,1,5,,2,1.4006
581,4,12,32,2,"NEW YORK",1,2,,,,,"",,,,,,,,,,"FAITH IN HIGHER POWER THAT EVERYTHING IS IN CONTROL",6,3,4,4,2,2,1,4,4,4,4,1,1,98,1,2,1,1,1,3,1,2,3,1,1,1.0904
582,4,12,56,3,"NEW YORK",1,1,1,1,1,1,"MELTING OF GLACIERS",1,1,1,1,1,1,1,1,1,,,,,,4,3,2,1,1,1,1,1,1,1,1,1,1,1,98,5,5,1,4,6,2,0.6204
583,4,12,28,1,"NEW YORK",1,1,1,3,3,2,"NEWSPAPERS",6,3,3,3,4,3,3,3,3,,,,,,3,3,2,4,4,4,4,2,2,4,2,3,1,2,,5,1,,98,,2,1.1844
584,4,12,41,2,"PENNSYLVANIA",1,1,1,3,1,1,"INDUSTRIAL POLLUTION",8,2,2,2,2,1,1,3,2,,,,,,4,3,3,1,4,1,2,1,1,1,98,98,1,1,2,3,5,4,1,1,2,1.2878
585,4,12,18,1,"PENNSYLVANIA",1,1,1,2,2,2,"WEATHER",3,2,1,98,2,1,1,2,1,,,,,,1,1,1,4,4,4,4,2,98,98,2,2,1,2,,2,5,4,3,1,1,1.2032
586,4,12,40,2,"VIRGINIA",2,1,1,3,1,1,"WEATHER REPORTS",3,1,1,2,1,1,1,1,2,,,,,,4,4,3,2,4,2,2,2,2,2,1,2,1,2,,5,1,4,5,5,2,1.1562
587,4,12,70,4,"WEST VIRGINIA",2,1,2,3,3,2,"MELTING GLACIERS",1,1,4,98,4,4,2,4,4,,,,,,4,1,1,2,4,98,4,4,4,4,1,1,1,1,1,2,1,1,2,4,2,0.9588
588,4,12,48,3,"PENNSYLVANIA",1,1,1,3,1,1,"MELTING",1,1,2,2,1,2,1,1,1,,,,,,4,3,3,2,2,2,98,2,1,2,1,1,1,6,,5,4,4,3,,1,0.987
589,4,12,60,3,"SOUTH CAROLINA",2,1,1,1,1,1,"WARMER",2,1,1,1,98,1,98,1,1,,,,,,1,4,3,4,4,98,3,4,98,98,98,98,10,7,,,,,,,1,0.8272
590,4,12,54,3,"GEORGIA",2,2,,,,,"",,,,,,,,,,"NOT ENOUGH YEARS OF DATA",3,4,98,2,1,1,2,4,4,98,4,4,2,4,2,2,1,1,2,3,5,2,2,6,2,0.7238
591,4,12,44,2,"FLORIDA",2,2,,,,,"",,,,,,,,,,"POLITICS TAKES TOO MUCH PART IN SCIENCE",7,4,4,1,1,2,2,3,3,4,4,3,3,2,2,98,9,2,,4,98,3,2,4,1,2.3782
592,4,12,72,4,"FLORIDA",2,1,2,1,2,1,"WEATHER CHANGES",3,1,4,3,2,4,2,2,2,,,,,,4,4,4,2,3,98,3,2,98,98,2,3,1,1,2,2,1,1,3,,2,0.9306
593,4,12,88,4,"FLORIDA",2,1,1,1,1,1,"READING",6,1,3,2,2,4,2,2,2,,,,,,4,4,4,1,2,1,2,1,2,1,2,2,1,,,5,2,1,5,,1,0.517
594,4,12,99,5,"FLORIDA",2,2,,,,,"",,,,,,,,,,"RECORDS",5,4,2,2,2,2,1,4,4,4,4,2,4,4,1,1,1,1,2,5,1,2,1,6,1,0.94
595,4,12,29,1,"TENNESSEE",2,1,1,2,1,1,"PAST WINTER THERE WAS NO SNOW",3,1,1,3,2,1,1,3,2,,,,,,4,4,4,4,4,4,4,1,1,2,1,1,1,6,,3,1,1,3,2,2,1.316
596,4,12,34,2,"OHIO",3,2,,,,,"",,,,,,,,,,"WHACK",9,4,4,3,1,1,1,4,4,4,4,4,4,4,4,4,2,98,,3,1,2,1,,1,1.4006
597,4,12,75,4,"OHIO",3,1,1,1,1,1,"OBSERVATION",2,1,1,4,1,1,1,1,1,,,,,,4,4,4,4,4,2,4,1,1,1,1,1,1,1,1,2,1,1,3,2,2,0.9588
598,4,12,63,3,"INDIANA",3,1,1,1,2,1,"POLLUTION",8,2,2,2,2,2,2,2,2,,,,,,4,4,3,2,2,2,2,1,2,2,98,3,1,2,,2,3,1,5,,1,0.8272
599,4,12,33,2,"MICHIGAN",3,1,1,3,1,1,"TEMPERATURES",2,1,1,98,98,1,1,1,1,,,,,,4,4,4,1,4,98,4,1,1,1,1,1,1,6,,3,5,4,2,2,2,1.316
600,4,12,51,3,"IOWA",3,98,,,,,"",,,,,,,,,,,,,,,3,3,3,4,4,2,4,1,2,2,1,1,1,1,1,4,1,1,2,3,2,0.8836
601,4,12,84,4,"MINNESOTA",3,1,1,2,1,1,"WEATHER CHANGES",3,1,1,1,2,1,2,2,1,,,,,,2,2,3,2,3,3,4,2,98,2,1,98,1,1,2,4,3,1,3,2,2,0.7614
602,4,12,65,4,"MINNESOTA",3,1,1,3,1,1,"NO SNOW THIS WINTER",3,1,1,1,1,1,1,2,1,,,,,,4,4,4,2,1,2,3,1,1,1,1,1,1,,,4,5,4,3,4,2,0.7614
603,4,12,65,4,"ILLINOIS",3,98,,,,,"",,,,,,,,,,,,,,,98,4,3,4,4,4,4,1,2,2,1,1,1,1,1,5,3,1,3,2,2,0.7426
604,4,12,58,3,"KANSAS",3,2,,,,,"",,,,,,,,,,"GOD HANDLES THE WEATHER",6,4,4,4,1,1,1,4,4,4,4,4,4,4,4,4,1,1,1,2,2,2,1,,1,0.8272
605,4,12,78,4,"MISSOURI",3,1,1,1,1,1,"DEPLETION OF RESOURCES",8,1,2,4,2,3,1,2,2,,,,,,4,4,4,2,4,3,4,2,2,3,1,1,1,1,2,3,1,2,1,3,1,0.6768
606,4,12,82,4,"NEBRASKA",3,2,,,,,"",,,,,,,,,,"JUST DO NOT SEE IT",1,1,4,4,1,98,98,4,4,4,4,1,4,1,1,1,1,1,2,2,1,1,3,2,2,0.9588
607,4,12,32,2,"LOUISIANA",2,1,2,3,1,1,"DRAMATIC TEMPERATURE CHANGES",2,1,1,3,98,4,98,2,1,,,,,,3,3,3,98,98,98,98,2,2,2,2,2,1,2,,3,5,,,3,2,1.3442
608,4,12,77,4,"ARKANSAS",2,1,1,2,3,2,"NATURAL",9,4,4,4,4,4,4,4,4,,,,,,4,1,1,4,4,4,4,1,4,4,4,4,10,1,1,1,6,1,1,,1,0.799
609,4,12,56,3,"OKLAHOMA",2,98,,,,,"",,,,,,,,,,,,,,,4,4,1,4,4,3,4,1,1,1,1,1,1,1,1,4,1,2,3,6,2,0.6392
610,4,12,67,4,"TEXAS",2,2,,,,,"",,,,,,,,,,"WEATHER",2,1,1,2,1,1,1,4,4,4,4,2,4,4,2,2,10,,,3,1,3,2,1,2,0.9118
611,4,12,56,3,"TEXAS",2,1,1,1,1,1,"WINTER WARMTH",2,1,1,2,1,1,2,2,1,,,,,,4,3,3,1,1,2,2,1,2,2,1,1,9,6,,5,5,1,4,6,1,1.7672
612,4,12,45,3,"TEXAS",2,2,,,,,"",,,,,,,,,,"SCIENCE",5,4,,2,1,1,1,4,4,4,3,1,2,98,98,98,1,1,2,5,5,4,1,,1,0.987
613,4,12,46,3,"IDAHO",4,1,2,3,2,1,"RAIN FORESTS",10,2,2,2,3,3,2,3,3,,,,,,3,3,3,3,3,3,3,2,2,2,2,3,1,2,,2,1,2,2,,1,1.2032
614,4,12,41,2,"UTAH",4,1,1,1,1,1,"GLACIERS ARE MELTING",1,1,1,1,1,1,1,1,1,,,,,,4,4,4,4,4,4,4,1,98,1,1,4,1,1,2,2,1,3,3,2,2,1.4288
615,4,12,56,3,"ARIZONA",4,1,1,1,1,1,"HEAT FROM THE SUN",10,1,1,3,2,3,1,3,2,,,,,,4,4,4,2,4,1,2,1,2,1,1,1,1,1,2,4,1,1,4,3,1,0.6862
616,4,12,76,4,"CALIFORNIA",4,2,,,,,"",,,,,,,,,,"THE BIBLE",6,3,2,2,1,2,2,3,3,3,3,2,3,4,3,3,1,1,2,4,1,2,2,,2,0.7332
617,4,12,59,3,"CALIFORNIA",4,98,,,,,"",,,,,,,,,,,,,,,3,3,2,4,4,2,4,2,2,2,1,1,1,1,2,3,1,4,4,3,2,0.9682
618,4,12,66,4,"CALIFORNIA",4,2,,,,,"",,,,,,,,,,"CYCLES",2,4,4,1,3,3,1,4,4,4,4,4,3,4,4,4,1,1,2,4,5,2,3,5,1,0.5076
619,4,12,55,3,"OREGON",4,2,,,,,"",,,,,,,,,,"PATTERNS",2,3,4,3,2,4,4,4,4,98,4,4,4,4,4,4,1,1,98,3,5,2,2,4,1,0.7426
620,4,12,53,3,"WASHINGTON",4,1,1,1,1,1,"POLAR CAPS MELTING",1,1,2,2,3,2,2,2,1,,,,,,4,4,3,2,2,2,2,1,2,2,2,2,9,6,,4,3,1,4,,2,2.1714
621,4,12,35,2,"ALASKA",4,1,1,3,4,2,"WEATHER",3,3,2,4,4,3,4,3,3,,,,,,1,1,1,4,4,4,3,3,4,4,4,4,1,2,,4,5,4,2,6,1,0.8178
622,4,13,99,5,"FLORIDA",2,2,,,,,"",,,,,,,,,,"CYCLICLE",2,3,3,1,2,1,1,4,4,4,4,3,3,4,2,3,1,1,1,4,1,2,1,,2,0.94
623,4,13,44,2,"SOUTH CAROLINA",2,1,2,2,4,2,"TEMPERATURES ARE INCREASING",2,3,4,3,4,2,3,3,3,,,,,,2,2,2,3,3,98,3,2,3,3,2,2,10,2,,2,5,4,5,4,1,1.3254
624,4,13,54,3,"KANSAS",3,2,,,,,"",,,,,,,,,,"JUST DONT BELIEVE IT IS",8,4,,1,1,2,2,2,3,4,4,2,2,4,2,2,1,2,,1,1,1,3,6,1,0.611
625,4,13,65,4,"OHIO",3,2,,,,,"",,,,,,,,,,"IT IS A CROCK",9,1,4,4,1,1,1,2,4,4,4,1,1,1,1,1,1,6,,3,1,4,3,3,1,0.6768
626,4,13,50,3,"VIRGINIA",2,2,,,,,"",,,,,,,,,,"WEATHER",2,1,3,4,2,3,3,3,4,2,3,1,1,98,1,1,1,1,2,4,1,2,1,5,1,0.6016
627,4,13,55,3,"PENNSYLVANIA",1,1,1,1,1,1,"WARMEST WINTER HE CAN REMEMBER",2,1,2,2,2,2,2,2,1,,,,,,3,3,3,4,4,4,4,98,98,1,1,4,1,6,,2,1,1,3,4,1,0.8554
628,4,13,50,3,"LOUISIANA",2,1,1,1,2,2,"ATMOSPHERE",10,2,2,2,2,2,2,2,2,,,,,,1,1,2,4,4,3,4,3,3,4,4,4,10,6,,2,1,2,4,3,2,1.175
629,4,13,28,1,"MINNESOTA",3,1,1,3,2,98,"NO COMMENT",10,1,2,98,1,2,1,1,2,,,,,,4,4,1,2,2,3,4,98,1,1,98,4,1,7,,4,2,1,98,1,2,1.2032
630,4,13,62,3,"TENNESSEE",2,1,1,1,2,2,"MY LONG YEARS",2,2,2,4,4,2,4,2,2,,,,,,3,3,3,3,3,2,4,2,2,98,98,98,1,,,2,1,98,98,1,1,0.8272
631,4,13,55,3,"TEXAS",2,98,,,,,"",,,,,,,,,,,,,,,98,98,98,98,4,98,4,2,98,98,98,98,9,2,,2,1,,,,1,2.1714
632,4,13,18,1,"MASSACHUSETTS",1,1,1,3,2,1,"DATA",4,2,4,2,3,3,3,3,3,,,,,,4,4,2,3,3,4,3,4,2,2,1,2,1,5,,2,6,4,5,,1,1.2032
633,4,13,45,3,"NEW JERSEY",1,1,1,1,1,1,"MY FARM GROUND DOESNT FREEZE IN WINTER ANYMORE",2,1,1,3,1,1,1,1,1,,,,,,4,4,4,1,1,1,1,1,1,1,1,1,1,1,2,4,5,4,3,4,2,1.2314
634,4,13,37,2,"NEW YORK",1,2,,,,,"",,,,,,,,,,"MEDIA HYPE",4,2,4,4,1,1,1,4,4,4,4,1,4,4,1,2,2,1,1,3,1,1,3,4,1,1.4288
635,4,13,53,3,"NEW YORK",1,1,1,3,1,1,"ICE MELTING",1,1,2,3,2,2,2,2,2,,,,,,4,4,4,2,3,2,3,1,2,2,2,2,1,2,,4,1,1,3,,2,0.8272
636,4,13,32,2,"NEW YORK",1,1,1,1,1,1,"WARMER SUMMERS AND ALMOST NO WINTER",2,1,1,4,3,1,1,2,2,,,,,,4,4,4,4,4,4,4,1,1,1,1,1,1,1,2,2,1,4,2,2,1,1.2314
637,4,13,42,2,"NEW JERSEY",1,1,1,1,1,1,"FOSSIL FUEL POLLUTION",8,1,1,3,3,1,1,3,2,,,,,,4,4,4,2,4,1,4,1,1,1,1,1,1,7,,4,5,2,1,3,1,1.0622
638,4,13,51,3,"PENNSYLVANIA",1,1,1,1,1,1,"INCREASED CARBON",8,2,2,2,3,2,2,2,2,,,,,,4,4,4,2,2,2,2,1,2,2,2,2,1,1,2,4,2,1,5,,1,0.6298
639,4,13,99,5,"PENNSYLVANIA",1,1,1,1,1,1,"MELTING",1,1,1,2,2,1,98,1,1,,,,,,4,4,4,2,2,2,2,1,1,1,1,2,1,6,,4,2,4,4,,2,0.94
640,4,13,39,2,"VIRGINIA",2,1,1,1,1,1,"CO2 LEVEL",4,2,2,4,4,1,1,1,2,,,,,,4,4,4,4,4,1,4,1,1,1,1,1,1,2,,5,5,1,5,4,1,1.0152
641,4,13,39,2,"MICHIGAN",3,1,1,3,1,1,"OBSERVATION",2,2,1,2,2,1,4,4,4,,,,,,3,4,3,4,4,4,4,1,98,98,1,1,1,2,,4,1,3,3,6,1,0.8178
642,4,13,36,2,"NORTH CAROLINA",2,98,,,,,"",,,,,,,,,,,,,,,2,3,1,2,4,3,4,1,1,1,1,1,1,1,1,3,1,2,1,3,2,1.3442
643,4,13,66,4,"ILLINOIS",3,98,,,,,"",,,,,,,,,,,,,,,1,2,2,3,4,2,3,2,2,2,3,2,1,2,,4,1,4,3,2,1,0.564
644,4,13,63,3,"GEORGIA",2,1,4,3,1,2,"CLIMATE",3,1,1,2,2,1,1,1,1,,,,,,4,4,4,1,1,98,98,1,1,1,1,1,1,1,1,3,5,4,2,,2,0.9118
645,4,13,59,3,"FLORIDA",2,98,,,,,"",,,,,,,,,,,,,,,3,4,2,4,4,98,4,1,98,1,1,1,2,2,,2,1,1,3,1,1,1.1374
646,4,13,59,3,"FLORIDA",2,1,2,3,2,2,"WEATHER",3,1,1,98,2,2,2,2,1,,,,,,4,2,2,3,4,3,4,1,4,4,1,2,10,1,2,3,1,4,98,3,2,1.0622
647,4,13,36,2,"FLORIDA",2,1,1,3,1,2,"PEOPLE",8,1,1,1,4,3,98,1,1,,,,,,3,1,1,98,2,98,4,98,98,98,98,98,5,,,2,6,,98,,1,1.2972
648,4,13,58,3,"ALABAMA",2,1,2,3,1,1,"WEATHER CHANGES, NO WINTER  THIS YEAR",3,2,1,98,2,1,4,1,2,,,,,,98,2,98,2,4,98,4,2,2,2,2,98,10,1,2,4,1,1,1,98,2,0.9212
649,4,13,69,4,"ALABAMA",2,1,3,2,2,2,"WEATHER",3,2,2,3,3,2,2,2,2,,,,,,1,1,1,4,4,98,4,4,4,4,1,2,1,1,2,3,1,1,3,4,1,0.6486
650,4,13,26,1,"WEST VIRGINIA",2,2,,,,,"",,,,,,,,,,"DO NOT SEE ANY CHANGES",1,3,3,2,1,1,2,4,4,3,4,3,3,3,3,3,2,1,1,2,1,,,98,1,1.5134
651,4,13,60,3,"OHIO",3,1,2,2,4,2,"NONE",10,4,2,4,3,3,4,3,3,,,,,,2,2,1,4,4,98,4,2,2,2,3,3,2,1,1,3,2,1,5,3,2,1.2784
652,4,13,22,1,"INDIANA",3,1,1,3,1,1,"POLAR ICE CAPS",1,1,2,4,2,2,1,3,2,,,,,,4,4,2,4,4,3,4,1,1,1,1,1,1,,,4,5,4,3,4,1,1.034
653,4,13,72,4,"IOWA",3,2,,,,,"",,,,,,,,,,"CYCLES",2,4,4,4,4,2,2,4,4,2,4,4,1,98,1,1,1,1,1,5,1,2,3,3,2,0.7708
654,4,13,65,4,"MINNESOTA",3,1,2,98,2,2,"LACK OF A COLD WINTER",2,1,1,2,2,1,2,2,2,,,,,,2,3,2,1,1,4,98,2,1,1,1,1,1,1,2,5,2,4,5,6,2,0.5264
655,4,13,69,4,"MISSOURI",3,2,,,,,"",,,,,,,,,,"MEDIA BLOWS IT OUT OF PROPORTION",4,1,,1,1,3,1,4,4,4,4,1,1,3,1,1,1,7,,2,1,2,1,2,1,0.7614
656,4,13,67,4,"NEBRASKA",3,1,1,1,1,1,"NEWS REPORTS",6,2,3,4,2,2,2,3,2,,,,,,4,4,4,4,4,2,4,1,1,1,1,1,1,6,,3,1,2,1,2,2,0.846
657,4,13,75,4,"LOUISIANA",2,2,,,,,"",,,,,,,,,,"THERE IS NO SUCH THING",8,1,,4,1,1,1,4,4,4,4,4,4,4,98,98,2,1,2,2,2,1,2,1,1,1.0434
658,4,13,69,4,"OKLAHOMA",2,1,3,2,2,2,"SEASONS",3,2,2,4,4,3,2,2,2,,,,,,3,2,1,4,4,4,4,2,3,3,3,4,1,2,,2,1,2,4,6,2,0.7426
659,4,13,79,4,"TEXAS",2,1,1,1,1,1,"SEVERE WEATHER PATTERNS",3,1,1,4,1,3,1,1,1,,,,,,4,4,4,2,2,2,4,1,1,1,1,1,1,7,,2,1,2,1,2,1,0.7614
660,4,13,46,3,"TEXAS",2,2,,,,,"",,,,,,,,,,"PLENTY OF RAIN AND DECREASE IN TEMPERATURES",1,2,,1,98,2,98,3,3,98,4,2,98,2,3,3,1,1,2,3,5,2,3,6,2,1.0998
661,4,13,29,1,"COLORADO",4,2,,,,,"",,,,,,,,,,"READING",5,4,4,4,1,1,1,4,4,4,4,1,4,4,1,1,1,1,2,2,3,2,1,2,1,1.2314
662,4,13,24,1,"IDAHO",4,1,2,1,1,1,"DATA",4,1,2,2,1,2,1,1,2,,,,,,2,98,3,2,1,2,2,1,1,2,2,2,1,2,,2,1,2,2,2,1,1.2314
663,4,13,69,4,"UTAH",4,2,,,,,"",,,,,,,,,,"ALWAYS COLD",1,4,1,1,2,1,1,4,4,4,4,1,4,4,1,3,1,1,2,2,1,4,3,1,2,0.9306
664,4,13,18,1,"CALIFORNIA",4,2,,,,,"",,,,,,,,,,"RISING WATER LEVELS",9,3,4,2,4,3,3,2,2,1,2,1,1,2,2,2,9,1,2,3,5,3,3,3,2,2.6884
665,4,13,79,4,"CALIFORNIA",4,2,,,,,"",,,,,,,,,,"SCIENCE",5,3,1,1,1,1,1,4,4,4,4,4,4,4,2,2,10,1,2,4,5,2,1,3,1,0.6862
666,4,13,70,4,"CALIFORNIA",4,1,1,3,1,2,"BECAUSE IT IS HAPPENING",2,1,2,98,3,2,2,2,2,,,,,,2,3,2,3,4,4,3,2,3,3,3,3,1,1,2,3,1,1,5,2,2,0.846
667,4,13,20,1,"OREGON",4,1,1,1,1,1,"WEATHER CHANGES",3,1,2,3,3,2,1,3,3,,,,,,4,4,4,1,3,98,3,1,98,98,2,2,1,7,,2,5,4,4,98,2,1.4006
668,4,13,59,3,"WASHINGTON",4,1,1,1,1,98,"NONE",10,3,4,4,4,4,3,4,3,,,,,,1,1,1,4,1,2,3,1,2,1,1,2,1,,,4,3,4,4,5,2,0.799
669,4,14,69,4,"MICHIGAN",3,1,2,1,1,1,"BURNING OF FOSSIL FUELS",8,1,2,1,98,1,3,3,3,,,,,,4,4,3,4,4,2,4,3,2,2,1,2,1,2,,5,2,4,2,5,1,0.4888
670,4,14,50,3,"PENNSYLVANIA",1,1,1,1,1,1,"ICE CAPS",1,1,4,1,1,2,1,2,2,,,,,,4,4,4,2,1,2,2,1,1,1,1,1,1,2,,4,1,1,5,6,2,0.6392
671,4,14,38,2,"TENNESSEE",2,1,1,3,1,1,"ICE CAPS MELTING",1,1,1,3,1,1,1,1,1,,,,,,4,4,98,1,1,1,1,1,1,1,1,1,10,6,,5,5,2,2,2,1,1.1092
672,4,14,25,1,"NORTH CAROLINA",2,1,2,3,2,2,"WARMER WEATHER",2,2,2,2,3,2,2,3,2,,,,,,1,2,2,3,4,98,4,4,1,1,98,98,1,6,,3,2,,,,1,1.0904
673,4,14,45,3,"NEW YORK",1,2,,,,,"",,,,,,,,,,"WEATHER PATTERNS",2,4,2,4,1,2,2,4,4,4,4,4,3,3,2,3,1,1,1,2,1,1,2,5,1,1.175
674,4,14,73,4,"VIRGINIA",2,1,1,1,1,1,"SCIENTIFIC BACKGROUND",4,1,1,1,1,1,1,1,1,,,,,,4,4,4,2,4,2,2,1,1,1,1,1,2,1,1,5,1,1,3,4,1,0.8554
675,4,14,48,3,"NEW JERSEY",1,2,,,,,"",,,,,,,,,,"NONE",8,2,1,1,1,1,1,4,4,4,4,2,4,4,3,3,1,1,2,2,2,2,2,,1,1.2032
676,4,14,37,2,"NEW JERSEY",1,2,,,,,"",,,,,,,,,,"NOT ENOUGH SCIENTIFIC DATA",3,3,2,2,2,2,2,3,4,98,3,3,98,98,98,3,1,2,,4,1,2,3,,2,1.2032
677,4,14,61,3,"NEW YORK",1,1,1,3,1,1,"PERSONAL OBSERVATIONS",2,1,2,3,2,2,1,3,1,,,,,,4,4,2,2,2,2,4,1,1,3,1,1,1,1,2,5,3,1,5,6,2,0.6204
678,4,14,99,5,"NEW YORK",1,1,2,1,2,98,"HUMAN POLLUTION",8,2,2,2,3,2,98,98,2,,,,,,3,3,3,1,4,2,4,1,1,2,1,3,2,3,,5,6,,,,2,0.94
679,4,14,45,3,"PENNSYLVANIA",1,1,1,1,1,1,"HOT SUMMERS AND NO WINTERS",2,1,1,4,2,1,1,3,2,,,,,,4,4,4,4,4,4,4,1,1,1,1,1,1,1,2,4,1,2,1,4,1,1.034
680,4,14,49,3,"PENNSYLVANIA",1,1,1,2,4,2,"SUN SPOTS",10,4,3,3,3,1,3,3,3,,,,,,2,4,3,4,4,4,4,2,4,2,1,1,1,6,,3,1,2,2,,1,1.0904
681,4,14,62,3,"MARYLAND",2,1,1,3,1,1,"HOTTER",2,1,1,2,1,1,1,1,1,,,,,,4,4,4,2,4,98,4,4,4,1,1,4,2,1,1,3,1,1,3,,2,1.222
682,4,14,99,5,"VIRGINIA",2,98,,,,,"",,,,,,,,,,,,,,,2,98,2,2,2,2,98,2,2,2,2,2,,,,2,5,,,,1,0.94
683,4,14,48,3,"TEXAS",2,1,1,1,1,1,"POLLUTION",8,1,2,2,4,4,3,1,2,,,,,,4,4,3,2,3,3,2,1,1,1,1,1,9,2,,4,5,4,3,2,1,2.3782
684,4,14,36,2,"WEST VIRGINIA",2,1,1,2,2,2,"SEASONS WARMER",2,2,1,4,4,2,4,2,4,,,,,,2,1,1,4,4,2,4,1,2,4,2,2,1,6,,2,1,2,3,6,1,1.0152
685,4,14,42,2,"SOUTH CAROLINA",2,1,1,3,1,1,"REDUCTION IN GLACIER BASE IN ARTIC",1,1,4,2,2,4,2,4,4,,,,,,4,4,4,4,4,4,3,1,3,3,2,2,1,6,,5,5,4,4,6,2,0.9964
686,4,14,54,3,"GEORGIA",2,2,,,,,"",,,,,,,,,,"DEMOCRATIC LIARS",7,3,2,2,1,1,1,4,4,4,4,4,4,4,4,4,1,1,1,4,2,4,2,,1,0.6298
687,4,14,26,1,"FLORIDA",2,1,3,1,1,1,"NONE",10,3,4,4,4,4,4,2,1,,,,,,3,4,3,4,4,4,4,1,1,98,2,3,1,6,,3,98,4,2,2,1,1.1186
688,4,14,47,3,"FLORIDA",2,2,,,,,"",,,,,,,,,,"FIRST THEY CLAIMED ICE AGE, NOW GLOBAL WARMING",9,4,4,2,1,1,2,4,4,4,4,1,1,4,2,3,1,1,1,2,,2,1,3,2,1.457
689,4,14,74,4,"FLORIDA",2,98,,,,,"",,,,,,,,,,,,,,,98,2,1,2,4,98,4,2,2,98,2,2,1,2,,5,5,4,2,,1,0.517
690,4,14,51,3,"FLORIDA",2,1,3,1,1,1,"WARMER TEMPERATURES",2,2,2,3,3,2,2,2,2,,,,,,4,4,1,3,3,3,3,3,3,3,1,1,9,1,2,1,1,2,4,2,1,2.1714
691,4,14,50,3,"TENNESSEE",2,1,2,3,3,2,"WEATHER",3,1,1,2,2,1,3,2,2,,,,,,1,1,1,4,4,4,4,1,4,4,1,2,1,1,2,4,5,1,2,2,2,0.8554
692,4,14,60,3,"INDIANA",3,1,1,1,1,1,"DECREASE OF ICE CAPS",1,1,4,4,4,4,1,4,4,,,,,,4,4,4,1,1,4,1,1,1,1,1,1,1,,,5,5,1,5,,2,0.8084
693,4,14,82,4,"OHIO",3,1,1,1,1,1,"SUN IS MUCH HOTTER",10,1,1,4,2,1,1,3,2,,,,,,4,4,4,2,4,4,4,1,1,2,1,2,1,2,,3,1,2,1,2,1,0.6486
694,4,14,66,4,"OHIO",3,98,,,,,"",,,,,,,,,,,,,,,2,3,2,3,4,98,3,2,98,98,98,98,1,2,,2,3,,,,1,0.7332
695,4,14,65,4,"OHIO",3,1,2,3,2,2,"RESEARCH",4,2,3,2,4,2,4,4,4,,,,,,2,4,3,2,1,2,3,1,2,2,1,2,1,1,2,5,5,1,2,6,2,0.5264
696,4,14,43,2,"IOWA",3,1,2,3,2,1,"OZONE",10,2,3,3,2,3,2,2,2,,,,,,3,3,3,2,3,2,3,2,2,2,2,2,10,6,,4,5,1,5,,1,1.0998
697,4,14,50,3,"MINNESOTA",3,98,,,,,"",,,,,,,,,,,,,,,98,2,2,98,4,98,4,98,2,4,3,4,1,2,,4,5,2,1,6,2,0.6392
698,4,14,70,4,"MINNESOTA",3,1,1,2,4,2,"NONE",10,2,2,4,2,2,3,3,2,,,,,,4,2,1,4,4,4,4,3,2,4,2,1,1,1,1,2,1,,1,,1,0.7332
699,4,14,27,1,"ILLINOIS",3,1,1,3,1,1,"WEATHER",3,1,1,98,1,1,98,1,1,,,,,,4,4,3,98,4,98,4,1,98,98,1,1,5,4,,4,5,2,2,6,1,0.9118
700,4,14,73,4,"MISSOURI",3,2,,,,,"",,,,,,,,,,"ALL LIES",9,3,,2,2,2,2,4,4,4,4,98,3,3,3,3,1,2,,2,1,2,1,,1,0.7332
701,4,14,18,1,"KANSAS",3,1,1,3,3,2,"STATISTICS",4,1,1,1,98,1,1,2,2,,,,,,4,2,1,4,4,98,4,1,2,2,1,1,1,2,,2,5,,,,1,1.2032
702,4,14,28,1,"NEBRASKA",3,2,,,,,"",,,,,,,,,,"ALL FALSE",9,3,2,2,4,4,4,4,4,4,4,4,4,4,4,4,1,2,,,1,,,,1,1.1092
703,4,14,49,3,"LOUISIANA",2,1,1,3,1,1,"ALL THE BAD STORMS",3,1,2,4,1,3,1,2,1,,,,,,4,4,4,4,4,4,4,1,3,3,1,1,2,1,1,2,1,1,2,1,2,1.7108
704,4,14,55,3,"LOUISIANA",2,98,,,,,"",,,,,,,,,,,,,,,2,2,2,4,4,2,4,2,3,3,1,2,1,2,,3,1,1,3,4,2,0.94
705,4,14,75,4,"TEXAS",2,1,1,3,1,1,"TELEVISION",6,98,2,98,1,1,98,1,1,,,,,,4,2,1,2,2,2,2,1,4,4,1,1,1,1,1,2,2,1,1,3,2,0.987
706,4,14,89,4,"COLORADO",4,2,,,,,"",,,,,,,,,,"GOD DECIDES",6,3,4,4,1,1,1,4,4,4,4,2,4,2,1,1,1,1,2,2,1,1,2,2,1,0.7614
707,4,14,37,2,"IDAHO",4,2,,,,,"",,,,,,,,,,"CYCLCLE",2,4,2,1,1,1,1,4,4,3,4,98,98,98,2,4,1,2,,3,3,2,1,3,1,1.1468
708,4,14,21,1,"UTAH",4,1,1,3,1,1,"SCIENCE SEEMS TO BACK IT UP",4,1,3,2,3,2,3,2,2,,,,,,4,4,4,2,2,98,2,1,2,2,2,2,1,2,,3,6,,,,2,1.2878
709,4,14,99,5,"CALIFORNIA",4,1,2,3,1,98,"DIFFERENT WEATHER PHENOMENONS IN THE WORLD",3,2,2,2,2,2,2,2,2,,,,,,4,4,4,2,98,98,2,1,1,98,2,2,9,1,2,4,4,1,4,5,2,0.94
710,4,14,99,5,"CALIFORNIA",4,1,2,1,2,2,"DATA",4,2,2,2,2,2,2,2,2,,,,,,2,2,2,3,4,2,3,2,2,2,1,1,2,1,2,3,1,1,5,4,1,0.94
711,4,14,59,3,"CALIFORNIA",4,1,2,3,1,1,"DECLINING SEA LEVELS",11,1,3,4,2,3,1,3,2,,,,,,4,4,4,4,2,4,4,1,3,3,1,2,1,1,2,2,1,1,3,3,1,0.8836
712,4,14,47,3,"OREGON",4,1,1,1,1,1,"POLLUTION DESTROYING EARTH",8,1,1,1,1,1,1,1,1,,,,,,4,4,4,2,4,3,2,1,1,2,1,1,1,6,,4,1,2,1,4,1,1.034
713,4,14,69,4,"WASHINGTON",4,1,1,3,1,1,"HOLES IN OZONE LAYER",10,2,2,2,2,2,2,2,2,,,,,,4,4,3,1,2,2,2,1,2,1,2,2,1,2,,2,2,4,3,,1,0.7332
714,4,15,37,2,"ARKANSAS",2,1,2,3,98,2,"NONE",10,4,2,4,2,2,2,4,2,,,,,,4,4,4,4,4,98,3,2,98,98,2,2,1,1,1,1,1,4,1,1,2,1.3724
715,4,15,29,1,"ARIZONA",4,1,1,1,1,1,"SUN IS MUCH CLOSER",10,1,1,4,3,3,1,1,2,,,,,,4,4,4,4,4,2,4,1,2,2,1,1,1,1,2,2,1,4,2,2,1,1.2314
716,4,15,38,2,"CALIFORNIA",4,1,1,1,1,1,"EARTHQUAKES AND OTHER NATURAL DISASTERS",10,1,1,1,1,1,1,1,1,,,,,,4,4,4,1,3,1,3,1,1,1,1,1,1,1,2,3,1,4,4,3,2,1.3442
717,4,15,52,3,"CALIFORNIA",4,1,1,3,2,1,"NATURAL DISASTERS",3,2,3,4,1,4,2,1,1,,,,,,4,4,4,2,4,1,2,1,1,1,1,1,1,1,2,3,1,4,4,3,1,0.7708
718,4,15,65,4,"CALIFORNIA",4,1,2,98,2,2,"MEDIA",6,2,3,4,4,4,3,3,4,,,,,,2,98,1,4,4,4,4,2,3,4,2,2,1,1,2,5,1,1,3,3,1,0.5734
719,4,15,51,3,"CALIFORNIA",4,1,1,2,2,2,"MELTING",1,1,2,4,4,4,4,2,2,,,,,,3,3,3,4,4,2,4,1,4,3,1,4,1,1,2,4,5,1,3,,2,0.8272
720,4,15,29,1,"CALIFORNIA",4,1,1,1,1,1,"HOW SUN BURNS MY SKIN SO MUCH FASTER",10,2,1,4,3,4,1,3,3,,,,,,4,3,2,4,4,2,4,1,3,3,1,1,1,1,2,3,5,4,5,4,1,1.1186
721,4,15,44,2,"CALIFORNIA",4,1,2,98,1,1,"EVERYTHING HAS BEEN GETTING WARMER",2,1,2,4,98,2,2,2,2,,,,,,2,3,3,2,2,98,3,2,2,2,2,2,1,1,2,3,1,1,3,,1,1.0904
722,4,15,27,1,"CALIFORNIA",4,1,1,3,1,1,"EXTREME WEATHER  CHANGES",3,2,3,2,2,3,2,2,1,,,,,,4,4,4,1,2,2,2,1,2,1,2,2,1,1,2,4,5,1,4,,1,1.0058
723,4,16,75,4,"ARIZONA",4,1,1,3,3,2,"WEATHER",3,1,1,98,2,3,3,2,2,,,,,,4,3,1,4,4,4,4,4,4,4,2,2,1,1,2,2,2,2,2,5,1,0.705
724,4,16,50,3,"CALIFORNIA",4,1,1,3,1,1,"NEWS",6,1,2,2,3,3,1,3,2,,,,,,4,4,4,4,4,2,4,1,1,1,1,1,2,1,2,4,1,3,3,3,1,0.9964
725,4,16,34,2,"CALIFORNIA",4,1,2,3,1,1,"RECEDING OCEANS",11,1,4,4,2,4,1,4,3,,,,,,4,4,2,4,4,4,4,1,2,2,1,1,1,1,2,4,1,4,4,3,2,1.2596
726,4,16,29,1,"CALIFORNIA",4,1,1,3,1,1,"OZONE LAYER RECEDING ON COASTLINES",10,1,3,3,2,4,1,2,2,,,,,,4,4,4,2,4,2,4,1,1,1,1,1,1,1,2,3,1,4,3,2,2,1.316
